tree
version=v3
num_class=1
num_tree_per_iteration=1
label_index=0
max_feature_idx=19
objective=regression
feature_names=feature.splice_ensemble@AbSplice feature.splice_ensemble@MMSplice_SpliceMap_Psi_ref feature.vep@features.cadd_raw.max feature.vep@features.LoF_HC.proportion feature.vep@features.transcript_ablation.proportion feature.vep@features.stop_gained.proportion feature.vep@features.frameshift_variant.proportion feature.vep@features.coding_sequence_variant.proportion feature.vep@features.missense_variant.proportion feature.vep@features.inframe_deletion.proportion feature.vep@features.inframe_insertion.proportion feature.vep@features.stop_lost.proportion feature.vep@features.3_prime_UTR_variant.proportion feature.vep@features.5_prime_UTR_variant.proportion feature.vep@features.NMD_transcript_variant.proportion feature.vep@features.NMD_escaping_variant.proportion feature.vep@features.start_lost.proportion feature.vep@features.splice_donor_variant.proportion feature.vep@features.splice_acceptor_variant.proportion feature.vep@features.splice_region_variant.proportion
feature_infos=[0:0.22242152208318361] [-0.88927232728098271:0.31837650715409088] [-1.6282299757003784:11.2655029296875] [0:1] [0:0.1992882639169693] [0:0.98605990409851074] [0:1] [0:0.97427946329116821] [0:1.0024518966674805] [0:1] [0:1] [0:0.77729940414428711] [0:1.9255713224411011] [0:1.9133759737014771] [0:1] [0:0.99999994039535522] [0:1] [0:0.93575483560562134] [0:1] [0:1]
tree_sizes=2981 3016 3005 3034 3004 2980 3054 2973 3024 2958 3017 3012 2940 2973 3059 2933 3034 2991 3021 2925 2951 2962 2964 2916 2930 2983 2960 2925 2954 3029 2972 2945 2985 2948 2944 2947 2881 2912 2995 2892 2974 2924 2929 2864 2912 2880 2917 3027 2899 2904 2968 2884 2917 2884 2892 2860 2924 2951 2873 2895 2946 2864 2887 2925 2958 2915 2886 2935 2856 2881 2848 2890 2921 2926 2874 2954 2905 2858 2919 2865 2922 2910 2943 2936 2877 2899 2896 2962 2836 2899 2867 2914 2973 2928 2912 2851 2843 3050 2905 2933

Tree=0
num_leaves=31
num_cat=0
split_feature=3 4 3 0 0 11 7 15 0 0 3 0 2 15 5 5 6 0 1 14 6 19 14 6 2 3 3 6 2 2
split_gain=52910.3 14877.8 2623.95 2218.53 1967.11 1830.3 3860.85 1514.25 1823.52 1376.12 1158.96 1011.08 666.921 642.349 854.142 528.04 395.456 383.168 373.407 357.45 418.736 351.295 467.598 340.874 460.193 411.504 340.126 332.404 329.052 929.615
threshold=0.22048421949148181 1.0000000180025095e-35 0.72271147370338451 0.029216446485834453 6.5751636807462798e-06 0.15723580867052081 0.46194367110729223 0.21988103538751605 0.0031975020619471003 0.00062457601494615006 0.021004183217883114 3.7229454683717583e-05 4.1433904170989999 0.72313192486763012 0.65586459636688244 0.34849354624748236 1.0000000180025095e-35 6.9447146087407797e-05 -0.0022398011501233999 0.00269642286002636 0.91760551929473888 0.9193629026412965 0.09089644625782968 0.72271147370338451 4.1433904170989999 0.98685157299041759 0.82193505764007579 0.58556854724884044 0.10404749959707262 0.21489650011062625
decision_type=2 2 2 2 2 2 2 2 2 2 2 2 2 2 2 2 2 2 2 2 2 2 2 2 2 2 2 2 2 2
left_child=1 3 7 5 13 10 -7 8 11 12 18 15 17 14 23 16 -2 26 -1 -14 -21 -5 -23 -4 25 -25 -6 -13 -3 -30
right_child=2 28 4 21 9 6 -8 -9 -10 -11 -12 27 19 -15 -16 -17 -18 -19 -20 20 -22 22 -24 24 -26 -27 -28 -29 29 -31
leaf_value=-0.0011854469485790787 -0.070045404048448598 -0.47827689747679047 -0.095941355216334859 -0.047186783417959663 -0.44378908561739538 -0.0076622868880903954 -0.44490453547547609 -0.018230162378388353 -0.036883912731217411 -0.16455900220217959 -0.043988948648168325 -0.16696541074705051 -0.27894971990953255 -0.04894919129655706 -0.21809430914120068 -0.16578607313092047 -0.12545293596863855 -0.13573715127786423 0.0017414195266103254 -0.32741838071683921 -0.55354865874691417 -0.11232345063545172 -0.60485592017565726 -0.14472732343064657 -0.20327181802111416 -0.010915504659076878 -0.21411178218052118 -0.24140884294504844 0.19408536243375618 -0.41507764442588974
leaf_weight=438202 2238 557 1776 6730 89 693 285 1489 2002 2107 5546 3301 1547 675 1456 1717 3035 467 82615243 360 106 532 20 1016 1050 297 234 733 29 184
leaf_count=438202 2238 557 1776 6730 89 693 285 1489 2002 2107 5546 3301 1547 675 1456 1717 3035 467 82615243 360 106 532 20 1016 1050 297 234 733 29 184
internal_value=0.00166802 0.0017124 -0.141808 0.00171647 -0.17822 0.00172131 -0.13508 -0.113762 -0.124682 -0.22562 0.00172292 -0.140627 -0.27152 -0.1411 -0.152218 -0.11762 -0.101937 -0.193657 0.00172598 -0.302077 -0.378856 -0.0534771 -0.130169 -0.129044 -0.153923 -0.114459 -0.277397 -0.180492 -0.437852 -0.33214
internal_weight=0 8.3068e+07 25695 8.30673e+07 11180 8.306e+07 978 14515 13026 4910 8.3059e+07 11024 2803 6270 5595 6990 5273 790 8.30534e+07 2013 466 7282 552 4139 2363 1313 323 4034 770 213
internal_count=83093716 83068021 25695 83067251 11180 83059969 978 14515 13026 4910 83058991 11024 2803 6270 5595 6990 5273 790 83053445 2013 466 7282 552 4139 2363 1313 323 4034 770 213
is_linear=0
shrinkage=1


Tree=1
num_leaves=31
num_cat=0
split_feature=3 4 3 0 0 11 7 15 17 18 3 0 2 15 5 2 2 16 13 7 0 15 6 3 2 2 2 13 14 15
split_gain=42871.9 12051 1955.65 1777.62 1593.36 1482.53 3127.29 1241.56 1474.89 1385.46 1184.39 1114.66 540.206 520.303 691.855 498.176 341.547 344.402 325.617 330.009 322.679 321.43 315.878 310.345 293.886 474.593 752.988 455.105 289.535 354.319
threshold=0.24424228817224505 1.0000000180025095e-35 0.72271147370338451 0.029216446485834453 6.5751636807462798e-06 0.15723580867052081 0.46194367110729223 0.21988103538751605 0.21915384382009509 0.26619982719421392 0.021004183217883114 0.00062457601494615006 4.1433904170989999 0.72313192486763012 0.65586459636688244 3.7290139198303227 0.64090400934219371 0.57706825435161602 0.013766229618340732 0.74613162875175487 1.0000000180025095e-35 0.80477145314216625 0.72271147370338451 0.48933163285255438 -0.024914499372243878 0.10404749959707262 0.21489650011062625 0.64189010858535778 0.00269642286002636 1.0000000180025095e-35
decision_type=2 2 2 2 2 2 2 2 2 2 2 2 2 2 2 2 2 2 2 2 2 2 2 2 2 2 2 2 2 2
left_child=1 3 7 5 13 10 -7 8 9 15 16 12 22 14 -4 -2 -1 18 -18 -20 -16 -12 -6 -10 27 -26 -27 -3 -14 -30
right_child=2 24 4 -5 11 6 -8 -9 23 -11 21 -13 28 -15 20 -17 17 -19 19 -21 -22 -23 -24 -25 25 26 -28 -29 29 -31
leaf_value=0.00010490063194252218 -0.10611904674895185 -0.33857055555384319 -0.11764060268395718 -0.049123227303741773 0.013907897057412548 -0.0083972754209031657 -0.40191531088284888 -0.017659398087852118 0.0067935682536335671 -0.039039165890201878 -0.046089426144151548 -0.14960432509975063 -0.25255596659368396 -0.045555488591944734 -0.22307175727880485 -0.15873554375098198 -0.00054696764260094325 -0.066791158985684149 -0.0042872388881600295 -0.25384651467133806 -0.11013947844275336 0.2060142173668425 -0.19686984378111297 -0.075087097987319829 -0.482750995398669 0.17317560510388738 -0.37507109975482789 0.18230635996907951 -0.38688736656378653 -0.17128480075237651
leaf_weight=77792127 2461 104 4139 7353 79 693 285 1436 940 1439 6057 2107 1547 675 1130 6694 5023937 789 236539 53 326 51 711 912 433 29 184 20 370 96
leaf_count=77792127 2461 104 4139 7353 79 693 285 1436 940 1439 6057 2107 1547 675 1130 6694 5023937 789 236539 53 326 51 711 912 433 29 184 20 370 96
internal_value=0 3.94547e-05 -0.130771 4.31218e-05 -0.161899 4.74743e-05 -0.123073 -0.105703 -0.115861 -0.130254 4.8924e-05 -0.20456 -0.245869 -0.128491 -0.138497 -0.144591 5.21623e-05 -0.000727609 -0.0007177 -0.00434314 -0.197786 -0.0439844 -0.175792 -0.0335278 -0.395568 -0.422635 -0.300427 -0.254558 -0.273371 -0.342471
internal_weight=0 8.30687e+07 25062 8.30679e+07 11180 8.30605e+07 978 13882 12446 10594 8.30596e+07 4910 2803 6270 5595 9155 8.30534e+07 5.26132e+06 5.26053e+06 236592 1456 6108 790 1852 770 646 213 124 2013 466
internal_count=83093716 83068654 25062 83067884 11180 83060531 978 13882 12446 10594 83059553 4910 2803 6270 5595 9155 83053445 5261318 5260529 236592 1456 6108 790 1852 770 646 213 124 2013 466
is_linear=0
shrinkage=0.1


Tree=2
num_leaves=31
num_cat=0
split_feature=3 4 3 0 0 11 7 0 15 0 3 17 15 5 2 17 15 3 0 18 3 6 2 3 0 19 14 17 1 14
split_gain=34762.7 9761.38 1889.21 1438.89 1412.67 1200.87 2533.11 1008.75 1178.43 976.331 559.749 543.889 499.437 576.474 439.54 437.827 377.048 387.686 371.201 355.939 409.56 314.497 374.496 326.131 295.51 285.812 378.754 287.451 284.842 280.92
threshold=0.19669672846794131 1.0000000180025095e-35 0.68211069703102123 0.029216446485834453 7.5648036044634752e-06 0.15723580867052081 0.46194367110729223 0.014622739945749553 0.13225658982992175 0.00062457601494615006 0.021004183217883114 0.14669562131166461 0.56331124901771557 0.65586459636688244 3.7290139198303227 0.61531996726989757 0.33388794958591467 0.98685157299041759 6.3123604794373448e-05 0.0089980079792439955 0.31070631742477423 0.67914965748786937 4.1433904170989999 0.98685157299041759 0.00011787766154520002 0.9193629026412965 0.09089644625782968 0.90562623739242565 -0.004489063891515049 0.0090196239762008208
decision_type=2 2 2 2 2 2 2 2 2 2 2 2 2 2 2 2 2 2 2 2 2 2 2 2 2 2 2 2 2 2
left_child=1 3 7 5 12 10 -7 8 11 15 24 14 13 21 -2 16 17 18 -6 20 -16 -4 23 -23 -1 27 -27 -5 29 -20
right_child=2 -3 4 25 9 6 -8 -9 -10 -11 -12 -13 -14 -15 19 -17 -18 -19 28 -21 -22 22 -24 -25 -26 26 -28 -29 -30 -31
leaf_value=6.4690067074847567e-05 -0.082581786846329164 -0.3560112152110137 -0.073534612705020749 -0.037195037571268331 -0.30353706681478493 -0.0075575494763480359 -0.3617237689306862 -0.014399187739265322 -0.016607619490893497 -0.13270208579068915 -0.033766454597225021 -0.042702932292385434 -0.035674493831286555 -0.17358652169407165 -0.093290018734138447 0.091666914522647858 -0.1283137597222925 -0.1263823987312358 -0.22734856482276375 -0.062260688428856154 -0.15169475849249756 -0.11708488573583763 -0.16938556858925344 0.00043888821239937539 -0.0019582501271749654 -0.097680003603465626 -0.54095921531319624 -0.2965839908566586 -0.19730401112646789 -0.40668745035719545
leaf_weight=82324940 2591 770 1928 6629 817 693 285 1582 1518 2362 4896 1064 743 1624 1579 45 373 290 222 691 5011 1152 1152 297 728505 532 20 43 1218 144
leaf_count=82324940 2591 770 1928 6629 817 693 285 1582 1518 2362 4896 1064 743 1624 1579 45 373 290 222 691 5011 1152 1152 297 728505 532 20 43 1218 144
internal_value=0 3.6466e-05 -0.114726 3.97664e-05 -0.143223 4.36479e-05 -0.110765 -0.089617 -0.0991718 -0.181168 4.49526e-05 -0.110632 -0.113119 -0.122471 -0.117954 -0.217989 -0.222537 -0.235597 -0.248788 -0.130541 -0.137701 -0.104142 -0.12683 -0.0929962 4.69458e-05 -0.044588 -0.113741 -0.0388668 -0.22055 -0.297908
internal_weight=0 8.30673e+07 26403 8.30665e+07 12367 8.30593e+07 978 14036 12454 5471 8.30583e+07 10936 6896 6153 9872 3109 3064 2691 2401 7281 6590 4529 2601 1449 8.30534e+07 7224 552 6672 1584 366
internal_count=83093716 83067313 26403 83066543 12367 83059319 978 14036 12454 5471 83058341 10936 6896 6153 9872 3109 3064 2691 2401 7281 6590 4529 2601 1449 83053445 7224 552 6672 1584 366
is_linear=0
shrinkage=0.1


Tree=3
num_leaves=31
num_cat=0
split_feature=3 4 3 0 0 11 7 0 0 15 5 15 14 15 0 2 3 0 6 2 2 3 0 2 16 6 1 13 7 19
split_gain=28157.8 7906.72 1580.01 1245.76 1165.5 972.703 2100.42 928.911 794.352 556.972 608.609 556.816 525.68 492.288 490.715 613.147 453.444 369.079 359.022 376.703 349.455 337.264 320.036 293.245 319.233 291.914 276.748 276.217 323.111 274.397
threshold=0.19669672846794131 1.0000000180025095e-35 0.57249891757965099 7.5648036044634752e-06 0.029216446485834453 0.15723580867052081 0.07163399271667005 0.0031975020619471003 0.0031975020619471003 0.56331124901771557 0.52134644985198986 0.13225658982992175 0.057347327470779426 0.56331124901771557 6.2451215715937953e-05 3.7290139198303227 0.067786492407321944 1.0000000180025095e-35 0.54010647535324108 4.1433904170989999 0.43523900210857397 0.75704458355903637 3.9453280730888612e-05 1.6206545233726504 0.57706825435161602 0.58556854724884044 0.0007826589521061502 0.38115081191062933 0.74613162875175487 0.93326175212860119
decision_type=2 2 2 2 2 2 2 2 2 2 2 2 2 2 2 2 2 2 2 2 2 2 2 2 2 2 2 2 2 2
left_child=1 4 8 9 5 16 -7 13 11 10 18 22 -8 14 20 25 23 -12 -4 -20 -5 -15 -2 -1 27 -16 -23 -25 -29 -11
right_child=2 -3 3 7 -6 6 12 -9 -10 29 17 -13 -14 21 15 -17 -18 -19 19 -21 -22 26 -24 24 -26 -27 -28 28 -30 -31
leaf_value=6.7648760124271577e-05 -0.078790667576600096 -0.32041010055497487 -0.060760446987100064 -0.49270671999880244 -0.040129229464326122 0.0097161445158843712 -0.37622323480187636 -0.10326882265878751 -0.0072992982621336716 -0.018090575816033069 -0.17594998884891494 -0.017009572037395389 -0.10878890973127758 0.021427512176904001 0.071604234902188188 -0.19546620130491857 -0.036575151558156938 -0.071635520670319849 -0.082559772764772027 -0.15128572867828999 -0.23640574275793927 -0.094676930479976829 -0.11966782625514433 -0.0010698881575058998 -0.069335348853994117 -0.11418691372012815 -0.3029662643234397 -0.0089541982029456065 -0.41098618477582938 -0.33573254453284401
leaf_weight=81529716 5236 770 2362 56 7224 628 245 2287 1534 947 1620 1068 105 180 100 2334 3382 429 1864 1394 1063 247 3020 1480871 690 548 86 43662 20 28
leaf_count=81529716 5236 770 2362 56 7224 628 245 2287 1534 947 1620 1068 105 180 100 2334 3382 429 1864 1394 1063 247 3020 1480871 690 548 86 43662 20 28
internal_value=0 3.28191e-05 -0.103253 -0.123698 3.57895e-05 3.92828e-05 -0.0996889 -0.155381 -0.0739831 -0.0984038 -0.107455 -0.084954 -0.295993 -0.181211 -0.192763 -0.171573 4.04571e-05 -0.15411 -0.0904448 -0.111966 -0.249232 -0.0888564 -0.0937433 4.19481e-05 -0.00133184 -0.0855154 -0.148469 -0.00130107 -0.00913827 -0.0272126
internal_weight=0 8.30673e+07 26403 15545 8.30665e+07 8.30593e+07 978 6901 10858 8644 7669 9324 350 4614 4101 2982 8.30583e+07 2049 5620 3258 1119 513 8256 8.3055e+07 1.52524e+06 648 333 1.52455e+06 43682 975
internal_count=83093716 83067313 26403 15545 83066543 83059319 978 6901 10858 8644 7669 9324 350 4614 4101 2982 83058341 2049 5620 3258 1119 513 8256 83054959 1525243 648 333 1524553 43682 975
is_linear=0
shrinkage=0.1


Tree=4
num_leaves=31
num_cat=0
split_feature=3 4 17 15 18 2 0 3 11 7 3 0 3 6 12 0 6 6 19 1 0 0 2 8 3 14 1 1 7 15
split_gain=22847.5 6404.41 1190.47 1198.17 1156.84 1008.84 946.754 810.482 787.877 1702.09 628.996 481.222 412.813 412.726 379.039 354.48 335.666 306.567 335.899 310.37 299.721 412.514 298.345 295.487 265.374 268.686 260.958 260.822 253.55 252.364
threshold=0.24424228817224505 1.0000000180025095e-35 0.21915384382009509 0.33388794958591467 0.26619982719421392 4.1433904170989999 0.029216446485834453 0.72271147370338451 0.15723580867052081 0.28284921497106558 0.072617162019014372 3.0575672901077271e-05 0.48933163285255438 0.98685157299041759 0.48284983634948736 1.2666905803989707e-06 0.58556854724884044 0.81283089518547069 0.93326175212860119 0.0007826589521061502 2.3618336654080494e-05 6.3123604794373448e-05 1.2253984808921816 0.24501597136259082 0.72271147370338451 0.03829969838261605 -0.0022398011501233999 -0.0097486017193267483 0.28284921497106558 0.80477145314216625
decision_type=2 2 2 2 2 2 2 2 2 2 2 2 2 2 2 2 2 2 2 2 2 2 2 2 2 2 2 2 2 2
left_child=1 6 3 4 5 13 8 23 10 -10 26 15 -4 16 -11 -9 -2 18 -5 -19 -18 22 -22 -7 -6 -26 28 -13 -1 -12
right_child=2 -3 12 17 24 7 -8 11 9 14 29 27 -14 -15 -16 -17 20 19 -20 -21 21 -23 -24 -25 25 -27 -28 -29 -30 -31
leaf_value=-0.0023775282774926919 -0.066142863059815107 -0.28836908758914265 0.013442748789799381 -0.0082014163479174462 -0.024342599509092632 -0.12207061980881347 -0.035849738095005308 -0.16286907537643192 0.0052862001616151288 -0.096156932735878442 -0.039631997499914341 -0.11606807656304151 -0.062862738370043456 0.010186639262978081 -0.33711247416175144 -0.074905967063252019 -0.093562617503746365 -0.068511688579584742 -0.40159029432318427 -0.27741583452364543 -0.42286235914284059 -0.12194322899915278 -0.19743382949080018 -0.026082971443457854 -0.070709956587535247 -0.2162658152784756 5.0642873462611329e-05 -0.21867896409399323 -0.3274185126026472 0.22261869434166598
leaf_weight=438477 2168 770 940 1620 1451 5943 7353 1897 644 89 4436 284 2885 406 245 604 1582 583 22 81 86 645 185 339 1261 141 82616579 1939 24 37
leaf_count=438477 2168 770 940 1620 1451 5943 7353 1897 644 89 4436 284 2885 406 245 604 1582 583 22 81 86 645 185 339 1261 141 82616579 1939 24 37
internal_value=0 2.8803e-05 -0.0954655 -0.104715 -0.113005 -0.123418 3.14763e-05 -0.140423 3.46527e-05 -0.0897201 3.57096e-05 -0.171716 -0.0441105 -0.0865187 -0.272906 -0.141626 -0.0949333 -0.0366584 -0.0134722 -0.0939955 -0.11992 -0.165442 -0.268972 -0.116891 -0.0543217 -0.0853486 3.77291e-05 -0.20557 -0.00239532 -0.0374627
internal_weight=0 8.30687e+07 25062 21237 18931 16078 8.30679e+07 11006 8.30605e+07 978 8.30596e+07 4724 3825 5072 334 2501 4666 2306 1642 664 2498 916 271 6282 2853 1402 8.30551e+07 2223 438501 4473
internal_count=83093716 83068654 25062 21237 18931 16078 83067884 11006 83060531 978 83059553 4724 3825 5072 334 2501 4666 2306 1642 664 2498 916 271 6282 2853 1402 83055080 2223 438501 4473
is_linear=0
shrinkage=0.1


Tree=5
num_leaves=31
num_cat=0
split_feature=3 4 17 15 18 2 0 3 11 7 3 0 14 6 3 0 3 6 19 1 2 2 2 12 13 7 12 0 6 8
split_gain=18506.5 5187.57 964.28 970.52 937.039 843.065 766.871 658.354 638.18 1388.86 518.765 400.958 371.826 358.319 334.379 313.426 275.432 248.319 272.99 251.4 238.048 384.421 609.921 369.308 277.437 274.853 256.269 237.458 243.408 237.089
threshold=0.24424228817224505 1.0000000180025095e-35 0.21915384382009509 0.33388794958591467 0.26619982719421392 3.7290139198303227 0.029216446485834453 0.72271147370338451 0.15723580867052081 0.07163399271667005 0.021004183217883114 3.0575672901077271e-05 0.057347327470779426 0.98685157299041759 0.48933163285255438 1.2666905803989707e-06 0.62018048763275158 0.81283089518547069 0.85840713977813732 0.0007826589521061502 -0.024914499372243878 0.10404749959707262 0.21489650011062625 0.78986126184463512 0.29396729171276098 0.74613162875175487 0.21962033212184909 0.0039542978823803006 0.72271147370338451 0.24501597136259082
decision_type=2 2 2 2 2 2 2 2 2 2 2 2 2 2 2 2 2 2 2 2 2 2 2 2 2 2 2 2 2 2
left_child=1 6 3 4 5 13 8 29 10 -10 27 15 -11 16 -4 -9 -2 18 -5 -19 23 -22 -23 25 26 -3 -24 28 -1 -7
right_child=2 20 14 17 -6 7 -8 11 9 12 -12 -13 -14 -15 -16 -17 -18 19 -20 -21 21 22 24 -25 -26 -27 -28 -29 -30 -31
leaf_value=3.8138621004294164e-05 -0.054269830850709015 -0.14175803632344725 0.012098474809125889 -0.0069530101836789981 -0.048889540771052314 -0.10899529264095005 -0.032264762842035513 -0.14568085303186365 0.0082159109241225336 -0.30785047456812192 -0.029109905903034097 -0.18224449679358309 -0.082931582477121124 0.029730117888944342 -0.056576463320366976 -0.067340384813489543 -0.10739368287928525 -0.061660517850294909 -0.33358029152911445 -0.2496742555618654 -0.3379968460163158 0.25233708505743535 0.072868736387279476 -0.38740048163976426 -0.38264952397940655 0.24084066514457977 -0.25222882017764303 -0.0098331468097361124 -0.03047742828196999 -0.027807079642043105
leaf_weight=83026450 1941 57 940 1616 2853 6430 7353 2007 628 245 6108 2355 105 316 2885 685 1963 583 26 81 433 29 38 39 79 28 67 24381 2614 381
leaf_count=83026450 1941 57 940 1616 2853 6430 7353 2007 628 245 6108 2355 105 316 2885 685 1963 583 26 81 433 29 38 39 79 28 67 24381 2614 381
internal_value=0 2.59213e-05 -0.0859189 -0.0942435 -0.101705 -0.111076 2.83273e-05 -0.124737 3.1186e-05 -0.080748 3.21372e-05 -0.152109 -0.240375 -0.0726912 -0.0396995 -0.125747 -0.0809814 -0.0329926 -0.0121249 -0.0845959 -0.259532 -0.283892 -0.173905 -0.132623 -0.241085 -0.0157255 -0.134574 3.42804e-05 3.71779e-05 -0.104454
internal_weight=0 8.30687e+07 25062 21237 18931 16078 8.30679e+07 11858 8.30605e+07 978 8.30596e+07 5047 350 4220 3825 2692 3904 2306 1642 664 770 646 213 124 184 85 105 8.30534e+07 8.30291e+07 6811
internal_count=83093716 83068654 25062 21237 18931 16078 83067884 11858 83060531 978 83059553 5047 350 4220 3825 2692 3904 2306 1642 664 770 646 213 124 184 85 105 83053445 83029064 6811
is_linear=0
shrinkage=0.1


Tree=6
num_leaves=31
num_cat=0
split_feature=3 4 3 0 15 17 1 18 11 7 1 1 3 2 0 5 14 0 15 5 2 19 19 14 17 16 2 3 2 0
split_gain=15011.6 4201.96 981.918 614.931 608.575 677.3 561.511 518.098 516.938 1124.98 466.594 363.952 345.448 315.094 312.812 307.122 301.179 277.554 293.263 310.216 245.404 278.884 242.536 306.507 235.943 219.953 261.465 214.493 212.44 209.861
threshold=0.17585674673318866 1.0000000180025095e-35 0.75704458355903637 0.029216446485834453 0.13225658982992175 0.14669562131166461 -1.0000000180025095e-35 0.0089980079792439955 0.15723580867052081 0.07163399271667005 -0.011087464974422199 0.00053030519127070014 0.27964606881141668 3.7290139198303227 3.3358789275249306e-05 0.067786492407321944 0.057347327470779426 8.987967182950911e-05 1.0000000180025095e-35 0.72313192486763012 0.85109150409698497 0.71420341730117809 0.9193629026412965 0.09089644625782968 0.90562623739242565 0.57706825435161602 3.7290139198303227 1.0000000180025095e-35 -0.10234300047159194 6.0287021694907719e-05
decision_type=2 2 2 2 2 2 2 2 2 2 2 2 2 2 2 2 2 2 2 2 2 2 2 2 2 2 2 2 2 2
left_child=1 3 4 8 5 7 10 12 20 -10 -4 17 -2 -13 -14 22 -11 18 19 -8 -1 25 24 -24 28 27 -27 -22 -5 -16
right_child=2 -3 6 15 -6 -7 11 -9 9 16 -12 13 14 -15 29 -17 -18 -19 -20 -21 21 -23 23 -25 -26 26 -28 -29 -30 -31
leaf_value=6.7395634772517008e-05 -0.045269292007856357 -0.23357896768923414 -0.092828209996508482 0.30432775996625427 -0.0056141372479127372 -0.01762488505934777 -0.074200872757743203 -0.026433494004803899 0.0073943199952812219 -0.27706542797538697 -0.17013600969280826 -0.054871328017459468 -0.074950972105126287 -0.1845628296559399 -0.16280878454079131 -0.3540418215352914 -0.074638421625963278 0.029117173626679583 -0.028537484399521324 -0.13194306099744199 -0.00064278597809609489 -0.010476171888948217 -0.077245131570731637 -0.47603892907500267 -0.25610121793850044 -0.03687106174757699 -0.24963811128843752 -0.022131073523705382 -0.022086050492393362 -0.10232087572051816
leaf_weight=79262715 1904 770 1454 20 1845 2390 3614 1830 628 245 1686 273 4843 597 689 29 105 247 958 1253 3760387 29288 530 20 43 694 63 4651 6521 3424
leaf_count=79262715 1904 770 1454 20 1845 2390 3614 1830 628 245 1686 273 4843 597 689 29 105 247 958 1253 3760387 29288 530 20 43 694 63 4651 6521 3424
internal_value=0 2.42354e-05 -0.0745428 2.64009e-05 -0.0598261 -0.0664588 -0.0992481 -0.0756561 2.89276e-05 -0.0726732 -0.134338 -0.0833762 -0.0839505 -0.143867 -0.0921739 -0.0292722 -0.216337 -0.0747091 -0.0791117 -0.0890665 2.97836e-05 -0.000755767 -0.027952 -0.0917467 -0.0226229 -0.000680168 -0.0545782 -0.000669331 -0.021088 -0.112454
internal_weight=0 8.30667e+07 27007 8.30659e+07 16925 15080 10082 12690 8.30588e+07 978 3140 6942 10860 870 8956 7163 350 6072 5825 4867 8.30578e+07 3.79508e+06 7134 550 6584 3.7658e+06 757 3.76504e+06 6541 4113
internal_count=83093716 83066709 27007 83065939 16925 15080 10082 12690 83058776 978 3140 6942 10860 870 8956 7163 350 6072 5825 4867 83057798 3795083 7134 550 6584 3765795 757 3765038 6541 4113
is_linear=0
shrinkage=0.1


Tree=7
num_leaves=31
num_cat=0
split_feature=3 4 3 0 0 0 0 11 7 15 7 15 6 14 6 15 5 14 12 0 5 14 0 2 0 19 12 17 15 1
split_gain=12163.2 3403.6 879.657 652.821 519.21 468.789 448.671 416.023 922.168 347.181 323.486 305.929 304.677 278.571 318.989 258.649 297.936 247.599 239.458 236.178 232.287 225.685 236.161 213.568 234.522 337.881 267.537 255.112 209.786 206.894
threshold=0.1594779044389725 1.0000000180025095e-35 0.57249891757965099 6.5751636807462798e-06 0.0039542978823803006 6.3123604794373448e-05 0.0021402018536994505 0.15723580867052081 0.46194367110729223 0.019555250182747844 0.011934864800423385 0.13225658982992175 0.58556854724884044 0.0028804602334275846 0.91760551929473888 0.56331124901771557 0.52134644985198986 0.034605244174599654 0.26789896190166479 1.0000000180025095e-35 0.5839887559413911 0.034605244174599654 0.00017566708744820003 3.343134999275208 0.070650786016459965 0.44704665243625646 0.25734108686447149 0.90562623739242565 0.56331124901771557 -0.03362212212173319
decision_type=2 2 2 2 2 2 2 2 2 2 2 2 2 2 2 2 2 2 2 2 2 2 2 2 2 2 2 2 2 2
left_child=1 4 6 15 7 9 11 -1 -9 12 13 17 -5 20 21 16 -4 -2 -19 -18 -7 22 28 -6 -25 27 -27 29 -15 -26
right_child=2 -3 3 5 23 10 -8 8 -10 -11 -12 -13 -14 14 -16 -17 19 18 -20 -21 -22 -23 -24 24 25 26 -28 -29 -30 -31
leaf_value=2.9610848695390207e-05 -0.070020529347507063 -0.2102210662105157 -0.058141546186860862 -0.10736715578722121 -0.009151395879979287 -0.069484834932142622 0.00010650070844333835 -0.0027893639365514822 -0.21661528016546772 -0.037894590886955591 0.052274383356794719 -0.0065456721942891609 -0.21906272260672299 -0.12705246858919661 -0.31134895235876142 -0.015351453488692641 -0.12011801865313312 -0.020063745796947492 -0.12748266313835208 -0.036284075336276013 -0.12259744245344469 -0.08062012667730406 -0.20210737052303532 -0.017749492842634877 -0.0066606537178791145 -0.10746294771844987 -0.47033910410744806 -0.37629596758633854 0.15091516624229986 -0.31746150052005595
leaf_weight=83032771 6768 770 5618 368 26553 3028 1787 690 285 199 150 1188 726 102 97 975 1620 1967 232 424 1131 618 452 3662 810 625 21 20 37 22
leaf_count=83032771 6768 770 5618 368 26553 3028 1787 690 285 199 150 1188 726 102 97 975 1620 1967 232 424 1131 618 452 3662 810 625 21 20 37 22
internal_value=0 2.20089e-05 -0.0665103 -0.08219 2.39578e-05 -0.105104 -0.0461 2.88438e-05 -0.0652923 -0.15939 -0.0926035 -0.0542311 -0.181491 -0.09658 -0.13687 -0.0638627 -0.0700359 -0.0605487 -0.0313967 -0.102728 -0.0839283 -0.122871 -0.167052 -0.012769 -0.0313847 -0.0647174 -0.119259 -0.0233629 -0.0530611 -0.0148789
internal_weight=0 8.30662e+07 27487 15545 8.30655e+07 6908 11942 8.30337e+07 975 1293 5615 10155 1094 5465 1306 8637 7662 8967 2199 2044 4159 1209 591 31713 5160 1498 646 852 139 832
internal_count=83093716 83066229 27487 15545 83065459 6908 11942 83033746 975 1293 5615 10155 1094 5465 1306 8637 7662 8967 2199 2044 4159 1209 591 31713 5160 1498 646 852 139 832
is_linear=0
shrinkage=0.1


Tree=8
num_leaves=31
num_cat=0
split_feature=3 4 3 0 1 1 0 11 7 15 17 18 1 14 15 1 1 2 8 0 14 0 15 5 7 3 13 2 7 14
split_gain=9854.13 2756.91 686.559 421.986 419.898 396.256 340.197 339.529 760.471 309.05 370.805 295.365 352.533 306.941 282.62 268.03 248.731 268.775 238.53 232.248 230.667 214.118 211.724 215.589 208.762 221.14 203.215 214.063 220.209 196.743
threshold=0.17585674673318866 1.0000000180025095e-35 0.75704458355903637 0.0039542978823803006 1.0000000180025095e-35 -1.0000000180025095e-35 0.00062457601494615006 0.15723580867052081 0.07163399271667005 0.13225658982992175 0.21915384382009509 0.61783882975578319 -0.13604505617114263 0.13486685603857043 0.019555250182747844 0.0020862498783650002 0.00053030519127070014 2.0711144208908085 0.19026243686676028 8.987967182950911e-05 0.065696332603693022 0.00088545100318140012 1.0000000180025095e-35 0.72313192486763012 0.28284921497106558 0.34340474009513861 0.12944587320089343 1.8119350075721743 0.74613162875175487 0.0023713601985946302
decision_type=2 2 2 2 2 2 2 2 2 2 2 2 2 2 2 2 2 2 2 2 2 2 2 2 2 2 2 2 2 2
left_child=1 3 4 7 9 6 -4 26 -9 10 11 18 13 -13 -6 -16 19 -18 24 22 -10 -8 23 29 25 -2 -1 -28 -29 -7
right_child=2 -3 5 -5 14 16 21 8 20 -11 -12 12 -14 -15 15 -17 17 -19 -20 -21 -22 -23 -24 -25 -26 -27 27 28 -30 -31
leaf_value=3.5927260087105021e-05 -0.042419264410668879 -0.18919895932888733 -0.14384695206102893 -0.011498123142866364 -0.10976856748184723 -0.050092315756420917 0.065171463485351022 0.0069356177920723268 -0.22979783191179057 -0.0012984886927446078 -0.010572232471585735 -0.086051666213809941 0.026044050590485465 -0.5094471025466919 -0.2058030740935998 0.029959037707214101 0.013114032897173911 -0.14133826469684405 0.010123745676590711 0.034420180338149024 -0.052156955888494852 -0.087422229053101583 -0.021610154096503298 -0.10878427324079164 0.090133795824790891 -0.074940314799497754 -0.001457976545601064 -0.0088187637615633335 -0.31832264571086222 -0.11222195271041407
leaf_weight=82732339 3067 770 1551 31788 1588 3000 98 628 246 1628 2265 119 771 20 58 286 133 737 465 247 104 1491 958 1253 88 6570 256441 44370 23 614
leaf_count=82732339 3067 770 1551 31788 1588 3000 98 628 246 1628 2265 119 771 20 58 286 133 737 465 247 104 1491 958 1253 88 6570 256441 44370 23 614
internal_value=0 1.96356e-05 -0.0603949 2.13896e-05 -0.0480891 -0.0810531 -0.110531 2.57997e-05 -0.0588947 -0.042435 -0.0474458 -0.0549701 -0.000383656 -0.146972 -0.0919673 -0.00979155 -0.0677198 -0.117727 -0.0598448 -0.0605548 -0.177013 -0.0780112 -0.0645821 -0.0730405 -0.0631903 -0.0645904 2.64936e-05 -0.00256784 -0.00897912 -0.0606478
internal_weight=0 8.30667e+07 27007 8.30659e+07 16925 10082 3140 8.30342e+07 978 14993 13365 11100 910 139 1932 344 6942 870 10190 6072 350 1589 5825 4867 9725 9637 8.30332e+07 300834 44393 3614
internal_count=83093716 83066709 27007 83065939 16925 10082 3140 83034151 978 14993 13365 11100 910 139 1932 344 6942 870 10190 6072 350 1589 5825 4867 9725 9637 83033173 300834 44393 3614
is_linear=0
shrinkage=0.1


Tree=9
num_leaves=31
num_cat=0
split_feature=3 4 17 2 15 7 3 6 6 0 1 1 11 7 3 15 19 6 12 18 1 8 18 2 2 2 12 11 13 12
split_gain=7997.6 2233.07 593.627 504.579 524.8 507.344 442.163 355.842 298.862 292.83 286.751 415.863 276.113 627.01 267.574 225.636 217.482 210.099 242.539 206.81 287.972 205.521 199.051 193.235 324.325 494.036 268.618 279.99 224.766 200.152
threshold=0.27964606881141668 1.0000000180025095e-35 0.21915384382009509 4.1433904170989999 0.33388794958591467 0.011934864800423385 0.021004183217883114 0.81283089518547069 0.26424887776374822 0.029216446485834453 -0.00037245852377104991 -0.0004251452546252499 0.15723580867052081 0.07163399271667005 0.48933163285255438 0.80477145314216625 0.93326175212860119 0.98685157299041759 0.054830383509397514 0.0089980079792439955 -0.019336473726990048 0.27517622709274298 0.7019123136997224 -0.0028364999452605839 0.10404749959707262 0.21489650011062625 0.78986126184463512 1.0000000180025095e-35 0.33344189822673803 0.21962033212184909
decision_type=2 2 2 2 2 2 2 2 2 2 2 2 2 2 2 2 2 2 2 2 2 2 2 2 2 2 2 2 2 2
left_child=1 6 3 8 5 7 9 19 -2 12 11 -10 -1 -14 -4 22 -6 18 -12 20 -5 -22 -8 26 -25 -26 27 -3 29 -27
right_child=2 23 14 4 16 -7 15 -9 10 -11 17 -13 13 -15 -16 -17 -18 -19 -20 -21 21 -23 -24 24 25 28 -28 -29 -30 -31
leaf_value=2.2802760683560523e-05 0.018655365078487914 -0.060122806413830082 0.031334878352981189 0.0027699549687302087 -0.0040378343147520878 0.096040894578909505 -0.023497932903548905 -0.12655601821830173 -0.084449518630291306 -0.020765544954404139 -0.05180191223691976 -0.39921004926277837 0.0067865176367400311 -0.16058770624779295 -0.034712866564374903 0.18176524335856745 -0.32152333442460407 0.023179033618746042 0.053362582624360028 -0.048932685897205223 -0.090880885274460685 -0.020146782246986128 -0.17068822073740186 -0.24476350569532995 0.29040327728565396 0.12124015435051078 -0.28536053238770903 0.3587292495928705 -0.28251984973366445 -0.16370603861426242
leaf_weight=83053445 738 79 779 371 1120 160 7608 1643 912 6777 4007 44 624 349 2885 53 22 489 232 2161 8001 433 93 419 29 39 39 20 78 67
leaf_count=83053445 738 79 779 371 1120 160 7608 1643 912 6777 4007 44 624 349 2885 53 22 489 232 2161 8001 433 93 419 29 39 39 20 78 67
internal_value=0 1.66749e-05 -0.0577216 -0.0643982 -0.0751016 -0.0809102 1.82535e-05 -0.0831556 -0.0412132 2.04826e-05 -0.0489864 -0.0989364 2.21787e-05 -0.053248 -0.0206705 -0.0238603 -0.010154 -0.0388865 -0.0460463 -0.0766531 -0.0834564 -0.0872494 -0.0252755 -0.170279 -0.193688 -0.093215 -0.0630737 0.0244938 -0.153677 -0.0588673
internal_weight=0 8.30697e+07 23997 20333 13911 12769 8.30689e+07 12609 6422 8.30612e+07 5684 956 8.30544e+07 973 3664 7754 1142 4728 4239 10966 8805 8434 7701 770 632 213 138 99 184 106
internal_count=83093716 83069719 23997 20333 13911 12769 83068949 12609 6422 83061195 5684 956 83054418 973 3664 7754 1142 4728 4239 10966 8805 8434 7701 770 632 213 138 99 184 106
is_linear=0
shrinkage=0.1


Tree=10
num_leaves=31
num_cat=0
split_feature=3 4 3 0 0 0 1 5 2 2 7 11 7 15 14 6 2 13 2 13 19 1 8 7 14 0 0 0 14 17
split_gain=6489.66 1808.81 541.336 425.701 311.971 307.904 294.826 290.983 270.068 252.253 230.304 220.487 510.203 215.58 212.196 230.561 210.803 215.425 195.097 274.39 209.216 203.716 225.118 192.414 189.68 195.277 185.78 371.046 266.306 207.354
threshold=0.1594779044389725 1.0000000180025095e-35 0.57249891757965099 7.5648036044634752e-06 0.029216446485834453 6.2451215715937953e-05 -0.019336473726990048 0.067786492407321944 0.029376999475061897 3.343134999275208 0.011934864800423385 0.15723580867052081 0.46194367110729223 0.019555250182747844 0.0028804602334275846 0.91760551929473888 3.7290139198303227 0.0019088636618107559 1.8839390277862551 0.38115081191062933 0.71420341730117809 -0.13604505617114263 0.12666285783052447 0.74613162875175487 0.034605244174599654 0.00017566708744820003 0.070650786016459965 0.014622739945749553 0.10341256484389307 0.61531996726989757
decision_type=2 2 2 2 2 2 2 2 2 2 2 2 2 2 2 2 2 2 2 2 2 2 2 2 2 2 2 2 2 2
left_child=1 4 6 -4 11 8 9 -6 -5 -2 14 18 -13 -10 -7 24 -8 -18 -1 20 -20 -22 -23 -21 25 -16 27 -11 29 -29
right_child=2 -3 3 5 7 10 16 -9 13 26 -12 12 -14 -15 15 -17 17 -19 19 23 21 22 -24 -25 -26 -27 -28 28 -30 -31
leaf_value=3.7281669624402529e-05 -0.12740293943538114 -0.15325115490384067 -0.046096064946428053 -0.3365401286827891 -0.019688754838873196 -0.06168613883464022 -0.015259933754422819 -0.35484064313081598 -0.13238334539934471 -0.0093302069199897014 0.052894631447969014 -0.0010438768479268576 -0.16009131715224501 -0.018350587985619452 -0.032822988955505034 -0.2562128397530502 -0.043432664766136865 -0.11657024236544269 -0.00091370801893629898 -0.011337373462245559 0.071910002799670567 -0.043249869486012275 -0.0091390735262895564 -0.32163168959319594 -0.057240491892470352 -0.16835537808715464 -0.010204575933999559 0.16798084105871972 -0.014664489645766068 0.46642236599215758
leaf_weight=81996596 130 770 8644 57 7095 4171 2757 26 1019 335 150 690 285 198 139 97 7086 427 1022078 25453 273 2368 10575 20 618 452 938 169 73 27
leaf_count=81996596 130 770 8644 57 7095 4171 2757 26 1019 335 150 690 285 198 139 97 7086 427 1022078 25453 273 2368 10575 20 618 452 938 169 73 27
internal_value=0 1.60762e-05 -0.048582 -0.0608822 1.7497e-05 -0.079403 -0.0325707 -0.0209125 -0.123795 0.00637067 -0.0693522 1.92914e-05 -0.0475347 -0.113831 -0.0727002 -0.107876 -0.0389105 -0.0475894 1.98496e-05 -0.00132764 -0.00107536 -0.0135767 -0.0153798 -0.011581 -0.0959749 -0.136479 0.0176486 0.060904 0.14837 0.209093
internal_weight=0 8.30662e+07 27487 15545 8.30655e+07 6901 11942 7121 1274 1672 5627 8.30583e+07 975 1217 5477 1306 10270 7513 8.30574e+07 1.06077e+06 1.03529e+06 13216 12943 25473 1209 591 1542 604 269 196
internal_count=83093716 83066229 27487 15545 83065459 6901 11942 7121 1274 1672 5627 83058338 975 1217 5477 1306 10270 7513 83057363 1060767 1035294 13216 12943 25473 1209 591 1542 604 269 196
is_linear=0
shrinkage=0.1


Tree=11
num_leaves=31
num_cat=0
split_feature=3 4 17 0 3 18 0 2 15 3 15 0 0 2 14 12 1 5 19 6 2 6 11 7 15 1 0 3 14 1
split_gain=5274.39 1465.12 459.342 400.513 306.689 297.737 257.005 285.507 284.659 248.147 240.521 263.29 239.906 227.69 233.535 270.568 218.867 217.08 211.004 189.583 188.08 186.981 197.132 408.234 186.838 198.736 214.521 186.082 182.506 180.009
threshold=0.27964606881141668 1.0000000180025095e-35 0.21915384382009509 3.0575672901077271e-05 1.0000000180025095e-35 0.26619982719421392 1.0000000180025095e-35 4.1433904170989999 0.40589234232902532 0.9252023994922639 0.019555250182747844 6.1438852055511477e-05 0.0023825874081039003 0.45193150639534002 0.003831340000033379 0.042662667110562331 -0.058934122107042346 0.65586459636688244 0.85840713977813732 0.58556854724884044 -1.0000000180025095e-35 0.72271147370338451 0.15723580867052081 0.07163399271667005 0.066122770309448256 -0.00027652748235769994 9.6391946023415657e-05 0.48933163285255438 0.057347327470779426 -0.0011638511559259497
decision_type=2 2 2 2 2 2 2 2 2 2 2 2 2 2 2 2 2 2 2 2 2 2 2 2 2 2 2 2 2 2
left_child=1 4 3 6 12 10 7 13 9 -9 11 19 21 -2 -15 17 -7 -16 -10 -5 -13 22 -1 -24 -6 26 -26 -4 -25 -8
right_child=2 -3 27 5 24 16 29 8 18 -11 -12 20 -14 14 15 -17 -18 -19 -20 -21 -22 -23 23 28 25 -27 -28 -29 -30 -31
leaf_value=2.2216357196342876e-05 -0.061785646908238116 -0.13792604012287815 0.029085600862237139 -0.087873492111373228 -0.02228043022420173 -0.052420039552718248 -0.24830446358649963 -0.056858246667275791 0.02768934956797231 -0.11115757246580181 -0.038642230744324477 0.15080775628621515 -0.0072347942832642455 0.012359013029333531 -0.080333183184662399 0.085773980335798125 0.036687958154936584 -0.40252053033221852 -0.27052099430561066 -0.16258866367689959 -0.075526844367068982 -0.026476718640345571 0.0063573500652065774 -0.17887441116293556 -0.22453354191231101 0.054615487562056399 0.0081398709404927033 -0.025993639692483375 -0.02119962029226978 -0.0055577309378427239
leaf_weight=83010300 1079 770 779 710 8664 863 31 4543 466 1033 1383 37 45596 1701 423 100 405 22 25 651 4764 2663 560 244 57 630 130 2885 105 2097
leaf_count=83010300 1079 770 779 710 8664 863 31 4543 466 1033 1383 37 45596 1701 423 100 405 22 25 651 4764 2663 560 244 57 630 130 2885 105 2097
internal_value=0 1.35418e-05 -0.0468754 -0.0527485 1.48205e-05 -0.0687947 -0.0404729 -0.0475826 -0.06049 -0.0669176 -0.0763297 -0.0847883 1.68733e-05 -0.024031 -0.00589328 -0.0628605 -0.0239589 -0.0962615 0.0125055 -0.123612 -0.0737825 2.08564e-05 2.17064e-05 -0.046547 -0.0179696 0.0277448 -0.062782 -0.0142833 -0.131436 -0.00909399
internal_weight=0 8.30697e+07 23997 20333 8.30689e+07 8813 11520 9392 6067 5576 7545 6162 8.30595e+07 3325 2246 545 1268 445 491 1361 4801 8.30139e+07 8.30112e+07 909 9481 817 187 3664 349 2128
internal_count=83093716 83069719 23997 20333 83068949 8813 11520 9392 6067 5576 7545 6162 83059468 3325 2246 545 1268 445 491 1361 4801 83013872 83011209 909 9481 817 187 3664 349 2128
is_linear=0
shrinkage=0.1


Tree=12
num_leaves=31
num_cat=0
split_feature=3 4 3 15 1 1 0 8 1 9 14 14 19 14 12 6 0 0 7 11 7 12 13 2 2 2 13 13 2 6
split_gain=4283.09 1186.77 465.186 302.37 258.719 253.5 207.616 204.814 198.639 195.888 203.317 195.624 185.281 204.985 192.131 185.037 180.619 172.723 168.092 163.508 468.833 187.648 194.793 159.459 253.385 401.143 252.906 184.207 167.25 159.266
threshold=0.072617162019014372 1.0000000180025095e-35 0.75704458355903637 0.13225658982992175 1.0000000180025095e-35 -1.0000000180025095e-35 0.0039542978823803006 0.14415100216865542 -0.0017183350535578997 0.22492027282714847 0.044482378289103515 0.011766261886805298 0.92363363504409801 0.18440888822078708 0.18582776933908465 0.98685157299041759 5.7889866827548184e-05 0.00065626417387035013 0.28284921497106558 1.0000000180025095e-35 0.07163399271667005 0.97636666893959057 0.24307985603809359 -0.024914499372243878 0.10404749959707262 0.19816600531339648 0.64189010858535778 0.62481653690338146 2.0711144208908085 0.91760551929473888
decision_type=2 2 2 2 2 2 2 2 2 2 2 2 2 2 2 2 2 2 2 2 2 2 2 2 2 2 2 2 2 2
left_child=1 6 3 4 7 8 19 9 11 18 -11 15 -8 -14 -15 -4 -6 -10 -2 -1 -21 22 -22 26 -25 -26 -3 28 -27 -13
right_child=2 23 5 -5 16 -7 12 -9 17 10 -12 29 13 14 -16 -17 -18 -19 -20 20 21 -23 -24 24 25 27 -28 -29 -30 -31
leaf_value=1.8606042921373667e-05 -0.033430573139828466 -0.082892665800710141 -0.059317563657525524 0.0069953038903845305 -0.13424976450780324 -0.044608980634355179 -0.0064262212754038249 0.024544839210925033 -0.14201949455171872 0.02213276902776818 0.40806253433227541 -0.1064150335318161 -0.036426440159129179 -0.051545019938864491 -0.4744195552099319 0.1353332223445177 -0.053624835487413973 0.12149724266850032 0.048453027961465223 0.00090225224482317972 -0.056303547008828593 -0.25790403518716204 -0.22096952605704942 -0.18799691834692966 0.29797403493097852 0.063810420811124563 0.3053996889293194 -0.22901101598143578 -0.19550092857527107 -0.29286137718074728
leaf_weight=83029307 14867 104 2099 2098 335 6942 29895 686 574 43 20 338 1411 22 21 50 1629 26 255 1658 464 68 85 433 28 72 20 75 38 53
leaf_count=83029307 14867 104 2099 2098 335 6942 29895 686 574 43 20 338 1411 22 21 50 1629 26 255 1658 464 68 85 433 28 72 20 75 38 53
internal_value=0 1.36487e-05 -0.0377686 -0.0289148 -0.033139 -0.0552734 1.47995e-05 -0.0289022 -0.0788507 -0.0313167 0.14465 -0.0666263 -0.00812168 -0.0429811 -0.258065 -0.0547887 -0.0673771 -0.1306 -0.0320498 1.78715e-05 -0.0267907 -0.101207 -0.0817983 -0.124133 -0.144071 -0.0547758 -0.0202649 -0.108165 -0.0257699 -0.131688
internal_weight=0 8.30637e+07 30015 19933 17835 10082 8.30629e+07 15871 3140 15185 63 2540 31349 1454 43 2149 1964 600 15122 8.30316e+07 2275 617 549 770 646 213 124 185 110 391
internal_count=83093716 83063701 30015 19933 17835 10082 83062931 15871 3140 15185 63 2540 31349 1454 43 2149 1964 600 15122 83031582 2275 617 549 770 646 213 124 185 110 391
is_linear=0
shrinkage=0.1


Tree=13
num_leaves=31
num_cat=0
split_feature=3 4 7 2 6 15 17 12 3 6 6 1 7 12 19 3 12 19 15 0 0 12 15 14 16 1 17 18 3 14
split_gain=3516.13 961.261 350.803 297.423 352.327 284.462 327.307 222.153 222.088 218.099 201.054 188.692 182.919 182.467 174.263 167.317 163.733 158.4 157.765 151.232 287.033 181.221 145.355 144.041 140.85 162.95 140.637 140.022 247.235 572.24
threshold=0.31070631742477423 1.0000000180025095e-35 0.011934864800423385 4.1433904170989999 0.81283089518547069 0.33388794958591467 0.37069971859455114 0.16141875833272937 1.0000000180025095e-35 1.0000000180025095e-35 0.98685157299041759 -0.0022398011501233999 0.74613162875175487 0.93283498287200939 0.96679237484931957 0.98685157299041759 0.054830383509397514 0.85840713977813732 0.80477145314216625 5.9082915430927562e-05 6.215482713812507e-05 0.038135366514325149 0.0063950831536203631 0.043810537084937103 0.57706825435161602 -0.0054149958129167996 0.90562623739242565 0.61783882975578319 0.57249891757965099 0.17671746015548709
decision_type=2 2 2 2 2 2 2 2 2 2 2 2 2 2 2 2 2 2 2 2 2 2 2 2 2 2 2 2 2 2
left_child=1 8 3 9 5 6 14 -4 11 26 16 12 24 18 27 19 -11 -7 -10 -6 -21 -22 -18 -8 -1 -26 -2 -5 -29 -30
right_child=2 -3 7 4 15 17 23 -9 13 10 -12 -13 -14 -15 -16 -17 22 -19 -20 20 21 -23 -24 -25 25 -27 -28 28 29 -31
leaf_value=-0.0019971292655754564 0.034369768063535165 -0.11172009205082795 0.025546641494959357 -0.061082071876267345 -0.080746340314691467 0.016206131283901037 -0.024259289609240297 0.30573063994447391 -0.014838109712664424 -0.041487611335309788 0.027561217569943765 2.4751304725773061e-05 -0.21860210054960008 -0.28999036938572925 0.081448409001352973 -0.028604478544027159 0.067288678988814354 -0.23885122006386519 0.15497626117007302 -0.38388404272338184 -0.14671058798687736 0.049470296853555827 -0.18244311763690069 0.047820120839217606 0.0058232018762889009 -0.25612739330910622 -0.066929134779629862 0.07764617894332447 -0.031436118836353603 -0.37240461823987031
leaf_weight=443902 890 770 499 8766 919 935 2427 30 10356 4672 530 82615432 39 24 93 356 225 25 55 47 422 53 26 313 48 47 162 191 1411 51
leaf_count=443902 890 770 499 8766 919 935 2427 30 10356 4672 530 82615432 39 24 93 356 225 25 55 47 422 53 26 313 48 47 162 191 1411 51
internal_value=0 1.0833e-05 -0.0390574 -0.0409487 -0.0482753 -0.0430001 -0.0468079 0.0414361 1.18686e-05 -0.0229177 -0.0309602 1.37013e-05 -0.00204221 -0.0145759 -0.0548316 -0.0899953 -0.0372606 0.00956401 -0.013941 -0.105162 -0.148147 -0.124821 0.04142 -0.0160254 -0.00202319 -0.123773 0.0187705 -0.056048 -0.0293518 -0.0433304
internal_weight=0 8.30707e+07 23043 22514 16009 14212 13252 529 8.30699e+07 6505 5453 8.30595e+07 444036 10435 10512 1797 4923 960 10411 1441 522 475 251 2740 443997 95 1052 10419 1653 1462
internal_count=83093716 83070673 23043 22514 16009 14212 13252 529 83069903 6505 5453 83059468 444036 10435 10512 1797 4923 960 10411 1441 522 475 251 2740 443997 95 1052 10419 1653 1462
is_linear=0
shrinkage=0.1


Tree=14
num_leaves=31
num_cat=0
split_feature=3 4 7 2 6 15 17 0 8 12 17 12 6 1 1 2 11 13 12 13 5 19 7 8 6 18 1 7 1 12
split_gain=2848.07 778.622 284.15 240.913 285.385 231.339 299.579 207.974 278.993 279.258 190.728 180.429 176.66 174.348 279.889 170.394 339.048 243.137 287.028 180.259 171.351 168.319 153.293 153.217 151.76 151.689 178.429 149.17 147.339 154.445
threshold=0.31070631742477423 1.0000000180025095e-35 0.011934864800423385 4.1433904170989999 0.81283089518547069 0.0063950831536203631 0.37069971859455114 0.070650786016459965 0.39351110160350805 0.0017797229811549189 0.90562623739242565 0.2068898603320122 1.0000000180025095e-35 -0.00037245852377104991 -0.0004251452546252499 0.62708550691604625 1.0000000180025095e-35 0.52430272102355968 0.97636666893959057 0.013766229618340732 0.18064829707145694 0.71420341730117809 0.74613162875175487 0.43691998720169073 0.012249965453520419 0.0089980079792439955 -0.019336473726990048 0.96035403013229381 -0.0011310388869960998 0.70938238501548778
decision_type=2 2 2 2 2 2 2 2 2 2 2 2 2 2 2 2 2 2 2 2 2 2 2 2 2 2 2 2 2 2
left_child=1 7 3 12 5 6 25 15 10 -10 -9 -4 -2 14 -14 16 -1 18 -18 21 22 24 -21 -15 -17 26 -5 -19 29 -26
right_child=2 -3 11 4 -6 -7 -8 8 9 -11 -12 -13 13 23 -16 19 17 27 -20 20 -22 -23 -24 -25 28 -27 -28 -29 -30 -31
leaf_value=5.0369347821610928e-05 0.0168934563093757 -0.10054808332784369 0.025715876656652144 0.020349674862202096 -0.080995779474277926 -0.0057504437820917057 -0.014414305069064007 -0.010194326224843113 -0.047663442295743152 -0.21723366228135346 -0.21975587951866063 0.33191715090651996 -0.055108379704215171 -0.023810101890513323 -0.31352838806130667 -0.00033923874303247209 -0.03078065893529959 -0.40152559360909851 -0.24639557444132293 -0.0031168100163050118 -0.14686173596475499 -0.0074834597248002723 -0.17320366887252708 0.064059372853416091 -0.048399507645579265 -0.028176711400319646 -0.061570690925345874 -0.056341015157245461 -0.009727728183402673 -0.32994567900896077
leaf_weight=77673505 1052 770 509 276 1797 1853 2732 3353 360 133 44 20 883 4318 44 5108723 1231 31 65 241088 83 33392 53 208 755 2101 7250 21 7046 20
leaf_count=77673505 1052 770 509 276 1797 1853 2732 3353 360 133 44 20 883 4318 44 5108723 1231 31 65 241088 83 33392 53 208 755 2101 7250 21 7046 20
internal_value=0 9.75147e-06 -0.0351516 -0.0368538 -0.0434478 -0.0387001 -0.0436403 1.06836e-05 -0.023111 -0.0934096 -0.0129087 0.0372925 -0.0206259 -0.0278642 -0.0673743 1.17664e-05 4.9499e-05 -0.0501017 -0.0415947 -0.000531878 -0.00320364 -0.000406733 -0.00315419 -0.0197719 -0.000360548 -0.0519342 -0.0585664 -0.262124 -0.0142798 -0.0556652
internal_weight=0 8.30707e+07 23043 22514 16009 14212 12359 8.30699e+07 3890 493 3397 529 6505 5453 927 8.3066e+07 7.76749e+07 1348 1296 5.39116e+06 241224 5.14994e+06 241141 4526 5.11654e+06 9627 7526 52 7821 775
internal_count=83093716 83070673 23043 22514 16009 14212 12359 83069903 3890 493 3397 529 6505 5453 927 83066013 77674853 1348 1296 5391160 241224 5149936 241141 4526 5116544 9627 7526 52 7821 775
is_linear=0
shrinkage=0.1


Tree=15
num_leaves=31
num_cat=0
split_feature=3 4 3 0 8 9 0 2 7 14 14 6 1 1 17 0 8 13 8 12 17 2 2 2 12 11 13 12 7 0
split_gain=2319.4 630.702 304.476 230.34 187.275 186.141 151.541 140.022 138.081 169.229 209.021 187 171.075 162.508 147.741 136.886 292.068 217.572 212.346 211.295 167.984 129.61 213.891 324.926 207.773 194.499 149.705 146.902 176.336 127.915
threshold=0.067786492407321944 1.0000000180025095e-35 0.57249891757965099 6.5751636807462798e-06 0.021589648909866813 0.22492027282714847 0.00011787766154520002 1.0630374550819399 0.011934864800423385 0.00066440823138691496 0.03585259988904 0.91760551929473888 -0.081241258522397927 0.020300758245390255 0.8586067557334901 0.070650786016459965 0.10814816877245904 0.021788221783936027 1.0000000180025095e-35 0.11515636369585992 0.90562623739242565 -0.0028364999452605839 0.10404749959707262 0.19816600531339648 0.78986126184463512 1.0000000180025095e-35 0.44083394110202795 0.21962033212184909 0.5664392113685609 1.0000000180025095e-35
decision_type=2 2 2 2 2 2 2 2 2 2 2 2 2 2 2 2 2 2 2 2 2 2 2 2 2 2 2 2 2 2
left_child=1 6 5 29 8 -2 -1 -8 9 -5 13 12 -12 14 -11 -9 18 19 20 -18 -17 24 -23 -24 25 -3 27 -25 -29 -4
right_child=2 21 3 4 -6 -7 7 15 -10 10 11 -13 -14 -15 -16 16 17 -19 -20 -21 -22 22 23 26 -26 -27 -28 28 -30 -31
leaf_value=2.367410930599923e-05 -0.018124026526790956 0.0037952945107900642 -0.031810426549010784 -0.047381515571124008 0.031353495050010817 0.1501946217944902 -0.00050119968737642002 -0.0032168310741109369 0.040483222299565878 -0.098081914386525873 -0.14863600941518179 -0.22097456260983434 -0.0090935697451615602 -0.39304203987121583 -0.24342111736148986 -0.010830184468121368 -0.054544519186512069 -0.39727441817522052 0.2012682448676292 -0.24905268969753436 -0.29502781735999245 -0.15114293061752487 0.28940345088818242 0.14562007579065503 -0.19819067143476929 0.35289373070001606 -0.18385213625274208 -0.29664406868127674 0.036267474857045387 0.0017625503660123549
leaf_weight=82326896 14536 79 7293 4906 265 66 510515 222578 150 763 104 56 566 21 77 2165 492 22 47 63 21 419 28 42 39 20 76 26 41 1344
leaf_count=82326896 14536 79 7293 4906 265 66 510515 222578 150 763 104 56 566 21 77 2165 492 22 47 63 21 419 28 42 39 20 76 26 41 1344
internal_value=0 1.00648e-05 -0.0277324 -0.0374725 -0.0510837 -0.0173632 1.09038e-05 -0.00141773 -0.0543722 -0.0565636 -0.0849486 -0.0454266 -0.0307539 -0.118274 -0.111405 -0.00349373 -0.0254269 -0.0888497 -0.00903866 -0.0766238 -0.0135604 -0.0904933 -0.109665 -0.0280714 -0.00269372 0.0743202 -0.0761216 -0.00100675 -0.0929221 -0.0265861
internal_weight=0 8.30636e+07 30147 15545 6908 14602 8.30628e+07 735903 6643 6493 1587 726 670 861 840 225388 2810 577 2233 555 2186 770 632 213 138 99 185 109 67 8637
internal_count=83093716 83063569 30147 15545 6908 14602 83062799 735903 6643 6493 1587 726 670 861 840 225388 2810 577 2233 555 2186 770 632 213 138 99 185 109 67 8637
is_linear=0
shrinkage=0.1


Tree=16
num_leaves=31
num_cat=0
split_feature=3 4 17 15 18 2 6 12 2 1 13 19 14 0 13 8 3 15 3 0 16 2 9 12 0 13 11 2 7 2
split_gain=1880.23 510.854 219.841 231.776 248.916 254.19 208.895 183.357 174.516 170.937 161.327 159.618 326.239 154.866 222.57 259.134 151.699 153.148 153.935 161.214 140.013 264.851 289.379 137.624 130.77 128.426 251.994 152.23 160.2 347.891
threshold=0.31070631742477423 1.0000000180025095e-35 0.21915384382009509 0.33388794958591467 0.26619982719421392 3.7290139198303227 0.98685157299041759 0.91567918658256542 4.1433904170989999 -0.019336473726990048 0.0035857218317687516 0.52729755640029918 0.077714972198009505 0.070650786016459965 0.024926848709583286 0.94691431522369396 0.82193505764007579 0.21988103538751605 0.98685157299041759 1.2666905803989707e-06 1.0000000180025095e-35 3.343134999275208 0.12400152161717416 0.0017797229811549189 3.3358789275249306e-05 0.2175521403551102 1.0000000180025095e-35 1.8119350075721743 0.011934864800423385 0.52048450708389293
decision_type=2 2 2 2 2 2 2 2 2 2 2 2 2 2 2 2 2 2 2 2 2 2 2 2 2 2 2 2 2 2
left_child=1 8 3 4 5 6 -2 9 20 -7 -6 -10 13 -13 15 23 24 18 -18 -20 25 22 -22 -15 -11 -1 27 28 -27 -30
right_child=2 -3 -4 -5 10 7 -8 -9 11 16 -12 12 -14 14 -16 -17 17 -19 19 -21 21 -23 -24 -25 -26 26 -28 -29 29 -31
leaf_value=2.1391190053244256e-05 -0.026620440099432374 -0.081443950020369485 -0.0055734446792951586 -0.002560312692922625 -0.013764194866940742 0.01355801152670756 0.058295478403739213 0.1308376094126808 -0.0032015729325818687 -0.031594213309682477 0.10936375134163075 -0.0066444033951964139 -0.087018822972551507 0.024046275527893096 -0.38907979198154952 -0.19259517468756648 -0.080459681570996505 -0.31190289173705077 -0.085521091493345539 0.0033513368282896971 -0.0050629990625195879 -0.09697649332120839 -0.3345483841719451 -0.19126518726184527 -0.059282566243961068 -0.0013588889890786176 -0.17139440878844736 -0.0079648917235131903 0.047313010439384323 -0.12352057533864758
leaf_weight=82707553 3481 770 3524 2255 2575 400 316 56 93684 3674 111 4554 653 234 21 99 2585 26 336 520 2092 411 27 34 3184 220667 88 38331 1324 131
leaf_count=82707553 3481 770 3524 2255 2575 400 316 56 93684 3674 111 4554 653 234 21 99 2585 26 336 520 2092 411 27 34 3184 220667 88 38331 1324 131
internal_value=0 7.92219e-06 -0.0285612 -0.0327114 -0.0366497 -0.0418039 -0.0195534 -0.0496404 8.67719e-06 -0.0505827 -0.00867588 -0.00418147 -0.020589 -0.0118115 -0.0724582 -0.0543409 -0.0530676 -0.0701154 -0.0682885 -0.0315332 1.36909e-05 -0.0235106 -0.00926126 -0.00326936 -0.0444492 1.44083e-05 -0.00220229 -0.00214512 -0.00114082 0.0319321
internal_weight=0 8.30707e+07 23043 19519 17264 14578 3797 10781 8.30699e+07 10725 2686 99279 5595 4942 388 367 10325 3467 3441 856 8.29706e+07 2530 2119 268 6858 8.29681e+07 260541 260453 222122 1455
internal_count=83093716 83070673 23043 19519 17264 14578 3797 10781 83069903 10725 2686 99279 5595 4942 388 367 10325 3467 3441 856 82970624 2530 2119 268 6858 82968094 260541 260453 222122 1455
is_linear=0
shrinkage=0.1


Tree=17
num_leaves=31
num_cat=0
split_feature=3 4 8 3 15 14 12 5 1 0 6 15 13 6 17 9 14 0 2 16 9 2 3 2 2 8 8 14 2 12
split_gain=1556.1 413.804 249.329 215.114 188.916 188.757 326.618 264.33 161.564 180.502 158.981 148.027 140.128 129.928 129.834 126.649 146.812 121.994 126.444 122.149 212.317 222.523 119.017 137.418 203.231 118.505 183.008 137.004 177.033 112.683
threshold=0.067786492407321944 1.0000000180025095e-35 1.0000000180025095e-35 0.75704458355903637 0.066122770309448256 0.0025485218502581124 0.044330276548862464 0.898319572210312 1.0000000180025095e-35 5.7889866827548184e-05 0.98685157299041759 1.0000000180025095e-35 0.38115081191062933 0.72271147370338451 0.61531996726989757 0.22492027282714847 0.044482378289103515 0.0023825874081039003 1.6206545233726504 1.0000000180025095e-35 0.12400152161717416 3.343134999275208 0.82193505764007579 4.1433904170989999 2.9375464916229252 0.30526308715343481 0.080030526965856566 0.0022438119631260638 3.7290139198303227 0.0069336681626737126
decision_type=2 2 2 2 2 2 2 2 2 2 2 2 2 2 2 2 2 2 2 2 2 2 2 2 2 2 2 2 2 2
left_child=1 13 3 4 8 10 7 29 11 -10 14 15 -6 17 22 -2 -17 19 -19 -1 21 -21 -5 24 -24 26 27 -23 -29 -7
right_child=2 -3 -4 5 12 6 -8 -9 9 -11 -12 -13 -14 -15 -16 16 -18 18 -20 20 -22 25 23 -25 -26 -27 -28 28 -30 -31
leaf_value=1.3151264349292627e-05 -0.016996854583987694 -0.07329955455250646 0.015534489286155147 -0.014047174757136256 0.011546561588518059 -0.085757997898532334 0.044650870334036752 0.026465236319959659 -0.12047173515620486 -0.036268745613762358 0.010998223960316189 -0.058047781444538198 -0.2025475232591552 -0.021972173120559154 -0.009302136713721423 0.021000092164721602 0.34894618555903434 -0.00082903155463673458 -0.01151428623627793 -0.0057797410841540775 -0.30109355892572137 -0.058825512181961095 -0.057265220497537885 -0.060508205466273217 0.023085025056359586 0.0089916209378231738 -0.40278097135680063 -0.071449343096464876 -0.4024962595105171 -0.15684913207982054
leaf_weight=83011613 13857 770 1613 1181 2211 913 221 181 307 1491 819 907 31 2689 1501 43 20 27466 18557 2046 27 218 714 3279 563 97 21 35 30 295
leaf_count=83011613 13857 770 1613 1181 2211 913 221 181 307 1491 819 907 31 2689 1501 43 20 27466 18557 2046 27 218 714 3279 563 97 21 35 30 295
internal_value=0 8.24432e-06 -0.0227153 -0.0248775 -0.0186624 -0.0370075 -0.0682668 -0.0862328 -0.0223371 -0.050646 -0.030761 -0.0189042 0.0085863 8.92389e-06 -0.0354862 -0.0163537 0.12511 9.63551e-06 -0.00513745 1.2489e-05 -0.0222072 -0.01913 -0.0423369 -0.0496701 -0.0218406 -0.0872464 -0.117954 -0.0968183 -0.22424 -0.103119
internal_weight=0 8.30636e+07 30147 28534 18867 9667 1610 1389 16625 1798 8057 14827 2242 8.30628e+07 7238 13920 63 8.30601e+07 46023 8.30141e+07 2474 2447 5737 4556 1277 401 304 283 65 1208
internal_count=83093716 83063569 30147 28534 18867 9667 1610 1389 16625 1798 8057 14827 2242 83062799 7238 13920 63 83060110 46023 83014087 2474 2447 5737 4556 1277 401 304 283 65 1208
is_linear=0
shrinkage=0.1


Tree=18
num_leaves=31
num_cat=0
split_feature=3 4 9 8 3 0 0 2 14 1 1 15 6 0 15 2 11 7 19 14 2 13 2 8 2 13 13 14 0 1
split_gain=1260.44 335.182 202.39 190.202 180.283 212.147 126.804 211.228 141.209 163.919 238.895 123.796 134.081 139.399 203.532 117.575 262.319 195.868 153.881 136.609 149.29 129.444 260.684 307.699 355.451 181.768 247.897 213.374 124.767 143.998
threshold=0.067786492407321944 1.0000000180025095e-35 0.22492027282714847 1.0000000180025095e-35 0.62018048763275158 6.5751636807462798e-06 6.3123604794373448e-05 0.029376999475061897 0.0065626760479062804 -0.004489063891515049 -0.0046542061239585987 0.019555250182747844 0.58556854724884044 5.8874569844424095e-05 1.0000000180025095e-35 0.62708550691604625 1.0000000180025095e-35 0.28284921497106558 0.77479118108749401 0.022168925963342193 0.30513049662113195 0.71498215198516857 2.5028109550476079 1.0000000180025095e-35 3.7290139198303227 0.88970136642456066 0.87357741594314586 0.0086138504557311552 0.070650786016459965 -0.13604505617114263
decision_type=2 2 2 2 2 2 2 2 2 2 2 2 2 2 2 2 2 2 2 2 2 2 2 2 2 2 2 2 2 2
left_child=1 15 3 4 -2 -6 7 -7 -8 10 -10 12 -9 -14 -15 16 -1 -18 21 -19 -21 -17 -23 24 25 26 -24 -27 29 -20
right_child=2 -3 -4 -5 5 6 8 11 9 -11 -12 -13 13 14 -16 18 17 19 28 20 -22 22 23 -25 -26 27 -28 -29 -30 -31
leaf_value=4.013236613054842e-05 -0.015313352065597464 -0.065969596207686151 0.099083406529686557 0.012719689062789552 -0.020016650920231284 -0.27823537101550982 -0.029267088721099607 -0.029015393125609714 -0.089938527423481462 -0.029118248273528394 -0.34376215130090715 0.010321016867221281 -0.072876969268672182 -0.14049005455793426 -0.46160544346679339 -0.00034373423296283002 -0.014242570274400873 -0.13779675519746756 0.05112599403307197 -0.0048218355590045024 -0.26898566055848883 -0.0035829741258331556 -0.148020916436231 -0.0062245898169411944 0.04973733496177813 -0.053298378839229166 -0.4261009376005907 -0.30083948358511314 -0.052958049442231897 -0.0074282490471827591
leaf_weight=77673215 14929 770 141 1584 7478 49 3819 325 508 496 40 178 386 192 22 5280224 836 291 426 197 24 75477 205 998 145 325 38 39 592 29767
leaf_count=77673215 14929 770 141 1584 7478 49 3819 325 508 496 40 178 386 192 22 5280224 836 291 426 197 24 75477 205 998 145 325 38 39 592 29767
internal_value=0 7.41958e-06 -0.0204438 -0.0210054 -0.022885 -0.0312624 -0.0452434 -0.0750749 -0.0381766 -0.0707681 -0.108466 -0.0660497 -0.0807459 -0.108767 -0.173502 8.0312e-06 3.93668e-05 -0.0440736 -0.00044369 -0.0927821 -0.0335093 -0.00040318 -0.00446765 -0.0426235 -0.0909294 -0.124532 -0.191507 -0.0798206 -0.00749353 -0.00660209
internal_weight=0 8.30636e+07 30147 30006 28422 13493 6015 1152 4863 1044 548 1103 925 600 214 8.30628e+07 7.76746e+07 1348 5.38824e+06 512 221 5.35745e+06 77227 1750 752 607 243 364 30785 30193
internal_count=83093716 83063569 30147 30006 28422 13493 6015 1152 4863 1044 548 1103 925 600 214 83062799 77674563 1348 5388236 512 221 5357451 77227 1750 752 607 243 364 30785 30193
is_linear=0
shrinkage=0.1


Tree=19
num_leaves=31
num_cat=0
split_feature=3 4 2 6 15 2 2 2 18 5 13 3 14 1 6 3 2 2 15 15 7 15 14 17 0 2 0 5 19 18
split_gain=1020.96 271.497 174.365 241.805 284.267 221.044 298.513 252.846 190.284 175.114 253.658 171.567 164.349 174.678 158.865 152.22 136.501 166.978 172.05 134.56 132.461 133.709 127.958 139.003 124.817 129.553 157.272 126.269 124.034 123.317
threshold=0.067786492407321944 1.0000000180025095e-35 4.1433904170989999 0.027126056142151359 0.56331124901771557 0.021308500319719318 -0.013741999864578245 -1.0000000180025095e-35 0.032334839925169952 0.52134644985198986 0.0099590662866830843 0.98685157299041759 0.48728032410144811 -0.13604505617114263 0.26424887776374822 0.34340474009513861 2.2194035053253178 1.9652274847030642 0.93541446328163158 0.4608485102653504 0.07163399271667005 0.066122770309448256 0.0061740779783576736 0.61531996726989757 0.00033688132080775002 3.7290139198303227 0.0006138222636720501 0.65586459636688244 0.59429562091827404 0.032334839925169952
decision_type=2 2 2 2 2 2 2 2 2 2 2 2 2 2 2 2 2 2 2 2 2 2 2 2 2 2 2 2 2 2
left_child=1 -1 5 9 -5 6 -2 -8 -9 10 11 12 20 -14 22 -6 17 -16 -19 -11 21 -4 -7 -24 27 26 -26 -18 -21 -12
right_child=2 -3 3 4 15 14 7 8 -10 19 29 -13 13 -15 16 -17 24 18 -20 28 -22 -23 23 -25 25 -27 -28 -29 -30 -31
leaf_value=7.2276177755270873e-06 0.043484292402375307 -0.059372639338026278 -0.0063658800979187399 -0.04597396537848597 0.26339949627717335 0.031309409147137035 -0.41988013684749603 -0.051392762233658087 -0.24229256173426458 -0.038713345155169249 -0.13131038766833511 -0.06543154740492782 -0.34651528309892726 -0.052813877629829045 -0.0065495845056498542 0.027462359601601621 -0.01433170552471132 0.09640324521125021 -0.095746208727359783 0.020922011812727098 0.066332352414547074 0.065337948724905504 -4.0139516298213509e-05 -0.12640708312298163 -0.16185288133250703 -0.19194727230955055 0.01794815341561613 -0.22396790549672885 -0.19087637919804146 0.034635536088184878
leaf_weight=83062799 310 770 8780 5574 30 2092 20 1031 55 4234 241 471 27 81 1023 309 3109 340 54 594 274 268 721 99 74 81 142 29 29 55
leaf_count=83062799 310 770 8780 5574 30 2092 20 1031 55 4234 241 471 27 81 1023 309 3109 340 54 594 274 268 721 99 74 81 142 29 29 55
internal_value=0 6.67717e-06 -0.0183994 -0.0234316 -0.0405667 -0.00690582 -0.0432412 -0.0675494 -0.0610608 -0.0167012 -0.0092576 -0.00653054 -0.00358861 -0.126239 -0.00027897 0.0483418 -0.0113607 0.0147541 0.070068 -0.0323286 -0.00216765 -0.00424203 0.0181855 -0.0152966 -0.0221335 -0.084095 -0.0436503 -0.0162691 0.011063 -0.100476
internal_weight=0 8.30636e+07 30147 20967 5913 9180 1416 1106 1086 15054 10197 9901 9430 108 7764 339 4852 1417 394 4857 9322 9048 2912 820 3435 297 216 3138 623 296
internal_count=83093716 83063569 30147 20967 5913 9180 1416 1106 1086 15054 10197 9901 9430 108 7764 339 4852 1417 394 4857 9322 9048 2912 820 3435 297 216 3138 623 296
is_linear=0
shrinkage=0.1


Tree=20
num_leaves=31
num_cat=0
split_feature=3 4 8 7 12 1 1 2 3 18 14 1 2 1 0 14 0 3 19 14 0 1 1 5 12 0 0 1 2 12
split_gain=831.053 219.903 145.888 143.615 170.964 159.643 264.461 189.785 143.835 208.972 192.641 181.942 137.132 133.016 272.217 201.921 167.037 150.117 119.478 242.841 114.787 113.078 154.891 112.79 130.042 112.662 190.602 162.956 106.929 188.423
threshold=0.44697870314121252 1.0000000180025095e-35 0.99999997019767772 0.011934864800423385 0.16141875833272937 -1.0000000180025095e-35 -0.0016235478401956998 1.4925720095634463 0.65088403224945079 0.61783882975578319 0.0072976776864379653 -0.081241258522397927 4.1433904170989999 3.986900228217239e-05 1.0000000180025095e-35 0.036378823220729835 8.4916368203742586e-05 0.9252023994922639 0.64979323744773876 0.07924883067607881 1.9373436641274253e-05 -0.004489063891515049 -0.0046542061239585987 0.65586459636688244 0.042662667110562331 0.00019115742228690004 0.00065626417387035013 -0.0013242049257002498 -0.024914499372243878 0.78986126184463512
decision_type=2 2 2 2 2 2 2 2 2 2 2 2 2 2 2 2 2 2 2 2 2 2 2 2 2 2 2 2 2 2
left_child=1 12 3 5 -5 6 8 -8 9 -2 -10 -11 -1 14 17 -15 -17 -7 -14 -20 -16 22 23 24 -12 27 -27 -9 29 -3
right_child=2 28 -4 4 -6 13 7 25 10 11 21 -13 18 15 20 16 -18 -19 19 -21 -22 -23 -24 -25 -26 26 -28 -29 -30 -31
leaf_value=9.8062516301721778e-06 -0.012077052632669946 0.11511981282273637 0.12875178965238426 0.019069089446666427 0.27454829853294149 -0.012302857356706312 -0.2469162539736583 -0.1468407751871742 -0.026528235777741157 -0.022572983523794249 -0.13283208035877672 0.22290977223499403 -0.0029057757486906596 -0.051934977676238593 0.010158562389067491 -0.048934160225149813 0.10024390476675511 -0.043665140544138087 -0.011241849356911096 -0.083872255336288795 0.07220278666255843 -0.0067768906026070275 -0.29683071952767487 0.0098929232200059836 0.12957395456731322 -0.15274079025415074 0.11395694197465976 -0.026287554116710896 -0.06976202063683426 -0.15036302750977951
leaf_weight=82971795 1430 85 65 406 28 6682 65 139 2681 51 339 74 97244 1811 1629 132 174 1978 4201 517 365 133 41 85 20 251 30 580 646 39
leaf_count=82971795 1430 85 65 406 28 6682 65 139 2681 51 339 74 97244 1811 1629 132 174 1978 4201 517 365 133 41 85 20 251 30 580 646 39
internal_value=0 4.807e-06 -0.0208084 -0.0213167 0.0355516 -0.0226372 -0.0362128 -0.0813394 -0.0263118 -0.00123864 -0.0381301 0.122753 5.30233e-06 -0.0163453 -0.011796 -0.03924 0.0358926 -0.0194662 -0.00365978 -0.0192007 0.0215157 -0.0884613 -0.110861 -0.0936885 -0.118213 -0.0705769 -0.124268 -0.0495934 -0.0534354 0.0316212
internal_weight=0 8.30745e+07 19189 19124 434 18690 5919 1065 4854 1555 3299 125 8.30738e+07 12771 10654 2117 306 8660 101962 4718 1994 618 485 444 359 1000 281 719 770 124
internal_count=83093716 83074527 19189 19124 434 18690 5919 1065 4854 1555 3299 125 83073757 12771 10654 2117 306 8660 101962 4718 1994 618 485 444 359 1000 281 719 770 124
is_linear=0
shrinkage=0.1


Tree=21
num_leaves=31
num_cat=0
split_feature=3 4 9 8 15 17 2 7 2 2 2 0 6 12 0 0 6 14 1 15 0 0 1 1 14 0 6 0 15 0
split_gain=692.444 178.13 161.937 142.415 131.654 146.744 136.87 251.18 171.944 182.122 193.307 163.225 205.078 136.967 134.619 129.608 126.212 117.619 114.135 353.693 124.546 115.676 145.072 179.127 178.507 171.074 143.323 114.042 113.773 113.692
threshold=0.067786492407321944 1.0000000180025095e-35 0.22492027282714847 0.17202250659465793 0.066122770309448256 0.016976296901702884 4.1433904170989999 0.011934864800423385 0.021308500319719318 -0.013741999864578245 -1.0000000180025095e-35 6.4231245220049121e-06 0.027126056142151359 0.91854920983314525 9.6041625098748775e-05 5.6309722301967368e-05 0.027126056142151359 0.39641489088535314 0.00022714726173830003 0.019555250182747844 6.215482713812507e-05 0.0021402018536994505 -0.00055269849405639997 -0.0024257768351269994 0.073371760547161116 0.00022251299796670004 0.54010647535324108 5.7752248042506218e-06 1.0000000180025095e-35 0.00034738655114125008
decision_type=2 2 2 2 2 2 2 2 2 2 2 2 2 2 2 2 2 2 2 2 2 2 2 2 2 2 2 2 2 2
left_child=1 -1 3 4 5 6 8 13 9 -2 -11 12 -12 16 -6 -13 -8 -16 21 20 -20 22 23 25 26 -18 -25 -24 -10 -21
right_child=2 -3 -4 -5 14 -7 7 -9 28 10 11 15 -14 -15 17 -17 18 -19 19 29 -22 -23 27 24 -26 -27 -28 -29 -30 -31
leaf_value=5.9447745483201673e-06 0.036977749823688948 -0.048091837834996681 0.091763906964226399 0.017196626677657693 0.012114636661822014 -0.0034326111978515714 -0.023784527013712295 0.096227996308007283 0.0022978933508694985 -0.37587777644395831 -0.24376060651696246 -0.30316151228061944 -0.02483689992822341 0.11621366237077382 -0.028468889583081365 -0.095550956601276993 0.031164091817018666 -0.25339819267392161 -0.14888024300153763 0.29161105160460327 -0.066364669927857708 0.045898567723433772 -0.035868963661801416 -0.21796428329363782 0.023373164823826623 -0.081538561052325861 -0.097422009620573319 0.020027636280325379 -0.046364388969743306 -0.0018682844428853556
leaf_weight=83062799 203 770 141 1264 2633 4606 9629 160 4492 20 46 43 613 64 742 100 253 24 241 33 759 167 2073 142 85 288 323 443 538 22
leaf_count=83062799 203 770 141 1264 2633 4606 9629 160 4492 20 46 43 613 64 742 100 253 24 241 33 759 167 2073 142 85 288 323 443 538 22
internal_value=0 5.49891e-06 -0.0151528 -0.0156552 -0.0170999 -0.0195785 -0.0231647 -0.028382 -0.010514 -0.047844 -0.0687915 -0.0611335 -0.0401184 -0.029755 0.00138051 -0.157979 -0.0304011 -0.0355163 -0.0435945 -0.0726719 -0.0862509 -0.0354661 -0.0392332 -0.0696885 -0.109875 -0.0288329 -0.134233 -0.0260271 -0.00290694 0.174219
internal_weight=0 8.30636e+07 30147 30006 28742 25343 20737 14682 6055 1025 822 802 659 14522 3399 143 14458 766 4829 1055 1000 3774 3607 1091 550 541 465 2516 5030 55
internal_count=83093716 83063569 30147 30006 28742 25343 20737 14682 6055 1025 822 802 659 14522 3399 143 14458 766 4829 1055 1000 3774 3607 1091 550 541 465 2516 5030 55
is_linear=0
shrinkage=0.1


Tree=22
num_leaves=31
num_cat=0
split_feature=3 11 12 7 13 12 13 6 1 12 12 12 2 0 12 14 15 6 8 1 7 16 1 1 1 3 18 0 1 14
split_gain=570.444 145.635 227.853 283.772 225.698 202.709 130.073 117.558 137.812 143.939 112.705 433.295 126.065 121.021 150.287 135.529 116.612 113.585 108.054 105.393 117.209 107.136 137.224 97.0999 117.907 124.026 173.397 139.493 124.952 121.773
threshold=0.44697870314121252 0.15723580867052081 0.48284983634948736 0.74613162875175487 0.012487870641052725 0.98214671015739452 0.099439535290002837 0.098755661398172392 -0.00090815666892474993 0.61086905002594005 1.0000000180025095e-35 0.042662667110562331 4.1433904170989999 0.00020858085914425 0.96344175934791576 0.055289354175329215 1.0000000180025095e-35 0.81283089518547069 0.99999997019767772 -0.0021377268432001997 0.74613162875175487 0.57706825435161602 -0.0054149958129167996 -1.0000000180025095e-35 -0.0016235478401956998 0.65088403224945079 0.61783882975578319 0.070650786016459965 -0.049488690185407844 0.011260102503001692
decision_type=2 2 2 2 2 2 2 2 2 2 2 2 2 2 2 2 2 2 2 2 2 2 2 2 2 2 2 2 2 2
left_child=1 7 3 6 5 -4 -3 19 -9 -10 18 16 -13 14 -14 17 -12 -15 23 20 21 -1 -23 24 25 26 -2 28 -28 -27
right_child=10 2 4 -5 -6 -7 -8 8 9 -11 11 12 13 15 -16 -17 -18 -19 -20 -21 -22 22 -24 -25 -26 29 27 -29 -30 -31
leaf_value=-0.0014647821238953256 -0.005826686402212641 0.0022938761476844387 -0.018794128538795182 0.37388283491134644 -0.203778400740871 -0.21501667826406418 -0.18560241808493932 -0.042562132341390835 -0.0053807277135073375 -0.15709560153976321 -0.098977759541856919 0.055855931471896304 -0.061820031119536684 -0.069225588730544949 0.13573630778562457 0.12391783501435485 -0.0064700678523097717 0.17987309782342478 0.11415694889540856 1.420253163576685e-05 -0.16854802510213285 0.011256445150744792 -0.22912872378179372 -0.0098602243265150293 -0.059290921276493658 -0.022970208772918402 0.30410607327964717 -0.0081338218102852515 0.027399999491870403 -0.081310263627629331
leaf_weight=460949 1299 666 349 20 121 62 39 1210 8471 63 887 340 463 109 42 108 161 22 65 82602440 42 48 47 11588 893 2676 47 51 25 413
leaf_count=460949 1299 666 349 20 121 62 39 1210 8471 63 887 340 463 109 42 108 161 22 65 82602440 42 48 47 11588 893 2676 47 51 25 413
internal_value=0 3.98327e-06 -0.0340338 0.00243708 -0.0837357 -0.0483946 -0.00810039 4.4983e-06 -0.0109788 -0.00650072 -0.0172397 -0.038917 0.00540961 -0.0176438 -0.0453896 0.0409822 -0.0847662 -0.0273922 -0.0145302 5.78673e-06 -0.00150188 -0.00148667 -0.107671 -0.0150225 -0.0260921 -0.0195201 0.00491863 0.1184 0.208028 -0.0307703
internal_weight=0 8.30745e+07 1257 725 532 411 705 8.30733e+07 9744 8534 19189 2132 1084 744 505 239 1048 131 17057 8.30635e+07 461086 461044 95 16992 5404 4511 1422 123 72 3089
internal_count=83093716 83074527 1257 725 532 411 705 83073270 9744 8534 19189 2132 1084 744 505 239 1048 131 17057 83063526 461086 461044 95 16992 5404 4511 1422 123 72 3089
is_linear=0
shrinkage=0.1


Tree=23
num_leaves=31
num_cat=0
split_feature=3 8 4 9 15 2 2 2 7 12 12 0 0 2 1 1 2 19 17 6 3 12 2 3 13 14 5 19 1 6
split_gain=463.138 136.232 127.784 115.653 114.998 113.161 345.875 151.809 121.035 115.405 130.638 108.782 110.129 177.311 108.14 303.364 113.414 113.035 107.757 123.599 129.603 142.276 133.974 106.713 105.426 104.719 103.466 99.04 96.4965 95.5421
threshold=0.021004183217883114 1.0000000180025095e-35 1.0000000180025095e-35 0.22492027282714847 0.066122770309448256 0.16051850467920306 0.23601249605417254 -0.0028364999452605839 0.28284921497106558 0.78986126184463512 0.145879901945591 9.6041625098748775e-05 0.00017816164196060003 4.1433904170989999 -0.0013615873076833998 -0.0013998216389781999 2.5028109550476079 0.93326175212860119 0.016976296901702884 0.98685157299041759 0.72271147370338451 0.92628020048141491 -0.013741999864578245 0.82193505764007579 0.31197458505630499 0.044482378289103515 0.72313192486763012 0.96679237484931957 0.0083331990598606524 0.72271147370338451
decision_type=2 2 2 2 2 2 2 2 2 2 2 2 2 2 2 2 2 2 2 2 2 2 2 2 2 2 2 2 2 2
left_child=2 3 29 4 18 7 -7 9 -8 10 24 14 13 -13 15 -6 -16 -18 19 20 21 22 -2 -15 -4 -5 -24 -22 -3 -1
right_child=1 28 5 25 11 6 8 -9 -10 -11 -12 12 -14 23 16 -17 17 -19 -20 -21 27 -23 26 -25 -26 -27 -28 -29 -30 -31
leaf_value=5.6021710514815844e-06 0.069956743884983505 0.010248581175559334 0.20897683338685469 0.04265698786096081 -0.012912216768328788 0.35000564732721878 0.17907127585882943 -0.092472947768406741 -0.063136920582528427 -0.11772880468230983 0.30027432844720109 0.072849788457033757 -0.0087578269394388251 -0.10476108545542889 -0.013767402736816701 -0.38179173040390019 0.036145801642617846 -0.17396597449596113 -0.0026244472812486535 0.022190701308821014 -0.033276935048219741 -0.26373284621083221 -0.016620700623867408 -0.31068497398077993 -0.050039454342966729 0.29512877672910692 0.092154852995140993 0.083045354442721292 0.13819588206128264 -0.018858336091637298
leaf_weight=83058510 184 1750 22 92 206 28 24 433 147 39 22 46 582 106 747 25 1682 26 4721 695 6733 23 13857 33 55 20 88 74 61 2685
leaf_count=83058510 184 1750 22 92 206 28 24 433 147 39 22 46 582 106 747 25 1682 26 4721 695 6733 23 13857 33 55 20 88 74 61 2685
internal_value=0 -0.0120752 4.61474e-06 -0.0136862 -0.014067 -0.0407326 0.0242047 -0.063364 -0.0291428 0.0279705 0.0853672 0.00309352 -0.0301216 -0.0973308 0.0125782 -0.0528342 0.0187331 0.0329474 -0.0163137 -0.0192982 -0.020674 -0.0152203 -0.0148157 -0.153649 0.0239652 0.0877412 -0.0159343 -0.0320124 0.0145582 4.99238e-06
internal_weight=0 31751 8.3062e+07 29940 29828 770 199 571 171 138 99 3453 767 185 2686 231 2455 1708 26375 21654 20959 14152 14129 139 77 112 13945 6807 1811 8.30612e+07
internal_count=83093716 31751 83061965 29940 29828 770 199 571 171 138 99 3453 767 185 2686 231 2455 1708 26375 21654 20959 14152 14129 139 77 112 13945 6807 1811 83061195
is_linear=0
shrinkage=0.1


Tree=24
num_leaves=31
num_cat=0
split_feature=3 11 7 14 13 12 13 2 1 1 2 6 0 3 14 0 1 3 15 19 14 14 8 1 12 0 8 8 8 1
split_gain=384.944 111.726 183.997 126.511 118.692 118.244 111.238 107.005 104.27 119.718 183.479 105.473 155.925 179.587 166.968 113.232 293.332 114.11 111.855 103.763 238.208 116.155 112.039 106.091 191.401 101.564 171.841 143.153 147.093 98.92
threshold=0.57249891757965099 0.15723580867052081 0.07163399271667005 0.15604898333549502 0.24665850400924685 0.98214671015739452 0.59182026982307445 4.1433904170989999 -1.0000000180025095e-35 -0.0015004502105511498 1.7505649924278261 0.58556854724884044 5.7752248042506218e-06 0.9252023994922639 0.22606471180915835 0.0015969188177035003 0.05144977637925361 0.98685157299041759 1.0000000180025095e-35 0.54846203327178966 0.07924883067607881 0.17671746015548709 0.10814816877245904 -0.058934122107042346 0.18582776933908465 0.070650786016459965 0.99864530563354503 0.10814816877245904 0.42012967169284826 -0.081241258522397927
decision_type=2 2 2 2 2 2 2 2 2 2 2 2 2 2 2 2 2 2 2 2 2 2 2 2 2 2 2 2 2 2
left_child=1 7 -3 4 5 -4 -5 -1 9 -2 -11 12 13 14 -10 17 -17 18 -13 -9 25 22 -22 24 -23 29 27 -27 -29 -21
right_child=8 2 3 6 -6 -7 -8 19 11 10 -12 15 -14 -15 -16 16 -18 -19 -20 20 21 23 -24 -25 -26 26 -28 28 -30 -31
leaf_value=7.4209471763556492e-06 -0.020916629421617518 0.0078153216453846278 -0.04052016665204583 -0.022031166179943829 -0.18585527878258964 -0.19113293628370953 0.23197245657444002 -0.0024511521479749698 0.0072330694439788901 -0.23950480714101685 -0.05021870533386083 -0.033538117338076594 0.037060138318566201 -0.038819812789156256 -0.20935039276050196 -0.27426608497446237 0.10285635491776648 0.019041741704525092 0.003280751712084621 0.053744491753838546 -0.29590261650807931 0.0037474790913245037 -0.099433675285716672 -0.00021020277575589717 -0.25155899416993965 0.13330598789744261 -0.33683561512402127 -0.3277835364639759 -0.047546625801883013 -0.0085784527544173154
leaf_weight=82972490 4084 639 302 125 108 63 20 98906 3160 55 743 3320 920 1340 36 55 33 701 1098 271 33 63 241 250 55 41 21 20 295 4228
leaf_count=82972490 4084 639 302 125 108 63 20 98906 3160 55 743 3320 920 1340 36 55 33 701 1098 271 33 63 241 250 55 41 21 20 295 4228
internal_value=0 2.94366e-06 -0.0298101 -0.068714 -0.093765 -0.0665163 0.0130038 3.39475e-06 -0.0157349 -0.0278387 -0.0632647 -0.0101932 -0.000477151 -0.00809053 0.00479346 -0.0203738 -0.132845 -0.0184403 -0.0243876 -0.00319571 -0.0165414 -0.0738014 -0.123096 -0.0370984 -0.115251 -0.00900223 -0.0588592 -0.0424617 -0.0653394 -0.00482439
internal_weight=0 8.30782e+07 1257 618 473 365 145 8.30769e+07 15545 4882 798 10663 5456 4536 3196 5207 88 5119 4418 104424 5518 642 274 368 118 4876 377 356 315 4499
internal_count=83093716 83078171 1257 618 473 365 145 83076914 15545 4882 798 10663 5456 4536 3196 5207 88 5119 4418 104424 5518 642 274 368 118 4876 377 356 315 4499
is_linear=0
shrinkage=0.1


Tree=25
num_leaves=31
num_cat=0
split_feature=3 2 2 2 2 15 6 5 18 14 2 3 1 0 1 19 3 1 3 2 13 11 14 4 15 2 8 0 7 0
split_gain=320.836 110.694 188.652 147.778 187.689 131.702 147.801 133.004 128.848 128.122 113.386 138.05 114.897 212.249 111.068 109.46 103.776 144.803 102.555 98.4263 97.4637 185.395 134.239 100.542 95.9483 90.5224 104.426 153.525 101.867 89.1468
threshold=1.0000000180025095e-35 2.2194035053253178 0.45193150639534002 -0.013741999864578245 -0.01106450008228421 0.64080783724784862 0.012249965453520419 0.52134644985198986 0.032334839925169952 0.36691232025623327 2.5028109550476079 0.82193505764007579 0.0007826589521061502 0.00021453750031515001 0.0022290392630554003 0.85840713977813732 0.98685157299041759 -1.0000000180025095e-35 0.44697870314121252 3.7290139198303227 0.0040319836698472509 0.15723580867052081 0.15604898333549502 1.0000000180025095e-35 0.066122770309448256 1.8119350075721743 1.0000000180025095e-35 0.070650786016459965 0.28284921497106558 0.0023825874081039003
decision_type=2 2 2 2 2 2 2 2 2 2 2 2 2 2 2 2 2 2 2 2 2 2 2 2 2 2 2 2 2 2
left_child=20 2 3 -2 -5 6 7 9 -6 16 11 -7 15 14 -14 -12 24 -18 -11 -9 29 25 -23 -24 -3 -22 -27 28 -28 -1
right_child=1 5 -4 4 8 10 -8 19 -10 18 12 -13 13 -15 -16 -17 17 -19 -20 -21 21 22 23 -25 -26 26 27 -29 -30 -31
leaf_value=1.4571795812246091e-05 0.034552496344033755 -0.00063301580843288683 0.02247476104991326 -0.33095559701323513 -0.018470796413334063 0.010048270089875746 -0.023704467870055309 0.098093885259533484 -0.14547012017433902 -0.045577136913360919 0.043623073000508862 -0.26568216721216842 -0.092631219364702699 -0.28494757639709861 0.12033056936537226 -0.16418623660619444 -0.10825351067414542 -0.0051470875337944807 -0.27214042090234303 -0.024940006570135877 -0.00083058561879391184 -0.14154074108228087 -0.094469919130206109 0.22261442758142946 0.055223993729222334 -0.0072772518277324895 0.0024053001466779822 -0.2282077193260193 -0.16597980658213299 -0.0046383792000162325
leaf_weight=82533564 492 11468 2633 20 2130 46 9615 66 83 411 1009 30 50 32 48 26 212 381 21 4389 419857 154 20 20 316 47570 17791 29 36 41197
leaf_count=82533564 492 11468 2633 20 2130 46 9615 66 83 411 1009 30 50 32 48 26 212 381 21 4389 419857 154 20 20 316 47570 17791 29 36 41197
internal_value=0 -0.00978756 0.00338558 -0.0150591 -0.0259901 -0.0122976 -0.0137681 -0.00823413 -0.023234 -0.00305774 0.0195524 -0.0987927 0.0272728 -0.0613386 0.0116766 0.0384027 -0.00118926 -0.0420081 -0.0565906 -0.0231173 3.94453e-06 -0.0014088 -0.0991463 0.0640723 0.000864847 -0.00136973 -0.00482957 0.00169127 0.00206526 1.22504e-05
internal_weight=0 33478 5358 2725 2233 28120 26879 17264 2213 12809 1241 76 1165 130 98 1035 12377 593 432 4455 8.30602e+07 485477 194 40 11784 485283 65426 17856 17827 8.25748e+07
internal_count=83093716 33478 5358 2725 2233 28120 26879 17264 2213 12809 1241 76 1165 130 98 1035 12377 593 432 4455 83060238 485477 194 40 11784 485283 65426 17856 17827 82574761
is_linear=0
shrinkage=0.1


Tree=26
num_leaves=31
num_cat=0
split_feature=3 8 16 14 2 1 9 7 12 12 12 1 1 13 3 19 19 0 2 15 6 1 14 15 15 3 19 0 11 7
split_gain=259.877 103.107 92.0147 165.989 176.613 144.402 90.8136 92.419 123.761 105.879 221.128 111.491 123.42 98.0901 95.7354 131.786 310.326 92.2032 227.05 124.676 113.668 108.588 109.879 100.276 89.7081 89.0615 85.3674 83.7559 94.1082 134.642
threshold=1.0000000180025095e-35 0.16805830597877505 0.57706825435161602 0.22321097552776339 3.7290139198303227 0.0007826589521061502 0.22492027282714847 0.46194367110729223 0.17453056573867801 1.0000000180025095e-35 0.031204333528876308 1.7912691897992165e-05 0.00024139811985865003 0.069974821060895934 0.82193505764007579 0.24840288609266284 0.32240396738052374 0.00072573466080255017 3.7290139198303227 0.019555250182747844 0.45547680556774145 0.00033300991209000004 0.0044407336972653874 0.40589234232902532 0.80477145314216625 0.44697870314121252 0.79385444521904003 0.00011787766154520002 0.15723580867052081 0.07163399271667005
decision_type=2 2 2 2 2 2 2 2 2 2 2 2 2 2 2 2 2 2 2 2 2 2 2 2 2 2 2 2 2 2
left_child=2 6 27 4 -4 -6 7 9 -9 11 13 14 -13 -11 15 24 -17 19 -19 26 -20 -21 23 -23 -2 -8 -14 28 -1 -30
right_child=1 -3 3 -5 5 -7 25 8 -10 10 -12 12 17 -15 -16 16 -18 18 20 21 -22 22 -24 -25 -26 -27 -28 -29 29 -31
leaf_value=1.3768617751490864e-05 -0.0020565420468381321 0.016438461420182394 -0.012569778987396541 -0.3107015592711313 -0.30963818442664648 -0.00018539395928382876 0.25527488848437435 0.022726612259742457 0.25647494023044909 -0.060810542656831224 -0.0095601542861608324 -0.10397204902060897 -0.023348901531301983 0.10407379924042806 -0.017129198699845916 -0.33090768104517149 -0.030970683433289792 0.043166586365028521 -0.05933071235392956 0.2575514326759038 -0.212494277253747 0.04484956679611421 0.106106526771379 -0.080089489513341244 0.078599366474320462 0.034527710394075747 -0.22151701636612417 -0.0010591855812649921 0.007480624627916971 -0.061375379701376659
leaf_weight=82323689 17400 1543 756 21 38 25 23 403 24 1451 3000 197 1827 37 6217 38 374 107 94 21 100 141 113 118 139 89 22 734570 540 599
leaf_count=82323689 17400 1543 756 21 38 25 23 403 24 1451 3000 197 1827 37 6217 38 374 107 94 21 100 141 113 118 139 89 22 734570 540 599
internal_value=0 -0.00880881 3.55061e-06 -0.0330933 -0.0259751 -0.186839 -0.0100287 -0.010345 0.0358647 -0.0109735 -0.0251929 -0.00860184 -0.027719 -0.0567106 -0.00643447 -0.00273055 -0.0586348 -0.0218119 -0.0737797 -0.014835 -0.138281 0.0363151 0.023826 -0.0120725 -0.00141733 0.0798597 -0.0257068 3.88533e-06 1.33709e-05 -0.0287307
internal_weight=0 33478 8.30602e+07 840 819 63 31935 31823 427 31396 4488 26908 2740 1488 24168 17951 412 2543 301 2242 194 393 372 259 17539 112 1849 8.30594e+07 8.23248e+07 1139
internal_count=83093716 33478 83060238 840 819 63 31935 31823 427 31396 4488 26908 2740 1488 24168 17951 412 2543 301 2242 194 393 372 259 17539 112 1849 83059398 82324828 1139
is_linear=0
shrinkage=0.1


Tree=27
num_leaves=31
num_cat=0
split_feature=3 2 15 6 12 5 13 12 12 14 5 13 15 1 0 0 0 1 0 2 2 18 2 14 14 5 2 0 1 17
split_gain=210.501 91.1076 128.378 135.859 119.829 105.364 121.61 112.132 111.684 116.887 134.795 150.625 93.2975 91.7861 121.011 93.0383 116.258 123.422 186.207 91.775 193.005 159.871 139.931 130.265 122.476 172.012 109.191 108.806 96.6718 100.048
threshold=1.0000000180025095e-35 4.1433904170989999 0.4608485102653504 0.098755661398172392 0.93283498287200939 0.52134644985198986 0.009403400123119356 0.01938640978187323 0.009611194487661125 0.21841832250356677 0.32919138669967657 0.20462840795516971 0.066122770309448256 -0.017768915179840597 0.029216446485834453 0.0065773731705465006 0.00072573466080255017 0.0075731335057381008 0.00032108455153030002 0.023833500221371654 -0.013741999864578245 0.0089980079792439955 -0.01106450008228421 0.003831340000033379 0.085452996194362654 0.65586459636688244 2.9375464916229252 8.4916368203742586e-05 0.00087803572049015017 0.37069971859455114
decision_type=2 2 2 2 2 2 2 2 2 2 2 2 2 2 2 2 2 2 2 2 2 2 2 2 2 2 2 2 2 2
left_child=-1 4 3 5 19 6 12 8 9 10 -8 -12 -3 14 -5 16 17 -15 -19 20 -2 22 -22 -21 25 26 -25 28 29 -28
right_child=1 2 -4 13 -6 -7 7 -9 -10 -11 11 -13 -14 15 -16 -17 -18 18 -20 23 21 -23 -24 24 -26 -27 27 -29 -30 -31
leaf_value=3.1948546255730531e-06 0.031157256776932631 -0.0032184986392950546 0.020928049232302005 0.13343838876426611 -0.21507860720157623 -0.022157005431199566 0.0044726225787404565 0.084149695679228365 -0.2986774883571674 -0.2199571735092572 -0.24858320641751386 0.075217646807432176 0.05706901984190136 -0.030498243864163738 -0.039956947367172695 0.10921013240392011 -0.11174117480050663 0.27713195734540935 0.00096496608135407988 0.011057826932295867 -0.29712684351950885 -0.2024561675451696 -0.030253201364531246 -0.0016721236986703561 0.014839344677384826 -0.3139942024435316 -0.050771086254174549 -0.0061293005846006004 -0.20843146921080702 -0.20513958537384222
leaf_weight=83060238 490 10705 1146 81 26 4236 187 47 22 42 51 20 263 4896 80 48 171 32 103 6835 20 60 1114 915 942 21 481 347 51 46
leaf_count=83060238 490 10705 1146 81 26 4236 187 47 22 42 51 20 263 4896 80 48 171 32 103 6835 20 60 1114 915 942 21 481 347 51 46
internal_value=0 -0.00792793 -0.0116636 -0.0134435 -0.000642942 -0.00870051 -0.00367257 -0.0601384 -0.0811991 -0.0652507 -0.0400659 -0.157372 -0.00177287 -0.027094 0.0472792 -0.0293748 -0.0306535 -0.0278974 0.0664268 -0.000150509 -0.0216894 -0.0433769 -0.03496 0.00361287 -0.0145413 -0.0294132 -0.0261653 -0.0503937 -0.0769677 -0.0642454
internal_weight=0 33478 22130 20984 11348 15573 11337 369 322 300 258 71 10968 5411 161 5250 5202 5031 135 11322 1684 1194 1134 9638 2803 1861 1840 925 578 527
internal_count=83093716 33478 22130 20984 11348 15573 11337 369 322 300 258 71 10968 5411 161 5250 5202 5031 135 11322 1684 1194 1134 9638 2803 1861 1840 925 578 527
is_linear=0
shrinkage=0.1


Tree=28
num_leaves=31
num_cat=0
split_feature=6 0 0 14 2 14 1 1 1 1 15 1 5 1 0 5 14 19 14 0 12 0 8 8 3 3 0 14 8 1
split_gain=180.354 153.616 162.405 98.0337 93.792 93.2099 148.574 130.676 118.898 113.512 91.2464 115.033 111.467 169.208 207.266 227.662 100.553 94.6754 239.936 191.76 174.019 139.308 138.314 111.841 94.9068 87.2806 86.3 145.518 215.241 84.3668
threshold=0.26424887776374822 7.5648036044634752e-06 6.3123604794373448e-05 0.061096025630831725 4.1433904170989999 0.0017390213324688377 -0.0004251452546252499 -0.00059324417728659994 -0.00064982305117019981 -0.00085388206748664988 0.066122770309448256 -0.00032696265144889996 1.0000000180025095e-35 -0.13604505617114263 0.011766311318164552 0.18064829707145694 0.2418971583247185 0.49189253151416784 0.025823382660746578 0.0074286826741851008 0.11116161569952966 1.6072558700752913e-06 0.059122219681739814 0.34797549247741705 0.98685157299041759 0.80852606892585765 0.070650786016459965 0.0028804602334275846 0.94691431522369396 -0.0022398011501233999
decision_type=2 2 2 2 2 2 2 2 2 2 2 2 2 2 2 2 2 2 2 2 2 2 2 2 2 2 2 2 2 2
left_child=4 -2 3 5 -1 7 -7 8 9 29 12 16 17 -14 -15 -16 25 24 26 21 -21 22 -20 -24 -6 -12 -19 28 -28 -3
right_child=1 2 -4 -5 10 6 -8 -9 -10 -11 11 -13 13 14 15 -17 -18 18 19 20 -22 -23 23 -25 -26 -27 27 -29 -30 -31
leaf_value=5.8795584099941166e-06 -0.0030933052914229489 0.014256796099555989 -0.012655068612699589 0.026745537507574624 -0.0015236664653563504 -0.01455945802020428 -0.15249043604195944 -0.022339288903910237 -0.26792975813150405 0.10490496809361503 0.006399383943889593 0.021896109756086701 0.19046740545425567 -0.013854818272440676 -0.45754969313740734 -0.084172059566284832 -0.096393642617065622 -0.00072454869245630322 -0.23484368405558845 -0.078825718099072295 -0.25397264577257328 0.015830206853814987 0.070251929691172582 -0.069011100903569586 -0.047062216712954033 -0.094127357657038682 0.021626834818880333 -0.24208695917493769 -0.15415910963872168 -0.11729550475254656
leaf_weight=82969512 10031 60 4165 156 89803 122 217 873 35 32 788 2962 40 8043 20 89 138 4275 44 208 78 357 67 414 460 97 235 36 99 260
leaf_count=82969512 10031 60 4165 156 89803 122 217 873 35 32 788 2962 40 8043 20 89 138 4275 44 208 78 357 67 414 460 97 235 36 99 260
internal_value=0 -0.0106323 -0.0234066 -0.0489223 2.04159e-06 -0.0563045 -0.102852 -0.0437811 -0.0921499 -0.0746718 -0.00293953 0.0119112 -0.00350711 -0.0147043 -0.0157111 -0.152682 -0.016999 -0.00255237 -0.0149223 -0.0554376 -0.126593 -0.0323645 -0.0651368 -0.0496127 -0.00175574 -0.0046188 -0.00473456 -0.0510664 -0.0304774 -0.0926294
internal_weight=0 15951 5920 1755 8.30778e+07 1599 339 1260 387 352 108253 3985 104268 8192 8152 109 1023 96076 5813 1168 286 882 525 481 90263 885 4645 370 334 320
internal_count=83093716 15951 5920 1755 83077765 1599 339 1260 387 352 108253 3985 104268 8192 8152 109 1023 96076 5813 1168 286 882 525 481 90263 885 4645 370 334 320
is_linear=0
shrinkage=0.1


Tree=29
num_leaves=31
num_cat=0
split_feature=6 0 1 1 12 14 1 0 0 13 3 12 2 11 0 5 7 13 13 19 1 1 15 0 3 1 0 0 12 13
split_gain=146.163 127.498 133.344 148.143 120.775 144.438 105.575 88.6551 186.17 87.4407 127.401 82.4679 80.3405 157.525 105.522 112.343 103.605 108.011 146.781 103.009 101.477 111.644 91.5206 110.883 88.0037 196.88 113.819 84.2712 80.9893 79.9666
threshold=0.098755661398172392 7.5648036044634752e-06 0.0020862498783650002 0.0007826589521061502 0.54584357142448436 0.029343551956117157 0.0010142576313704502 0.00065212418282220011 0.00053691888042820012 0.039196584373712547 0.57249891757965099 0.0017797229811549189 0.62708550691604625 1.0000000180025095e-35 0.00011163639738940002 0.5839887559413911 0.96035403013229381 0.0072804135270416745 0.79912674427032482 0.5209239423274995 -1.0000000180025095e-35 0.0018692392759132503 0.066122770309448256 9.2154023745749086e-05 0.9252023994922639 -0.0025638005322970495 7.4126805337459454e-05 5.6660420142234267e-06 0.031204333528876308 0.011502557899802925
decision_type=2 2 2 2 2 2 2 2 2 2 2 2 2 2 2 2 2 2 2 2 2 2 2 2 2 2 2 2 2 2
left_child=12 -2 3 7 5 -4 -5 8 -3 10 -9 29 13 -1 19 -16 17 -15 27 22 -17 -22 24 -24 -14 26 -26 -19 -27 -8
right_child=1 2 4 6 -6 -7 11 9 -10 -11 -12 -13 14 16 15 20 -18 18 -20 -21 21 -23 23 -25 25 28 -28 -29 -30 -31
leaf_value=2.8546720545144642e-05 -0.0025614442308711832 -0.02155504232026707 -0.0079071686891451845 -0.12441837174929507 -0.21241885411739347 0.063931066810341539 -0.031876330145338042 -0.013720593861900165 -0.15670309598956789 -0.18464554211213477 0.082282703884370034 -0.095603088451965634 -0.00022418717701303944 -0.011985377646338655 -0.0019532398616115736 -0.043339144285256724 -0.11864184782691301 -0.095046978223730219 0.087653081932264135 -0.0059929445113929411 0.11189940509114725 -0.036639005915374959 0.018830549906941552 -0.102540725869937 0.24040647777063506 -0.037159787426939886 0.0047066725231707102 -0.28792030404393493 0.16558044362813235 0.15502373712758225
leaf_weight=77672951 11523 3483 1179 217 25 367 496 361 105 21 224 226 5020503 1248 343127 1101 125 176 41 31101 96 107 3354 77 42 1330 40 26 20 24
leaf_count=77672951 11523 3483 1179 217 25 367 496 361 105 21 224 226 5020503 1248 343127 1101 125 176 41 31101 96 107 3354 77 42 1330 40 26 20 24
internal_value=0 -0.00894803 -0.0198863 -0.0276565 0.00562042 0.00914628 -0.0630272 -0.0195349 -0.02551 0.0158426 0.0230396 -0.0451694 1.96584e-06 2.78972e-05 -0.000370973 -0.00206458 -0.0311933 -0.023862 -0.0848577 -0.00025561 -0.0313608 0.0336058 -0.000220103 0.0161067 -0.000231257 -0.0250179 0.125431 -0.119872 -0.0341562 -0.0232502
internal_weight=0 18251 6728 5157 1571 1546 963 4194 3588 606 585 746 8.30755e+07 7.76746e+07 5.4009e+06 344431 1616 1491 243 5.05647e+06 1304 203 5.02537e+06 3431 5.02194e+06 1432 82 202 1350 520
internal_count=83093716 18251 6728 5157 1571 1546 963 4194 3588 606 585 746 83075465 77674567 5400898 344431 1616 1491 243 5056467 1304 203 5025366 3431 5021935 1432 82 202 1350 520
is_linear=0
shrinkage=0.1


Tree=30
num_leaves=31
num_cat=0
split_feature=6 0 0 14 1 6 1 15 1 16 9 2 8 8 3 13 11 12 2 14 2 8 0 19 3 5 0 7 2 13
split_gain=119.543 101.508 121.354 101.459 156.225 95.6061 80.3242 97.8048 77.8654 76.124 175.456 175.042 86.7839 123.252 73.6227 72.2744 110.205 108.066 160.201 71.8486 69.58 96.3497 109.661 86.1657 82.7674 126.015 150.285 82.6457 70.5168 295.423
threshold=0.26424887776374822 7.5648036044634752e-06 3.4737169443349844e-05 0.03585259988904 0.0033172358127005002 0.91760551929473888 3.986900228217239e-05 0.80477145314216625 -0.00094240578005334993 1.0000000180025095e-35 0.12400152161717416 3.343134999275208 0.30526308715343481 0.080030526965856566 0.98685157299041759 0.0040319836698472509 0.15723580867052081 0.55693793296813976 0.058609500527381904 0.43575267493724829 1.8839390277862551 1.0000000180025095e-35 0.070650786016459965 0.99999997019767772 0.57249891757965099 0.11898779869079591 0.00023183777143360001 0.28284921497106558 2.5028109550476079 0.74447649717330944
decision_type=2 2 2 2 2 2 2 2 2 2 2 2 2 2 2 2 2 2 2 2 2 2 2 2 2 2 2 2 2 2
left_child=9 8 6 14 5 -5 7 -3 -2 15 11 -11 13 -13 -4 -1 20 18 -18 -10 -17 23 27 24 25 28 -27 -23 -22 -30
right_child=1 2 3 4 -6 -7 -8 -9 19 10 -12 12 -14 -15 -16 16 17 -19 -20 -21 21 22 -24 -25 -26 26 -28 -29 29 -31
leaf_value=9.3466165845959703e-06 -0.15142253411667689 0.028264016788019694 -0.024794678163787581 0.0043289716672589643 0.099046361101525177 -0.13018322414473485 -0.14979445777948849 -0.15112988684484935 -0.0031282924664648953 -0.0027572957827483135 -0.27087642627733727 -0.082351592956188449 0.0083502908829938289 -0.33295085600444252 0.035370832340608185 -0.00075160384397889154 0.16127017723690523 -0.13077900737568032 -0.15081888211184535 0.062066664447098276 -0.0059299122472008135 0.0023757579017737226 -0.19256456898653818 0.17833064281940461 0.053782046435993505 -0.10766028810480455 0.13106331826498113 -0.14929942610777089 -0.0053010653172032157 -0.076283467905240029
leaf_weight=82589302 35 86 4505 724 175 57 113 47 9824 2091 27 300 99 21 213 429719 38 127 29 172 34911 17141 29 25 220 218 30 36 2649 753
leaf_count=82589302 35 86 4505 724 175 57 113 47 9824 2091 27 300 99 21 213 429719 38 127 29 172 34911 17141 29 25 220 218 30 36 2649 753
internal_value=0 -0.0086562 -0.0190403 -0.0160591 0.0136473 -0.00548818 -0.0878015 -0.0351308 -0.00252783 1.66303e-06 -0.0173168 -0.0145903 -0.0735018 -0.0987459 -0.0220784 2.19212e-06 -0.00121381 -0.0765691 0.0261869 -0.00200649 -0.00118371 -0.00449881 0.00172985 -0.0072605 -0.00738014 -0.00772908 -0.0787824 0.00205787 -0.00726916 -0.0210123
internal_weight=0 15951 5920 5674 956 781 246 133 10031 8.30778e+07 2538 2511 420 321 4718 8.30752e+07 485925 194 67 9996 485731 56012 17206 38806 38781 38561 248 17177 38313 3402
internal_count=83093716 15951 5920 5674 956 781 246 133 10031 83077765 2538 2511 420 321 4718 83075227 485925 194 67 9996 485731 56012 17206 38806 38781 38561 248 17177 38313 3402
is_linear=0
shrinkage=0.1


Tree=31
num_leaves=31
num_cat=0
split_feature=2 3 7 12 12 19 14 14 0 12 8 8 0 12 8 15 13 6 12 5 14 12 1 15 1 6 2 0 16 9
split_gain=107.49 125.066 105.804 92.15 87.1479 78.2478 162.64 77.3543 99.1817 150.22 91.6622 76.1315 81.1963 73.6638 72.7581 69.3168 78.8759 71.2239 203.199 93.4615 82.9998 90.8391 80.2548 68.0947 86.7574 74.6518 67.5431 103.014 61.054 142.238
threshold=4.1433904170989999 0.82193505764007579 0.07163399271667005 0.19089563190937045 0.96344175934791576 0.64979323744773876 0.07924883067607881 0.17258822917938235 0.0074286826741851008 0.1670627444982529 0.17202250659465793 0.99999997019767772 0.070650786016459965 0.13483144342899325 0.98503166437149059 0.066122770309448256 0.38115081191062933 1.0000000180025095e-35 0.37126667797565466 0.11898779869079591 0.035152798518538482 0.031204333528876308 0.0035414675187455504 0.80477145314216625 0.00050966127470550011 0.98685157299041759 3.7290139198303227 3.5659155254469164e-05 1.0000000180025095e-35 0.12400152161717416
decision_type=2 2 2 2 2 2 2 2 2 2 2 2 2 2 2 2 2 2 2 2 2 2 2 2 2 2 2 2 2 2
left_child=23 2 5 -4 14 15 11 10 -9 -10 -8 -7 -13 -12 -3 17 -17 -2 19 20 21 -19 -22 25 26 28 -25 -28 -1 -30
right_child=1 4 3 -5 -6 6 7 8 9 -11 13 12 -14 -15 -16 16 -18 18 -20 -21 22 -23 -24 24 -26 -27 27 -29 29 -31
leaf_value=4.8905135933252222e-06 -0.0019847134637599822 -0.019884855546600841 0.039514225783318854 0.25551548915959538 0.12118987164460122 -0.0049662692360799166 -0.2303072317019105 -0.00071157644025417936 -0.0020637759368638607 -0.25661852170120586 -0.042360281657230409 -0.044913071658524241 -0.2548725594580174 -0.19813284272184739 0.0749959860025428 0.009002050736820295 -0.18513001065169063 -0.019607029878851975 -0.17749849078490545 0.12342794854938983 0.0036116913734543393 -0.17128033880144358 0.10634843614609804 -0.024144498546275782 -0.12863271041235455 0.039564945824118236 0.012321691002903715 0.23590910990277064 -0.013038016453630581 -0.24378878596169806
leaf_weight=82973525 94334 5621 332 21 45 4047 50 238 49 44 137 233 20 39 82 6195 21 3079 76 50 721 40 85 1319 71 477 198 23 2517 27
leaf_count=82973525 94334 5621 332 21 45 4047 50 238 49 44 137 233 20 39 82 6195 21 3079 76 50 721 40 85 1319 71 477 198 23 2517 27
internal_value=0 -0.00304775 -0.00229509 0.0523642 -0.0174269 -0.00247136 -0.0148792 -0.0657228 -0.0349296 -0.122498 -0.110823 -0.00829318 -0.0615107 -0.0768781 -0.0185206 -0.00189522 0.0083462 -0.00254228 -0.0155261 -0.0124292 -0.0141599 -0.0215522 0.0144462 4.2438e-06 -0.0205549 4.64296e-06 -0.0155721 0.035591 4.41554e-06 -0.015487
internal_weight=0 115559 109811 353 5748 109458 4857 557 331 93 226 4300 253 176 5703 104601 6216 98385 4051 3975 3925 3119 806 8.29782e+07 1611 8.29765e+07 1540 221 8.29761e+07 2544
internal_count=83093716 115559 109811 353 5748 109458 4857 557 331 93 226 4300 253 176 5703 104601 6216 98385 4051 3975 3925 3119 806 82978157 1611 82976546 1540 221 82976069 2544
is_linear=0
shrinkage=0.1


Tree=32
num_leaves=31
num_cat=0
split_feature=6 3 1 3 15 0 1 1 0 1 14 3 1 7 16 1 15 5 3 14 0 4 2 2 2 14 12 14 0 13
split_gain=90.7876 86.6114 69.4159 129.077 156.406 123.309 167.768 151.331 122.139 117.359 111.102 93.7934 84.2779 83.882 77.6828 112.423 75.4405 88.6387 92.5272 99.6208 78.0708 73.0126 74.6655 286.301 108.239 67.705 68.1451 66.9684 65.6284 72.3072
threshold=0.58556854724884044 0.98685157299041759 -0.0022398011501233999 0.62018048763275158 0.89584308862686168 6.9447146087407797e-05 -0.0046542061239585987 -0.0037559232676861996 6.3123604794373448e-05 -0.0027191491639109496 0.20530420541763308 0.75704458355903637 -0.0030966176450189999 0.74613162875175487 0.57706825435161602 -0.0056211863492796497 0.066122770309448256 1.0000000180025095e-35 0.51241087913513195 0.26356908679008489 0.014622739945749553 1.0000000180025095e-35 0.16051850467920306 0.23601249605417254 -0.0028364999452605839 0.11832647770643236 0.63029062747955333 0.16871754825115207 0.00021880788508005003 0.00038959860103204852
decision_type=2 2 2 2 2 2 2 2 2 2 2 2 2 2 2 2 2 2 2 2 2 2 2 2 2 2 2 2 2 2
left_child=2 27 3 13 5 8 10 11 9 12 -7 -8 -5 14 -1 -16 17 18 20 28 21 -4 24 -24 -23 -26 -27 -2 29 -20
right_child=1 -3 16 4 -6 6 7 -9 -10 -11 -12 -13 -14 -15 15 -17 -18 -19 19 -21 -22 22 23 -25 25 26 -28 -29 -30 -31
leaf_value=-0.0010707490498764161 -0.013517071730056394 0.021597586658367321 8.1220603084448305e-06 0.0085681442763995055 -0.25800571313926152 -0.01407486748022516 -0.063286479099376777 -0.041582521242534309 0.16509920749543372 0.19525049000623682 -0.20469466125772848 -0.26013317635282873 -0.22135623496770862 -0.14076560264843149 0.023161003415783248 -0.19470977705717088 0.011135654278363325 -0.010580851589070676 0.010905494470657702 -0.17482949754706137 -0.024202212881399655 0.028180938813602553 0.3463834332302213 -0.024002528882119806 -0.059722284923447534 -0.31520091566172515 -0.0738855082988739 0.031343728641210045 0.061184389002878092 0.10391642010424201
leaf_weight=448587 9382 837 82612196 44 28 2238 37 178 69 21 31 70 25 43 45 50 6092 7906 2973 27 1332 138 24 160 386 22 25 345 319 86
leaf_count=448587 9382 837 82612196 44 28 2238 37 178 69 21 31 70 25 43 45 50 6092 7906 2973 27 1332 138 24 160 386 22 25 345 319 86
internal_value=0 -0.00926982 1.17782e-06 -0.00123544 -0.02287 -0.0204432 -0.0257626 -0.0980793 0.0650012 -0.0117405 -0.0166792 -0.192065 -0.0747378 -0.00110328 -0.0010899 -0.0915078 7.93417e-06 7.11372e-06 8.12692e-06 0.0164923 7.44752e-06 7.83786e-06 -0.0310895 0.0243087 -0.0489411 -0.0735205 -0.186842 -0.0119259 0.0180215 0.0135204
internal_weight=0 10564 8.30832e+07 451466 2741 2713 2554 285 159 90 2269 107 69 448725 448682 95 8.26317e+07 8.26256e+07 8.26177e+07 3405 8.26143e+07 8.2613e+07 755 184 571 433 47 9727 3378 3059
internal_count=83093716 10564 83083152 451466 2741 2713 2554 285 159 90 2269 107 69 448725 448682 95 82631686 82625594 82617688 3405 82614283 82612951 755 184 571 433 47 9727 3378 3059
is_linear=0
shrinkage=0.1


Tree=33
num_leaves=31
num_cat=0
split_feature=2 3 7 12 12 19 19 19 14 8 0 14 0 12 0 8 8 13 11 2 2 16 2 9 8 8 7 0 2 2
split_gain=81.3232 93.4427 86.438 75.2543 69.7041 67.9297 72.7805 62.6558 128.981 61.7798 65.7049 60.6284 80.5852 121.535 69.1518 69.6117 112.346 59.4656 98.8717 140.047 74.0959 66.7983 119.058 124.082 74.3172 106.959 66.1617 297.493 267.363 230.7
threshold=4.1433904170989999 0.82193505764007579 0.07163399271667005 0.19089563190937045 0.96344175934791576 0.96679237484931957 0.86856701970100414 0.64979323744773876 0.07924883067607881 0.99999997019767772 0.070650786016459965 0.17258822917938235 0.0074286826741851008 0.1670627444982529 1.6072558700752913e-06 0.17202250659465793 0.69480717182159435 0.2175521403551102 1.0000000180025095e-35 -0.0028364999452605839 1.8119350075721743 1.0000000180025095e-35 3.343134999275208 0.12400152161717416 0.27517622709274298 0.080030526965856566 0.28284921497106558 5.7752248042506218e-06 -0.35352151095867151 -0.11021450161933898
decision_type=2 2 2 2 2 2 2 2 2 2 2 2 2 2 2 2 2 2 2 2 2 2 2 2 2 2 2 2 2 2
left_child=17 2 7 -4 5 6 -3 -2 9 -9 -11 14 -13 -14 15 -10 -17 21 20 -20 26 -1 23 -23 25 -24 -19 28 -28 -30
right_child=1 4 3 -5 -6 -7 -8 8 11 10 -12 12 13 -15 -16 16 -18 18 19 -21 -22 22 24 -25 -26 -27 27 -29 29 -31
leaf_value=8.9278202337639114e-06 -0.0016441466459191428 -0.016277128398888275 0.035791727944791983 0.23098926989450341 0.10888998536600009 0.059026103332575602 -0.11294615172981462 -0.0044006895434638583 -0.2932725317500256 -0.040406832362768985 -0.22927822947502136 -0.00043521963055989074 -0.0018849465045697835 -0.23084959435192021 -0.042164392601530834 0.0058699521604318955 -0.22016732378966278 -0.00089240519776797873 0.11878857633494067 -0.10570133376697249 -0.0055029075147545051 -0.0035354793415568967 -0.073653452991095422 -0.21941071290660791 0.013809707181548682 -0.31254454493522643 -0.2848845588974655 -0.12626816238262109 0.18357084505259991 0.027399223458585
leaf_weight=82714671 104601 5506 332 21 45 118 79 4047 27 233 20 238 49 44 111 43 45 220936 33 176 38426 1921 298 27 91 20 26 128 102 1302
leaf_count=82714671 104601 5506 332 21 45 118 79 4047 27 233 20 238 49 44 111 43 45 220936 33 176 38426 1921 298 27 91 20 26 128 102 1302
internal_value=0 -0.00265096 -0.00200037 0.047404 -0.0150799 -0.0160581 -0.0176445 -0.0021597 -0.0132627 -0.00739766 -0.0553374 -0.0585405 -0.0312789 -0.110212 -0.0984678 -0.152813 -0.109717 3.69168e-06 -0.00150299 -0.0702556 -0.00144792 8.44812e-06 -0.0168259 -0.00652759 -0.0658752 -0.088678 -0.000747597 0.0197874 0.0328609 0.038745
internal_weight=0 115559 109811 353 5748 5703 5585 109458 4857 4300 253 557 331 93 226 115 88 8.29782e+07 261129 209 260920 8.2717e+07 2357 1948 409 318 222494 1558 1430 1404
internal_count=83093716 115559 109811 353 5748 5703 5585 109458 4857 4300 253 557 331 93 226 115 88 82978157 261129 209 260920 82717028 2357 1948 409 318 222494 1558 1430 1404
is_linear=0
shrinkage=0.1


Tree=34
num_leaves=31
num_cat=0
split_feature=6 0 0 12 1 1 1 1 12 1 1 2 2 14 6 3 1 3 5 14 0 5 19 3 1 0 1 3 1 11
split_gain=76.6954 73.3985 132.502 167.463 86.2864 99.2192 100.781 138.975 101.461 77.851 160.058 151.949 103.678 98.7607 66.5795 62.6444 61.3915 59.0842 57.1485 54.7399 53.9859 133.42 150.815 76.8886 128.351 101.558 69.9699 62.5026 81.9727 55.838
threshold=0.012249965453520419 7.5648036044634752e-06 7.4909907969607944e-05 0.63029062747955333 0.0034278091282079503 0.0020862498783650002 0.00085812832907095006 0.0010142576313704502 0.0017797229811549189 -0.0011310388869960998 -0.0013998216389781999 0.023833500221371654 3.343134999275208 0.015130863059312107 0.72271147370338451 0.98685157299041759 -0.00094240578005334993 0.38595117628574377 0.34849354624748236 0.44925495982170111 0.0009740921802358001 0.72313192486763012 0.74132362008094799 0.98685157299041759 -1.0000000180025095e-35 0.070650786016459965 -0.0020093086143538499 0.98685157299041759 -0.013803986527668448 0.15723580867052081
decision_type=2 2 2 2 2 2 2 2 2 2 2 2 2 2 2 2 2 2 2 2 2 2 2 2 2 2 2 2 2 2
left_child=20 16 3 4 5 6 9 17 -9 10 -3 -11 -12 -14 -10 18 -2 -8 -4 -18 29 23 26 -22 25 -25 27 28 -23 -1
right_child=1 2 15 -5 -6 -7 7 8 14 11 12 -13 13 -15 -16 -17 19 -19 -20 -21 21 22 -24 24 -26 -27 -28 -29 -30 -31
leaf_value=4.7396494332634996e-06 -0.13192715242298111 -0.023002695548494257 -0.0074131497433452126 -0.29495243707206104 -0.14914790809280792 0.04134927673104602 -0.074605861382216823 -0.011059359366881953 -0.046833197264999585 -0.14975884541585718 0.035415912479162218 0.0031969388580593075 -0.25587187237935527 -0.047409994538986325 -0.18787287858099894 0.062847386273658934 -0.0019900897945370143 -0.21438075085229513 0.089203855744563049 0.049240875362313162 -0.0019322605580209499 -0.091976556840997481 0.11115769102061923 -0.22899794902925086 0.11655528503987525 -0.053556828456517505 -0.012750673653525219 -0.044331383883305223 -0.26488464441278886 -0.022088262942707951
leaf_weight=82963299 36 478 4870 24 59 197 49 309 69 69 25 1106 73 33 65 135 12867 79 62 212 107960 52 37 41 36 169 57 46 58 1144
leaf_count=82963299 36 478 4870 24 59 197 49 309 69 69 25 1106 73 33 65 135 12867 79 62 212 107960 52 37 41 36 169 57 46 58 1144
internal_value=0 -0.00606906 -0.0138175 -0.032006 -0.029589 -0.0268249 -0.0325278 -0.0690934 -0.0425746 -0.0208243 -0.0498408 -0.00578515 -0.147769 -0.190973 -0.115248 -0.00435899 -0.00151863 -0.160873 -0.00619858 -0.00115968 1.52033e-06 -0.00222809 -0.0751972 -0.00205951 -0.0579026 -0.0878096 -0.107569 -0.142214 -0.183146 4.43501e-06
internal_weight=0 20817 7702 2635 2611 2552 2355 571 443 1784 609 1175 131 106 134 5067 13115 128 4932 13079 8.30729e+07 108456 250 108206 246 210 213 156 110 8.29644e+07
internal_count=83093716 20817 7702 2635 2611 2552 2355 571 443 1784 609 1175 131 106 134 5067 13115 128 4932 13079 83072899 108456 250 108206 246 210 213 156 110 82964443
is_linear=0
shrinkage=0.1


Tree=35
num_leaves=31
num_cat=0
split_feature=6 3 2 0 0 2 12 13 13 8 3 1 2 2 0 2 0 11 7 13 2 2 16 2 1 8 14 1 18 0
split_gain=62.459 84.7861 68.204 100.459 86.3336 83.5972 81.2128 66.058 120.877 65.2241 82.0837 58.2228 69.0728 94.827 56.9179 56.4281 112.465 84.1844 92.3044 98.4681 173.344 100.263 77.4829 140.69 135.533 111.148 115.29 77.3024 173.521 137.41
threshold=0.81283089518547069 0.98685157299041759 0.43523900210857397 5.4821445152959349e-06 8.1324406376903912e-05 0.85109150409698497 0.066720958799123778 0.040840884670615203 0.011502557899802925 0.87390509247779857 0.82193505764007579 -0.0017183350535578997 1.3698505163192751 0.49990250170230871 0.00021120115181430004 1.6206545233726504 0.0014384478279482504 1.0000000180025095e-35 0.96035403013229381 0.20462840795516971 -0.0028364999452605839 0.58904400467872631 0.57706825435161602 1.8119350075721743 -0.0028157641639134996 0.080030526965856566 0.19735587388277057 -0.058934122107042346 1.0000000180025095e-35 0.029216446485834453
decision_type=2 2 2 2 2 2 2 2 2 2 2 2 2 2 2 2 2 2 2 2 2 2 2 2 2 2 2 2 2 2
left_child=15 2 4 5 -2 -4 7 8 -5 -7 -11 -3 13 -13 -8 17 22 -1 19 -19 -21 -22 -17 -24 -25 26 -26 -18 29 -29
right_child=1 11 3 6 -6 9 14 -9 -10 10 -12 12 -14 -15 -16 16 27 18 -20 20 21 -23 23 24 25 -27 -28 28 -30 -31
leaf_value=1.2641145706191598e-05 -0.055836375749226765 0.12401581015065313 0.15966579585390933 -0.029956854795937883 0.063635845437868321 0.00526426727828435 0.010943043468675267 -0.13643675312530576 0.19580980039512119 0.019189718445641518 -0.16419411586024441 0.028213052148015103 4.1514057280929914e-05 0.22668257906581415 0.16761149736967954 -0.00046472848901601407 -0.00010127355119351888 -0.0078819310148180704 -0.10297161420987687 0.12480625829193742 -0.09623618199581617 -0.32385625670785489 -0.28907237251599632 -0.18976073599559196 0.0036502410759490021 -0.22001427254080774 -0.24065546184778214 -0.01039030732722339 0.039972865200575691 -0.046672885420717181
leaf_weight=81532929 622 50 34 1998 67 2198 78 57 24 46 52 89 665 33 33 1523202 10751 1908 125 32 122 23 21 47 565 25 20 16136 648 1116
leaf_count=81532929 622 50 34 1998 67 2198 78 57 24 46 52 89 665 33 33 1523202 10751 1908 125 32 122 23 21 47 565 25 20 16136 648 1116
internal_value=0 -0.0101636 -0.0149105 -0.010443 -0.0442186 0.00401036 -0.0258203 -0.03027 -0.0272771 0.00170535 -0.078116 0.0193786 0.0127307 0.0818974 0.0575202 7.40383e-07 -0.000596476 1.21121e-05 -0.0195049 -0.0145009 -0.0858515 -0.132341 -0.000479773 -0.0342778 -0.0261337 -0.0135264 -0.00470209 -0.00680365 -0.0108292 -0.0127374
internal_weight=0 6046 5209 4520 689 2330 2190 2079 2022 2296 98 837 787 122 111 8.30877e+07 1.55253e+06 8.15351e+07 2210 2085 177 145 1.52388e+06 678 657 610 585 28651 17900 17252
internal_count=83093716 6046 5209 4520 689 2330 2190 2079 2022 2296 98 837 787 122 111 83087670 1552531 81535139 2210 2085 177 145 1523880 678 657 610 585 28651 17900 17252
is_linear=0
shrinkage=0.1


Tree=36
num_leaves=31
num_cat=0
split_feature=2 3 7 15 13 12 14 1 18 5 8 19 8 19 1 0 3 1 12 9 0 19 3 8 8 14 3 5 0 8
split_gain=56.0961 66.9212 69.7539 61.5497 63.9782 61.0019 58.7413 153.851 378.527 163.171 99.445 141.957 139.454 93.7563 190.614 168.36 153.998 227.251 114.326 90.5372 91.9432 169.408 127.173 90.1759 86.5061 84.3414 81.1628 127.259 74.2081 69.3923
threshold=4.1433904170989999 0.82193505764007579 0.07163399271667005 0.066122770309448256 0.38115081191062933 0.19089563190937045 0.0013892139540985229 -0.13604505617114263 0.61783882975578319 0.044226281344890601 0.68169814348220836 0.49189253151416784 0.10814816877245904 0.53246402740478527 -0.058934122107042346 0.0074286826741851008 0.072617162019014372 -0.081241258522397927 0.01938640978187323 0.22492027282714847 0.029216446485834453 0.24840288609266284 0.62018048763275158 0.23954686522483828 0.81704154610633861 0.2418971583247185 0.51241087913513195 0.067786492407321944 1.6072558700752913e-06 0.11474978923797609
decision_type=2 2 2 2 2 2 2 2 2 2 2 2 2 2 2 2 2 2 2 2 2 2 2 2 2 2 2 2 2 2
left_child=-1 2 3 6 -5 -4 -2 8 9 10 11 25 -13 14 16 28 -9 26 24 20 -16 22 -22 -21 -17 -8 27 -18 29 -15
right_child=1 -3 5 4 -6 -7 7 13 -10 -11 -12 12 -14 15 19 18 17 -19 -20 23 21 -23 -24 -25 -26 -27 -28 -29 -30 -31
leaf_value=3.0671657428052557e-06 -0.0010482098313530116 -0.012719991663076434 0.032274903317756322 0.0084302944598973733 -0.16640827776420686 0.20801876503087224 -0.041238683124182419 -0.0082221793188790616 -0.24051121449421931 0.23130504426856838 0.053748398952596234 0.038274764425919525 -0.22102617590921 -0.13863047830203212 -0.0045160814622517724 -0.016973337104732016 0.16335485277503925 0.27167384158010072 -0.21987760567954229 0.29518209032714371 0.027004099819733174 -0.27157255531185204 -0.221771792952831 0.010299147844314576 -0.19219063325834118 0.096066787310875965 -0.1207140583059062 -0.04410466615421077 0.012486768131329916 -0.027181645655779785
leaf_weight=82978157 78750 5748 332 6228 21 21 425 157 92 24 109 28 80 61 21596 109 77 69 67 20 98 36 26 25 38 50 23 48 537 664
leaf_count=82978157 78750 5748 332 6228 21 21 425 157 92 24 109 28 80 61 21596 109 77 69 67 20 98 36 26 25 38 50 23 48 537 664
internal_value=0 -0.00220172 -0.00165115 -0.00179427 0.00784274 0.0427299 -0.00237777 -0.00665851 -0.0495676 -0.025033 -0.0339233 -0.0503148 -0.1538 -0.00519258 -0.00356821 -0.0295968 0.0672179 0.121799 -0.111613 -0.00478255 -0.00507564 -0.0806017 -0.0251586 0.136914 -0.0622676 -0.0267855 0.0519248 0.0836904 -0.0156891 -0.0365587
internal_weight=0 115559 109811 109458 6249 353 103209 24459 808 716 692 583 108 23651 22175 1476 374 217 214 21801 21756 160 124 45 147 475 148 125 1262 725
internal_count=83093716 115559 109811 109458 6249 353 103209 24459 808 716 692 583 108 23651 22175 1476 374 217 214 21801 21756 160 124 45 147 475 148 125 1262 725
is_linear=0
shrinkage=0.1


Tree=37
num_leaves=31
num_cat=0
split_feature=6 0 0 12 8 1 1 1 1 1 3 12 1 1 2 1 14 12 2 3 13 14 2 2 2 1 2 0 2 0
split_gain=54.3685 58.2066 101.289 136.472 72.7163 77.4715 82.2771 98.8368 82.3131 90.764 90.0651 78.5722 69.0932 133.983 109.644 79.1269 62.5414 55.7066 51.9606 49.2887 48.8069 106.143 100.46 162.984 88.6952 72.0486 66.962 148.521 116.071 65.433
threshold=0.012249965453520419 7.5648036044634752e-06 7.4909907969607944e-05 0.63029062747955333 0.58638432621955883 0.0034278091282079503 0.0020862498783650002 0.0007826589521061502 0.0010424653151573002 0.0011597548747331501 0.31070631742477423 0.0017797229811549189 -0.0011310388869960998 -0.0013998216389781999 0.023833500221371654 -0.0012889602343956997 0.0076673815492540607 0.047284083440899856 -0.64398401975631703 0.82193505764007579 0.82985010743141185 0.00044526625424623495 2.5028109550476079 3.343134999275208 2.9375464916229252 -0.0012317038487879997 2.2194035053253178 0.0015969188177035003 1.9652274847030642 0.00033688132080775002
decision_type=2 2 2 2 2 2 2 2 2 2 2 2 2 2 2 2 2 2 2 2 2 2 2 2 2 2 2 2 2 2
left_child=20 18 3 4 5 6 7 12 10 -10 -9 19 13 -3 16 -15 -14 -13 -2 -11 -1 -22 25 24 -24 26 28 -28 29 -23
right_child=1 2 -4 -5 -6 -7 -8 8 9 11 -12 17 14 15 -16 -17 -18 -19 -20 -21 21 22 23 -25 -26 -27 27 -29 -30 -31
leaf_value=3.8237772878853053e-06 -0.154611612720923 -0.020610487410889052 -0.0037402522676597801 -0.26528472433177136 0.11955752265365685 -0.14293352211253685 0.037878912078061454 -0.028713711066115085 0.088516277959570289 0.0072719625945747955 -0.17550153817752737 -0.16809694720541732 -0.21828112447013459 -0.21203615755745858 0.004077845624777629 -0.055983254575403409 -0.007177957390313564 -0.023745090203980607 -0.0007996243354515876 -0.084925475615180213 -0.0010821346050634663 -0.048823379224425728 -0.12171258446243075 0.019007148806635732 -0.35275671134392422 -0.0076747972190333788 0.29045968730002641 -0.054890816399093836 -0.14068137899909205 0.0046203659530523805
leaf_weight=82981596 22 474 5067 24 34 57 192 66 48 163 114 85 36 66 1060 64 23 39 13093 90 80829 621 54 68 24 9188 20 33 103 363
leaf_count=82981596 22 474 5067 24 34 57 192 66 48 163 114 85 36 66 1060 64 23 39 13093 90 80829 621 54 68 24 9188 20 33 103 363
internal_value=0 -0.00510988 -0.01201 -0.0279125 -0.0257306 -0.0276475 -0.0250398 -0.030229 -0.0650013 -0.0409964 -0.121679 -0.0574861 -0.0180194 -0.045276 -0.00330715 -0.13521 -0.135987 -0.122696 -0.00105764 -0.0255255 1.28127e-06 -0.0023095 -0.0117812 -0.0941517 -0.192803 -0.0106168 -0.0343285 0.0754301 -0.0396801 -0.0291079
internal_weight=0 20817 7702 2635 2611 2577 2520 2328 605 425 180 377 1723 604 1119 130 59 124 13115 253 8.30729e+07 91303 10474 146 78 10328 1140 53 1087 984
internal_count=83093716 20817 7702 2635 2611 2577 2520 2328 605 425 180 377 1723 604 1119 130 59 124 13115 253 83072899 91303 10474 146 78 10328 1140 53 1087 984
is_linear=0
shrinkage=0.1


Tree=38
num_leaves=31
num_cat=0
split_feature=2 11 19 0 1 12 12 13 2 8 2 13 13 2 14 14 14 14 1 3 15 2 0 0 14 2 1 8 12 14
split_gain=49.1006 95.6064 76.4169 107.878 135.166 69.8297 79.7365 64.1572 158.733 184.316 271.331 133.915 222.581 239.721 144.367 142.508 101.62 101.232 68.0123 60.9997 91.0451 83.405 60.7478 57.2167 66.802 68.7337 54.3879 53.2182 52.0628 66.3268
threshold=0.62708550691604625 1.0000000180025095e-35 0.82058468461036693 0.070650786016459965 -0.13604505617114263 0.98214671015739452 0.99366164207458507 0.71498215198516857 2.5028109550476079 1.0000000180025095e-35 3.7290139198303227 0.88970136642456066 0.83454889059066784 2.9375464916229252 0.0086138504557311552 0.028290161862969402 0.031143369153141979 0.00044526625424623495 -0.015083690928206349 0.98685157299041759 0.93541446328163158 0.49990250170230871 0.0074286826741851008 5.0711305349134577e-05 0.021033662371337417 1.6206545233726504 -0.005181145005498349 0.96295818686485302 0.39061802625656133 0.25252366065979009
decision_type=2 2 2 2 2 2 2 2 2 2 2 2 2 2 2 2 2 2 2 2 2 2 2 2 2 2 2 2 2 2
left_child=1 19 7 4 27 -3 -7 -2 17 10 11 12 16 15 -13 26 -10 -9 -11 20 -1 -21 23 24 -6 -26 -14 -4 29 -5
right_child=2 5 3 28 22 6 -8 8 9 18 -12 14 13 -15 -16 -17 -18 -19 -20 21 -22 -23 -24 -25 25 -27 -28 -29 -30 -31
leaf_value=2.0861117169077997e-05 -0.00022299937053844063 -0.019955745330943818 0.064314929203072427 -0.048809783946477919 -0.006143134939821656 -0.21079585936556505 0.015793009638786316 -0.0009392741359991743 -0.016010240620776717 -0.15783493530138262 0.045345406840470705 -0.037882543295774111 -0.54969551131129268 0.0095651172997000128 -0.24149823357554104 -0.12734969680507977 -0.19810012776235289 -0.011437452262466194 0.00022868440916514669 0.025026224160359968 -0.072108124835150583 0.22264888220067536 -0.028374708877976208 0.00079309998572456688 -0.0074050135064293162 -0.046390562219034009 -0.35150338227550193 -0.092661807997881082 0.072132578588119056 -0.20709973701408935
leaf_weight=77675415 5312228 1562 354 485 11808 41 25 64918 101 28 165 325 20 26 39 24 44 10699 980 90 175 28 1118 11080 910 899 45 23 33 28
leaf_count=77675415 5312228 1562 354 485 11808 41 25 64918 101 28 165 325 20 26 39 24 44 10699 980 90 175 28 1118 11080 910 899 45 23 33 28
internal_value=0 2.02999e-05 -0.000291105 -0.00562391 -0.00470682 -0.0242129 -0.124967 -0.000264649 -0.00312271 -0.0324965 -0.0686958 -0.0988509 -0.153664 -0.257559 -0.0596985 -0.335595 -0.0712651 -0.00242465 -0.00416197 2.08078e-05 2.06986e-05 0.0719197 -0.00557494 -0.00454283 -0.00888462 -0.0267793 -0.412486 0.0547381 -0.0496175 -0.0574494
internal_weight=0 7.76773e+07 5.41638e+06 26738 26192 1628 66 5.38964e+06 77414 1797 789 624 260 115 364 89 145 75617 1008 7.76757e+07 7.76756e+07 118 25815 24697 13617 1809 65 377 546 513
internal_count=83093716 77677336 5416380 26738 26192 1628 66 5389642 77414 1797 789 624 260 115 364 89 145 75617 1008 77675708 77675590 118 25815 24697 13617 1809 65 377 546 513
is_linear=0
shrinkage=0.1


Tree=39
num_leaves=31
num_cat=0
split_feature=6 5 12 2 0 0 12 8 1 1 1 1 1 12 3 1 1 2 2 14 0 16 1 14 0 13 1 2 14 0
split_gain=43.1075 53.765 99.9359 181.513 50.2774 74.0286 108.375 59.0973 62.4933 68.8488 83.8631 65.114 76.0527 80.4921 69.306 55.4239 107.611 88.337 67.2023 72.8343 52.0265 46.6006 46.2383 80.6054 78.3291 64.5892 97.049 64.3716 123.173 108.707
threshold=0.012249965453520419 0.067786492407321944 0.0041316214483231315 2.9375464916229252 7.5648036044634752e-06 7.4126805337459454e-05 0.63029062747955333 0.58638432621955883 0.0034278091282079503 0.0020053692164483006 0.0007826589521061502 0.0010424653151573002 0.0011597548747331501 0.0017797229811549189 0.31070631742477423 -0.0011310388869960998 -0.0013998216389781999 0.023833500221371654 3.343134999275208 0.015130863059312107 5.6309722301967368e-05 1.0000000180025095e-35 0.0028019598966353503 0.028851021081209186 0.00065212418282220011 0.011502557899802925 -0.03362212212173319 3.7290139198303227 0.0033909804187715058 0.0017366336486112502
decision_type=2 2 2 2 2 2 2 2 2 2 2 2 2 2 2 2 2 2 2 2 2 2 2 2 2 2 2 2 2 2
left_child=-1 4 -3 -4 21 6 7 8 9 10 15 14 -13 -14 -12 16 -6 20 -18 -20 -17 -2 25 24 -24 -7 -27 -26 29 -29
right_child=1 2 3 -5 5 22 -8 -9 -10 -11 11 12 13 -15 -16 17 18 -19 19 -21 -22 -23 23 -25 27 26 -28 28 -30 -31
leaf_value=1.140844727572746e-06 -0.0010652653758686042 0.088880189058295256 -0.30940012156963353 0.040743889068171647 -0.01879961307567387 -0.013391644121195182 -0.24137765726317531 0.10762617554077332 -0.12861786919335524 0.031922752249288547 -0.027898408214605298 0.079686949953126418 -0.023765122859811586 -0.13073685639208618 -0.15793122483760513 -0.19744843996854292 0.029432306128243609 0.0033912747665366567 -0.21161323132580276 -0.032592793150494501 -0.004907449351056763 -0.15382759504020216 0.017483628603458538 0.053518178334575055 -0.0019205943500737147 -0.16123321108520031 0.071867266843865019 0.015029183078196742 -0.24738397658676714 -0.19865272007882595
leaf_weight=83072899 12939 157 20 57 467 3481 23 34 57 211 64 48 243 99 114 36 24 1041 73 33 23 20 669 339 196 20 167 93 37 32
leaf_count=83072899 12939 157 20 57 467 3481 23 34 57 211 64 48 243 99 114 36 24 1041 73 33 23 20 669 339 196 20 167 93 37 32
internal_value=0 -0.00455002 0.0431136 -0.0502026 -0.00509189 -0.0115355 -0.0252732 -0.0233369 -0.0250948 -0.0227116 -0.0278012 -0.0610608 -0.0381869 -0.0547306 -0.111178 -0.0166689 -0.0412 -0.00335518 -0.121669 -0.15588 -0.12239 -0.00130103 -0.00446737 0.0112375 -0.00271886 -0.010316 0.0469367 -0.0404716 -0.0871135 -0.0396734
internal_weight=0 20817 234 77 20583 7624 2590 2567 2533 2476 2265 568 390 342 178 1697 597 1100 130 106 59 12959 5034 1366 1027 3668 187 358 162 125
internal_count=83093716 20817 234 77 20583 7624 2590 2567 2533 2476 2265 568 390 342 178 1697 597 1100 130 106 59 12959 5034 1366 1027 3668 187 358 162 125
is_linear=0
shrinkage=0.1


Tree=40
num_leaves=31
num_cat=0
split_feature=2 11 1 15 19 16 1 2 13 7 12 3 2 14 17 1 1 14 17 17 5 1 0 12 2 8 8 17 14 2
split_gain=39.3501 77.4256 64.9084 75.4817 75.104 69.1403 83.2471 102.445 66.0533 61.6062 88.9247 67.2892 117.706 125.447 79.0226 74.2566 83.859 71.3234 110.629 94.823 105.536 66.0294 59.3353 57.0287 56.8473 56.1695 54.7692 51.9945 50.3959 57.0383
threshold=0.62708550691604625 1.0000000180025095e-35 -9.9284895444660078e-05 0.99031487107276928 0.5209239423274995 0.57706825435161602 -0.00067321910716654991 3.343134999275208 0.71498215198516857 0.07163399271667005 0.26789896190166479 0.68211069703102123 1.4342429637908938 0.011766261886805298 0.90562623739242565 -0.0042801972292652495 -0.0046542061239585987 0.02984606567770243 0.8586067557334901 0.90562623739242565 0.65586459636688244 -0.029150001330241947 0.011766311318164552 0.9468207359313966 4.1433904170989999 0.98982542753219616 0.59466660022735607 0.61531996726989757 0.0013892139540985229 2.0711144208908085
decision_type=2 2 2 2 2 2 2 2 2 2 2 2 2 2 2 2 2 2 2 2 2 2 2 2 2 2 2 2 2 2
left_child=1 -1 3 5 22 8 7 -7 9 11 -11 14 -13 25 -2 16 17 18 27 20 -19 24 -4 -3 -16 -14 -24 -15 29 -10
right_child=2 23 4 -5 -6 6 -8 -9 28 10 -12 12 13 15 21 -17 -18 19 -20 -21 -22 -23 26 -25 -26 -27 -28 -29 -30 -31
leaf_value=1.8627786711090068e-05 -0.001120443906030564 -0.017424053278552017 -0.00012517457621888996 -0.07410227754967405 -0.0049764473239914163 -0.099192565155540979 -0.25553549414589288 0.10689917103770902 -0.001975608123573871 0.025841937735754564 0.23210055123675954 -0.20279191542755473 -0.0067239645006122424 -0.10399108428973705 -0.26636969407813416 0.0042426656654759032 -0.22639744477612633 -0.097691768299117923 -0.24457594294411444 0.12032673265784979 0.07041541249776373 0.0062698917649686341 -0.033708083743877071 -0.10203189615692412 -0.06473378316852553 0.10708497945557943 0.067015017922325379 0.066073507726192471 -0.024640872259774182 -0.025084972893702796
leaf_weight=77675708 401714 1544 4968064 143 32178 83 21 34 5986 419 22 33 3009 64 27 148 35 157 48 35 49 40 780 84 29 44 58 25 1835 1300
leaf_count=77675708 401714 1544 4968064 143 32178 83 21 34 5986 419 22 33 3009 64 27 148 35 157 48 35 49 40 780 84 29 44 58 25 1835 1300
internal_value=0 1.81707e-05 -0.000260605 -0.00146189 -0.000160848 -0.00143687 -0.0722077 -0.0393027 -0.00141334 -0.00122422 0.0361315 -0.00126486 -0.0147869 -0.0130702 -0.00114212 -0.0565331 -0.0783123 -0.0646007 -0.122213 -0.0318499 -0.0577051 -0.091859 -0.000129663 -0.0217896 -0.161951 -0.00508374 -0.0267368 -0.0562201 -0.00982924 -0.00609888
internal_weight=0 7.76773e+07 5.41638e+06 415300 5.00108e+06 415157 138 117 415019 405898 441 405457 3647 3614 401810 561 413 378 137 241 206 96 4.9689e+06 1628 56 3053 838 89 9121 7286
internal_count=83093716 77677336 5416380 415300 5001080 415157 138 117 415019 405898 441 405457 3647 3614 401810 561 413 378 137 241 206 96 4968902 1628 56 3053 838 89 9121 7286
is_linear=0
shrinkage=0.1


Tree=41
num_leaves=31
num_cat=0
split_feature=13 3 5 13 0 18 13 0 1 15 6 0 15 17 1 11 12 2 18 1 7 16 13 0 0 16 1 2 2 14
split_gain=35.1344 49.241 148.744 133.178 104.257 55.8014 73.5746 65.491 59.7042 56.8064 122.742 47.6645 57.1492 45.0074 92.313 44.9273 62.433 98.2423 44.2373 40.4634 301.572 53.1993 62.9617 48.6824 46.7652 49.8586 46.5008 107.201 153.058 75.1469
threshold=0.0025480916956439619 0.40880481898784643 0.18064829707145694 0.049410168081521995 0.00020769951286885003 0.26619982719421392 0.052741950377821929 0.029216446485834453 -0.0038985490211725995 0.80477145314216625 0.81283089518547069 6.5124736445710006e-05 0.56331124901771557 0.21915384382009509 -0.04365553592328409 0.15723580867052081 0.55693793296813976 0.058609500527381904 0.61783882975578319 -6.2258415221162059e-05 0.74613162875175487 0.57706825435161602 0.84551095962524425 0.00013782335633115002 0.00020177821374275004 1.0000000180025095e-35 -0.00029133956469834993 1.3698505163192751 1.4342429637908938 0.021033662371337417
decision_type=2 2 2 2 2 2 2 2 2 2 2 2 2 2 2 2 2 2 2 2 2 2 2 2 2 2 2 2 2 2
left_child=-1 2 13 -4 -5 7 -7 8 -3 11 -11 -10 -13 15 -15 18 17 -17 19 20 23 24 -23 -2 -21 -26 -25 -28 -29 -30
right_child=1 5 3 4 -6 6 -8 -9 9 10 -12 12 -14 14 -16 16 -18 -19 -20 21 -22 22 -24 26 25 -27 27 28 29 -31
leaf_value=5.0476786612990996e-06 7.373332064796534e-05 0.1040581341907382 -0.21985097570078715 -0.090719726717811131 0.11513934972531654 0.26062051418370435 0.050575677297411518 -0.14456048223376275 0.017600001240914157 -0.049403192758560185 0.2609271782522018 -0.099683578325096861 0.040974690331969155 0.033353796518934976 -0.099731487820927917 0.1349507628498893 -0.090140785379188626 -0.10944623606407951 -0.09886471408054881 -0.00065802475806051887 -0.3652331994927448 -0.23529507503623057 0.01262139104306698 -0.0050309224822378956 0.004375659028524108 0.1293123196985107 -0.0064326965902339944 -0.34603168082068719 -0.020837612654876842 -0.15518789416799944
leaf_weight=82595951 27387 75 56 89 34 21 81 25 336 25 26 88 43 87 130 38 127 29 46 417393 23 21 20 33188 17579 32 549 21 136 60
leaf_count=82595951 27387 75 56 89 34 21 81 25 336 25 26 88 43 87 130 38 127 29 46 417393 23 21 20 33188 17579 32 549 21 136 60
internal_value=0 -0.000837624 -0.000875479 -0.0920166 -0.0338156 0.025295 0.0938202 0.013985 0.020669 0.00859534 0.108804 -0.00234827 -0.0535133 -0.000842645 -0.0463747 -0.00082275 -0.0489366 0.029167 -0.000803949 -0.000794862 -0.00319879 -0.000455783 -0.11436 -0.00306305 -0.000445047 0.00460267 -0.00559315 -0.0299522 -0.0894555 -0.0619652
internal_weight=0 497765 497045 179 123 720 102 618 593 518 51 467 131 496866 217 496649 194 67 496455 496409 61364 435045 41 61341 435004 17611 33954 766 217 196
internal_count=83093716 497765 497045 179 123 720 102 618 593 518 51 467 131 496866 217 496649 194 67 496455 496409 61364 435045 41 61341 435004 17611 33954 766 217 196
is_linear=0
shrinkage=0.1


Tree=42
num_leaves=31
num_cat=0
split_feature=6 3 2 0 0 2 15 12 3 8 14 12 15 5 1 0 6 1 14 6 12 8 2 19 3 15 1 13 13 1
split_gain=34.7656 63.4981 52.4595 71.5323 69.5984 80.2674 81.7211 58.1523 57.6526 79.9554 56.7067 66.8733 51.4763 61.5247 98.374 123.541 123.121 143.34 94.0287 59.9565 120.424 72.1896 70.354 51.0355 48.892 52.4679 48.4103 48.0238 105.017 47.9374
threshold=0.81283089518547069 0.98685157299041759 0.43523900210857397 8.1324406376903912e-05 1.7652684519636216e-06 2.2194035053253178 0.21988103538751605 0.066720958799123778 0.82193505764007579 0.87390509247779857 0.018427844159305099 0.028062924742698673 0.13225658982992175 1.0000000180025095e-35 -0.13604505617114263 0.011766311318164552 0.019555250182747844 -0.03362212212173319 0.014833453577011825 0.098755661398172392 0.52838325500488292 0.57817959785461437 -0.051509000360965722 0.93326175212860119 0.072617162019014372 0.80477145314216625 -0.0017183350535578997 0.034241402521729476 0.0050229867920279512 -0.058934122107042346
decision_type=2 2 2 2 2 2 2 2 2 2 2 2 2 2 2 2 2 2 2 2 2 2 2 2 2 2 2 2 2 2
left_child=12 2 3 -2 5 6 -4 27 24 10 -10 -12 13 19 -15 -16 17 -17 -19 -1 21 22 -21 -14 -7 -26 -3 28 -6 -24
right_child=1 26 4 -5 7 8 -8 -9 9 -11 11 -13 23 14 15 16 -18 18 -20 20 -22 -23 29 -25 25 -27 -28 -29 -30 -31
leaf_value=1.5952491903194097e-06 -0.047969443949053239 0.11339637015759946 0.11786894691331934 0.060780236725486929 -0.021974922711385379 0.0015655140126563582 0.011212867706514605 0.049816778104878584 -0.0039355554522525673 -0.14871975618104141 -0.15190992934727354 0.05009869531444882 0.0084618399437156981 0.14349060096713001 -0.0066787712005463079 0.0015592854004353287 0.12680478134071049 -0.14095379409755204 -0.37137418467065564 0.058516383786617922 -0.15893595915217446 0.059004276027938111 0.055723303485191777 -0.12009274022233102 0.0248604936464033 0.13489676194265485 0.011921325076323801 -0.10895043704658747 0.18407551324367524 -0.011381779228535617
leaf_weight=83060625 622 50 120 67 2334 767 179 118 571 48 57 23 8073 43 10805 60 23 77 23 151 53 159 108 31 156 60 787 62 25 7439
leaf_count=83060625 622 50 120 67 2334 767 179 118 571 48 57 23 8073 43 10805 60 23 77 23 151 53 159 108 31 156 60 787 62 25 7439
internal_value=0 -0.00758272 -0.0116907 -0.0373944 -0.00777263 0.00627553 0.054018 -0.0187334 -0.00221139 -0.0241664 -0.0149828 -0.0938324 5.519e-07 -2.25489e-07 -0.00746795 -0.00805871 -0.0895354 -0.120634 -0.19395 7.66181e-07 -0.00870504 -0.00769165 -0.00906923 0.00797008 0.0134006 0.0554261 0.0179832 -0.0220746 -0.0197913 -0.0104215
internal_weight=0 6046 5209 689 4520 1981 299 2539 1682 699 651 80 8.30877e+07 8.30796e+07 11031 10988 183 160 100 8.30685e+07 7910 7857 7698 8104 983 216 837 2421 2359 7547
internal_count=83093716 6046 5209 689 4520 1981 299 2539 1682 699 651 80 83087670 83079566 11031 10988 183 160 100 83068535 7910 7857 7698 8104 983 216 837 2421 2359 7547
is_linear=0
shrinkage=0.1


Tree=43
num_leaves=31
num_cat=0
split_feature=2 1 0 2 1 19 19 0 0 2 2 2 15 19 1 2 2 8 19 0 0 1 3 18 17 3 19 0 19 2
split_gain=31.8177 42.2508 134.3 333.08 136.174 341.69 461.548 130.089 125.87 191.754 254.698 74.6006 73.1034 68.3454 86.8353 116.937 99.9055 200.659 104.012 95.2013 83.7286 69.5383 68.1935 174.903 63.1148 74.7936 59.9642 55.498 54.7534 81.3888
threshold=4.1433904170989999 -0.058934122107042346 0.011766311318164552 -0.39716699719429011 -0.049488690185407844 0.69166481494903576 0.83920091390609752 0.014622739945749553 0.029216446485834453 2.9375464916229252 1.8119350075721743 2.0711144208908085 1.0000000180025095e-35 0.12329576909542085 -0.13604505617114263 -1.0000000180025095e-35 3.7290139198303227 0.36880901455879217 0.67829844355583202 0.014622739945749553 0.070650786016459965 -0.081241258522397927 0.31070631742477423 0.26619982719421392 0.90562623739242565 0.68211069703102123 0.97406631708145153 0.070650786016459965 0.90277221798896801 2.5028109550476079
decision_type=2 2 2 2 2 2 2 2 2 2 2 2 2 2 2 2 2 2 2 2 2 2 2 2 2 2 2 2 2 2
left_child=1 13 -3 -4 5 8 7 -7 -5 10 -10 -12 -6 20 15 -15 19 18 -18 26 22 24 -1 -24 -22 -26 -17 -19 -21 -30
right_child=-2 2 3 4 12 6 -8 -9 9 -11 11 -13 -14 14 -16 16 17 27 -20 28 21 -23 23 -25 25 -27 -28 -29 29 -31
leaf_value=0.0038572627562455382 -0.0016581751623774771 2.3018368277862418e-06 -0.34709535288314025 0.026914145594621582 -0.0076499067931105058 -0.62396571593625216 -0.056017546297516679 -0.30161281410724888 0.062328905834104213 0.14120186252726449 -0.4252259709618309 -0.1988229000291159 -0.14867321519634211 0.25867688636416974 0.0033694543039841764 -0.0018031456065995895 -0.081066934168338781 -0.023868422098457815 -0.35854881514202463 0.070269169491686476 -0.01098061664084677 -0.12212290646774429 0.2103709809120467 -0.14270800381898882 -0.23845568420710386 -0.026099342950294882 0.17058148298944747 0.20390027835965158 0.065256169699954208 -0.073608131551494205
leaf_weight=14661 115559 82951935 30 258 5628 21 88 31 34 27 22 43 37 23 1998 516 35 20 22 724 1586 63 47 20 27 43 21 23 102 72
leaf_count=14661 115559 82951935 30 258 5628 21 88 31 34 27 22 43 37 23 1998 516 35 20 22 724 1586 63 47 20 27 43 21 23 102 72
internal_value=0 2.30819e-06 1.20016e-06 -0.0146935 -0.0130823 -0.0618544 -0.195592 -0.431794 -0.013096 -0.0950216 -0.159446 -0.275452 -0.00857098 0.00459765 0.0171686 0.0348649 0.0315114 -0.0651308 -0.188165 0.038246 0.00187968 -0.019005 0.00431726 0.104974 -0.015082 -0.108008 0.00493815 0.0979613 0.0581639 0.00779508
internal_weight=0 8.29782e+07 8.29582e+07 6219 6189 524 140 52 384 126 99 65 5665 20003 3556 1558 1535 100 57 1435 16447 1719 14728 67 1656 70 537 43 898 174
internal_count=83093716 82978157 82958154 6219 6189 524 140 52 384 126 99 65 5665 20003 3556 1558 1535 100 57 1435 16447 1719 14728 67 1656 70 537 43 898 174
is_linear=0
shrinkage=0.1


Tree=44
num_leaves=31
num_cat=0
split_feature=16 2 9 2 8 8 14 1 2 0 1 16 12 0 0 5 1 1 1 0 8 14 15 1 0 19 2 0 14 2
split_gain=31.3512 96.7424 103.996 63.5474 52.5824 54.0627 58.2184 220.321 48.0418 35.5407 65.8919 44.7693 33.8981 36.4286 29.9178 50.5772 63.5628 85.7745 82.7505 59.1524 60.8221 55.9744 57.7971 70.1627 48.4931 46.5351 43.7918 43.8004 43.2867 41.2414
threshold=1.0000000180025095e-35 3.343134999275208 0.12400152161717416 1.1838999986648562 0.27517622709274298 0.080030526965856566 0.0022438119631260638 -1.0000000180025095e-35 3.7290139198303227 0.00074082382212675008 -0.0013242049257002498 0.57706825435161602 0.47499512135982519 0.00023454635890010002 0.00011787766154520002 0.5839887559413911 -1.0000000180025095e-35 0.0018692392759132503 -0.00037245852377104991 0.029216446485834453 0.81237235665321361 0.12031837925314905 0.4608485102653504 -0.03362212212173319 0.00053691888042820012 0.14896758645772937 3.7290139198303227 0.011766311318164552 0.07924883067607881 3.343134999275208
decision_type=2 2 2 2 2 2 2 2 2 2 2 2 2 2 2 2 2 2 2 2 2 2 2 2 2 2 2 2 2 2
left_child=14 2 3 -2 5 6 12 -8 -9 10 11 -5 13 -3 25 -16 18 -18 19 20 21 22 23 -17 -24 -1 -25 -28 -19 -27
right_child=1 4 -4 9 -6 -7 7 8 -10 -11 -12 -13 -14 -15 15 16 17 28 -20 -21 -22 -23 24 26 -26 29 27 -29 -30 -31
leaf_value=8.3229975814845014e-06 0.028218913000018303 -0.0068514646392462677 -0.19745684332317778 -0.037653632574888359 0.0085227517727762461 -0.23371498882770539 0.11640977879287676 -0.1462355270408667 -0.33195447757840157 0.06759223412456257 -0.0059399728003727108 -0.14829283573619148 -0.14044585708262666 -0.14089942550205667 -0.00059580235076850472 0.036994947670254762 0.11816173342298973 -0.041897972976069224 -0.20232295843738096 0.11836433793817247 0.10479304860487129 0.058260073234874116 0.051251686439323041 0.069339680097997194 -0.05577437928252256 -0.0016292561837659562 -0.060498492505961711 -0.1953310328666121 0.11803488837555053 -0.008927286200664096
leaf_weight=82271207 581 171 27 118 100 20 24 26 30 56 1309 53 28 23 743253 82 73 110 27 28 33 63 115 25 67 66596 664 25 20 8762
leaf_count=82271207 581 171 27 118 100 20 24 26 30 56 1309 53 28 23 743253 82 73 110 27 28 33 63 115 25 67 66596 664 25 20 8762
internal_value=0 -0.0110533 -0.00243892 4.83138e-05 -0.0548192 -0.0744907 -0.063946 -0.137087 -0.245728 -0.0106074 -0.0135663 -0.0719453 -0.0375891 -0.0227437 3.41986e-07 -0.000630693 -0.0200994 0.0314174 -0.0293624 -0.0251247 -0.0288655 -0.0331025 -0.0389879 -0.0506121 0.011852 6.04786e-06 -0.0606734 -0.0653908 -0.0172929 -0.00247781
internal_weight=0 2566 2144 2117 422 322 302 80 56 1536 1480 171 222 194 8.30912e+07 744585 1332 203 1129 1102 1074 1041 978 796 182 8.23466e+07 714 689 130 75358
internal_count=83093716 2566 2144 2117 422 322 302 80 56 1536 1480 171 222 194 83091150 744585 1332 203 1129 1102 1074 1041 978 796 182 82346565 714 689 130 75358
is_linear=0
shrinkage=0.1


Tree=45
num_leaves=31
num_cat=0
split_feature=0 7 2 0 2 13 8 2 2 12 7 12 11 2 13 7 14 2 2 2 12 13 2 2 3 13 2 14 2 14
split_gain=28.159 245.575 301.907 248.308 209.581 142.068 147.357 114.421 170.572 139.54 102.002 290.832 392.485 229.238 485.469 231.102 213.13 155.511 153.093 295.634 150.775 147.411 143.836 220.965 109.859 109.054 197.996 106.205 110.297 153.486
threshold=1.2666905803989707e-06 0.5664392113685609 -0.0028364999452605839 0.070650786016459965 -0.35352151095867151 0.83454889059066784 0.72057884931564342 0.15351749956607821 0.13099399954080584 0.57462400197982799 0.46194367110729223 0.011947933584451677 0.15723580867052081 0.008138999808579685 0.9534423053264619 0.74613162875175487 0.0010408571106381717 0.015909499488770965 0.36766301095485693 0.24876549839973452 0.48284983634948736 0.68857181072235119 0.61379399895668041 0.52048450708389293 0.9252023994922639 0.92915076017379772 -1.0000000180025095e-35 0.44925495982170111 -0.036911999806761735 0.12977506220340732
decision_type=2 2 2 2 2 2 2 2 2 2 2 2 2 2 2 2 2 2 2 2 2 2 2 2 2 2 2 2 2 2
left_child=10 -2 4 5 -3 6 7 8 9 -4 24 13 18 15 17 16 -12 -15 19 21 -14 -13 23 -19 -1 26 -23 28 -17 -30
right_child=1 2 3 -5 -6 -7 -8 -9 -10 -11 11 12 20 14 -16 27 -18 22 -20 -21 -22 25 -24 -25 -26 -27 -28 -29 29 -31
leaf_value=2.5293922306069737e-05 -0.00012937305690898827 -0.043207121965936346 -0.19129892144243696 0.04153368172979674 0.15822631550760924 0.004119507057451401 -0.32761568234812832 -0.071000170915355806 -0.33777354102243079 -0.0083187615392463551 0.07800975184900899 0.075943271218244263 0.10853275551635307 0.25266586794303014 0.33658377674221995 0.03464675435366539 -0.12200632809716112 -0.021247839804655361 -0.0090432787399032048 0.39843435337146127 -0.059648833636538973 0.0080763781908899553 0.048916110047426679 -0.33210322690010075 -0.023261246607760255 0.040484451289687841 0.38036240811645983 -0.2789767625539199 -0.088547387399846578 0.12695566956402868
leaf_weight=69779894 13307601 99 103 159 108 119 31 381 44 70 246 668 64 26 50 104 68 268 137 33 319 20 324 25 2026 28 50 23 593 35
leaf_count=69779894 13307601 99 103 159 108 119 31 381 44 70 246 668 64 26 50 104 68 268 137 33 319 20 324 25 2026 28 50 23 593 35
internal_value=0 -0.000133303 -0.0470828 -0.0719528 0.0618886 -0.0960763 -0.115032 -0.104012 -0.161973 -0.117261 2.54212e-05 0.0182203 0.0537307 -0.00836213 0.0364362 -0.0374035 0.0346942 0.0130966 0.0886247 0.105371 -0.0315454 0.0927458 0.00300133 -0.0477713 2.46178e-05 0.207278 0.273995 -0.0673886 -0.0607403 -0.0765369
internal_weight=0 1.33087e+07 1114 907 207 748 629 598 217 173 6.9785e+07 3081 1319 1762 693 1069 314 643 936 799 383 766 617 293 6.97819e+07 98 70 755 732 628
internal_count=83093716 13308715 1114 907 207 748 629 598 217 173 69785001 3081 1319 1762 693 1069 314 643 936 799 383 766 617 293 69781920 98 70 755 732 628
is_linear=0
shrinkage=0.1


Tree=46
num_leaves=31
num_cat=0
split_feature=13 0 1 0 14 14 2 1 2 2 8 0 16 2 16 9 2 8 8 0 0 14 0 0 2 0 1 16 16 2
split_gain=28.0124 43.4732 102.729 55.2919 115.35 42.1001 68.8074 70.4104 49.4802 89.4964 41.3367 40.4523 37.9514 34.981 34.2558 75.2623 79.1365 42.588 43.7888 48.9174 119.57 52.3964 41.635 37.6113 34.5926 30.1995 55.5677 34.8178 28.8197 27.901
threshold=0.91969251632690441 0.00062457601494615006 -0.038089963686641991 0.00088545100318140012 0.019132312387228016 0.00044526625424623495 2.5028109550476079 -0.0017443212992950998 0.91987800598144542 1.1838999986648562 0.78861004114151012 0.029216446485834453 1.0000000180025095e-35 0.41084000468254095 1.0000000180025095e-35 0.12400152161717416 3.343134999275208 0.27517622709274298 0.080030526965856566 0.00019112343900745001 0.00013480959773270001 0.010551472660154106 0.00020297190080340003 1.8125423324538831e-06 1.1838999986648562 0.00074082382212675008 -0.0013242049257002498 0.57706825435161602 0.57706825435161602 1.8119350075721743
decision_type=2 2 2 2 2 2 2 2 2 2 2 2 2 2 2 2 2 2 2 2 2 2 2 2 2 2 2 2 2 2
left_child=14 2 -2 4 -3 12 7 8 -7 -10 13 -5 -4 -9 -1 16 24 18 19 20 21 23 -21 -18 -16 26 27 -26 -24 -28
right_child=1 3 5 11 -6 6 -8 10 9 -11 -12 -13 -14 -15 15 -17 17 -19 -20 22 -22 -23 28 -25 25 -27 29 -29 -30 -31
leaf_value=1.9358067845137473e-06 0.19703069054521621 -0.033536821752673016 -0.00105086809830317 -0.0079593284157547326 -0.26185126814829268 -0.01864003926815145 -0.14453064686569728 0.0086725932844388849 -0.21272384405453157 -0.042471558259179198 0.13345027516950811 0.094730776585638526 0.094043630467993883 -0.011805021553724572 0.019782696038163902 -0.17771254110115547 -0.094544365220382565 0.0076769179217517376 -0.21033054284751415 -0.19376992259174586 0.19664913288184577 -0.18679930682365711 -0.13867875395894602 0.0062870891408083295 -0.035486221102106828 0.063211965944448653 -0.03216894596421329 -0.13345061488765872 0.00063102243073058853 0.0026641960626087951
leaf_weight=83029610 26 584 54823 936 23 157 38 1079 47 90 21 40 42 3677 546 27 61 100 20 40 21 26 27 94 115 55 298 53 33 1007
leaf_count=83029610 26 584 54823 936 23 157 38 1079 47 90 21 40 42 3677 546 27 61 100 20 40 21 26 27 94 115 55 298 53 33 1007
internal_value=0 -0.00213198 -0.00170042 -0.0184894 -0.0421879 -0.00178657 -0.010469 -0.00946437 -0.0569624 -0.100879 -0.00654111 -0.00375072 -0.000978072 -0.00715924 1.58174e-06 -0.0116505 -0.00985412 -0.0493284 -0.0670319 -0.057542 -0.0292246 -0.0554309 -0.114743 -0.033395 -0.00182222 -0.0095423 -0.0122589 -0.0663917 -0.0620584 -0.00529004
internal_weight=0 61583 60000 1583 607 59974 5109 5071 294 137 4777 976 54865 4756 8.30321e+07 2523 2496 422 322 302 202 181 100 155 2074 1528 1473 168 60 1305
internal_count=83093716 61583 60000 1583 607 59974 5109 5071 294 137 4777 976 54865 4756 83032133 2523 2496 422 322 302 202 181 100 155 2074 1528 1473 168 60 1305
is_linear=0
shrinkage=0.1


Tree=47
num_leaves=31
num_cat=0
split_feature=2 11 3 2 15 19 0 1 0 15 12 4 2 2 7 7 13 12 14 2 12 13 12 14 0 0 1 3 18 1
split_gain=25.8298 54.2053 50.2699 66.6229 65.5417 47.0204 88.6489 95.293 47.5063 46.6316 46.4787 45.3059 174.323 96.7307 45.2119 55.5679 115.872 115.759 93.6298 63.8431 57.3537 48.6233 45.1129 79.0742 55.9121 42.1568 56.4391 84.9911 75.7219 74.0646
threshold=0.62708550691604625 1.0000000180025095e-35 0.98685157299041759 0.49990250170230871 0.93541446328163158 0.82058468461036693 0.070650786016459965 -0.13604505617114263 0.0074286826741851008 0.99031487107276928 0.042662667110562331 1.0000000180025095e-35 0.17863449454307559 -0.036911999806761735 0.96035403013229381 0.74613162875175487 0.20462840795516971 0.83168035745620739 0.10341256484389307 -0.028119499795138832 0.21255996823310855 1.0000000180025095e-35 0.17453056573867801 0.10850441828370096 1.6072558700752913e-06 0.00011163639738940002 -0.029150001330241947 0.98685157299041759 0.61783882975578319 0.00055228668362705018
decision_type=2 2 2 2 2 2 2 2 2 2 2 2 2 2 2 2 2 2 2 2 2 2 2 2 2 2 2 2 2 2
left_child=1 2 4 9 11 25 7 -7 10 -4 -9 -1 13 -13 15 16 -3 19 -18 -17 -20 -21 23 -12 -25 -2 27 -27 29 -28
right_child=5 14 3 -5 -6 6 -8 8 -10 -11 22 12 -14 -15 -16 17 18 -19 20 21 -22 -23 -24 24 -26 26 28 -29 -30 -31
leaf_value=1.5319385942791631e-05 -0.00011801559396064136 -0.013408021613788183 -0.028802451118826868 0.19999906245086874 -0.061183293579412358 0.046349800766025892 -0.044274757546010249 -0.0020871829988841815 -0.024454195662019465 0.12267726890502438 -0.019081634045284439 0.13967653500537078 0.16781963464350275 -0.067929224834395202 -0.076018324244767441 0.25977264316309068 -0.026914419286438951 -0.033671210461954405 -0.35590287625789641 0.11830206816084683 -0.1341815700488431 -0.031136021988861493 -0.0077070629388158235 -0.14464684666577474 -0.025050480230637485 0.0029450395815599001 -0.0028667493036824781 -0.059267449885505634 0.055648470813327515 0.00043802127553831637
leaf_weight=77675006 5051397 1155 59 28 175 377 546 22685 1118 31 475 24 39 346 125 21 46 136 20 64 28 33 1371 103 63 34486 200949 221 230 102359
leaf_count=77675006 5051397 1155 59 28 175 377 546 22685 1118 31 475 24 39 346 125 21 46 136 20 64 28 33 1371 103 63 34486 200949 221 230 102359
internal_value=0 1.4723e-05 1.51054e-05 0.065285 1.50063e-05 -0.000211139 -0.00439429 -0.00356294 -0.00429187 0.0233739 -0.00337914 1.51441e-05 -0.0332673 -0.0544629 -0.0182322 -0.0134263 -0.0220973 0.0292118 -0.128864 0.101687 -0.226565 0.0674623 -0.0179458 -0.0398449 -0.0992579 -0.000190386 -0.00127118 0.0025489 -0.00170798 -0.00175147
internal_weight=0 7.76773e+07 7.76757e+07 118 7.76756e+07 5.41638e+06 26738 26192 25815 90 24697 7.76754e+07 409 370 1628 1503 1249 254 94 118 48 97 2012 641 166 5.38964e+06 338245 34707 303538 303308
internal_count=83093716 77677336 77675708 118 77675590 5416380 26738 26192 25815 90 24697 77675415 409 370 1628 1503 1249 254 94 118 48 97 2012 641 166 5389642 338245 34707 303538 303308
is_linear=0
shrinkage=0.1


Tree=48
num_leaves=31
num_cat=0
split_feature=13 3 5 13 0 18 13 0 1 15 6 0 15 2 17 1 18 14 13 12 7 14 7 0 2 14 13 2 11 13
split_gain=24.3824 41.068 118.451 107.654 84.6545 45.1379 61.0817 48.8331 46.4988 40.866 91.8481 37.0502 43.6295 37.7733 36.5233 74.3252 35.8441 34.9973 65.8647 79.313 79.4718 198.888 75.7518 228.236 260.012 129.125 76.6721 138.528 64.1587 62.3295
threshold=0.0025480916956439619 0.40880481898784643 0.18064829707145694 0.049410168081521995 0.00020769951286885003 0.26619982719421392 0.052741950377821929 0.029216446485834453 -0.0038985490211725995 0.80477145314216625 0.81283089518547069 6.5124736445710006e-05 0.56331124901771557 0.31678099930286413 0.21915384382009509 -0.04365553592328409 0.61783882975578319 0.00044526625424623495 0.3679694682359696 1.0000000180025095e-35 0.74613162875175487 0.063147000968456282 0.5664392113685609 6.0782147360469059e-06 -1.0000000180025095e-35 0.13784719258546832 0.93199837207794201 0.46141399443149572 1.0000000180025095e-35 0.76542666554451
decision_type=2 2 2 2 2 2 2 2 2 2 2 2 2 2 2 2 2 2 2 2 2 2 2 2 2 2 2 2 2 2
left_child=-1 2 14 -4 -5 7 -7 8 -3 11 -11 13 -13 -10 16 -16 17 -2 -19 22 28 -22 -20 24 -24 26 27 29 -21 -26
right_child=1 5 3 4 -6 6 -8 -9 9 10 -12 12 -14 -15 15 -17 -18 18 19 20 21 -23 23 -25 25 -27 -28 -29 -30 -31
leaf_value=4.2046892837885444e-06 -0.00021445374237685839 0.092358929337312781 -0.19699839603688038 -0.08101394891717964 0.10448574085363789 0.23677930675801778 0.045396310065723498 -0.12390962973237039 -0.04074913944377629 -0.043750467300415041 0.22469964485902053 -0.086620668981711127 0.036278874405421491 0.036083041795156895 0.029820453951499244 -0.089596644264910055 -0.088954469982696627 -0.00054673649639928998 -0.0066600051672014611 0.0088800850606028207 -0.044993259145153897 0.25400331741706894 -0.29699642242443181 -0.38860507136210803 -0.094797962044294068 0.15444035001707324 0.13350951179862022 0.060384179168456315 -0.10317210127384618 -0.32643051821561087
leaf_weight=82595951 380967 75 56 89 34 21 81 25 86 25 26 88 43 250 87 130 46 78118 34223 2950 45 44 31 20 26 49 20 37 52 21
leaf_count=82595951 380967 75 56 89 34 21 81 25 86 25 26 88 43 250 87 130 46 78118 34223 2950 45 44 31 20 26 49 20 37 52 21
internal_value=0 -0.000697785 -0.000732356 -0.082065 -0.0297376 0.0231678 0.0847987 0.0129957 0.0187674 0.00811223 0.0931065 -0.00116979 -0.0462796 0.0164177 -0.000703055 -0.0417197 -0.000685134 -0.000676958 -0.00220069 -0.00564447 0.00970002 0.102825 -0.00702217 -0.0677784 -0.032906 0.0206026 -0.0424556 -0.0843521 0.00693914 -0.198293
internal_weight=0 497765 497045 179 123 720 102 618 593 518 51 467 131 336 496866 217 496649 496603 115636 37518 3091 89 34427 204 184 153 104 84 3002 47
internal_count=83093716 497765 497045 179 123 720 102 618 593 518 51 467 131 336 496866 217 496649 496603 115636 37518 3091 89 34427 204 184 153 104 84 3002 47
is_linear=0
shrinkage=0.1


Tree=49
num_leaves=31
num_cat=0
split_feature=6 2 5 12 2 0 0 15 0 12 0 15 8 14 0 14 0 2 3 15 2 3 3 3 0 0 14 14 1 1
split_gain=24.4503 42.4741 40.0564 72.9604 145.754 40.3262 58.9363 62.7839 77.7121 48.2906 47.968 69.8807 45.0894 43.2744 50.9236 42.4454 42.3376 36.4457 44.1637 37.5726 79.2039 82.1598 79.5679 64.5455 64.5343 112.75 61.274 57.1677 58.5379 111.338
threshold=0.012249965453520419 -0.64398401975631703 0.067786492407321944 0.0041316214483231315 2.9375464916229252 7.5648036044634752e-06 3.4000999343864063e-05 0.80477145314216625 3.0575672901077271e-05 0.92628020048141491 1.0000000180025095e-35 0.80477145314216625 0.56357473134994518 0.014370062854140999 0.00045996814701465002 0.44925495982170111 1.6072558700752913e-06 -0.013741999864578245 0.17585674673318866 0.019555250182747844 0.021308500319719318 0.82193505764007579 0.44697870314121252 0.51241087913513195 0.0015969188177035003 0.0023825874081039003 0.5405339002609254 0.10850441828370096 -0.0024257768351269994 -0.0023728900424845995
decision_type=2 2 2 2 2 2 2 2 2 2 2 2 2 2 2 2 2 2 2 2 2 2 2 2 2 2 2 2 2 2
left_child=-1 -2 5 -4 -5 10 7 8 -7 12 15 16 17 14 -14 -3 -12 18 -8 20 21 22 -19 -21 -25 -26 27 28 -22 -30
right_child=1 2 3 4 -6 6 9 -9 -10 -11 11 -13 13 -15 -16 -17 -18 19 -20 23 26 -23 -24 24 25 -27 -28 -29 29 -31
leaf_value=8.5931609062935194e-07 -0.14230075989934532 -0.0048999156545613482 0.07696572107256977 -0.27413943901658061 0.039624622568749546 0.034848114437978681 -0.00084873827603665656 -0.13803037083775238 -0.092454045706038046 -0.14660834623873234 0.091461951084026744 -0.020623278104141357 0.049315663389399772 0.11990041878758645 -0.068229227627293679 0.048722284474099681 0.014316857745114937 -0.042668774016479505 0.11352591899416919 -0.009224678852586387 0.005170156956280772 0.065061716238657627 -0.19921147601553313 0.039829072329465913 -0.22034154181127197 0.061336948884030185 -0.13731404772171607 0.024163375417261795 -0.20209059261662118 -0.020096307421742326
leaf_weight=83072899 22 9298 157 20 57 99 93 69 93 25 73 625 121 49 53 150 2791 67 53 1707 1061 30 63 536 27 30 39 410 34 2965
leaf_count=83072899 22 9298 157 20 57 99 93 69 93 25 73 625 121 49 53 150 2791 67 53 1707 1061 30 63 536 27 30 39 410 34 2965
internal_value=0 -0.00342672 -0.0032798 0.0378608 -0.0418725 -0.00374801 -0.00951697 -0.0562159 -0.0268139 -0.0078616 -0.000348268 0.00967198 -0.00738891 0.0368886 0.0135118 -0.00404859 0.0162832 -0.00877666 0.0406708 -0.00981258 -0.0149661 -0.084108 -0.118532 0.000649019 0.0290713 -0.0720897 -0.0125126 -0.0114237 -0.0150175 -0.0221596
internal_weight=0 20817 20795 234 77 20561 7624 261 192 7363 12937 3489 7338 223 174 9448 2864 7115 146 6969 4669 160 130 2300 593 57 4509 4470 4060 2999
internal_count=83093716 20817 20795 234 77 20561 7624 261 192 7363 12937 3489 7338 223 174 9448 2864 7115 146 6969 4669 160 130 2300 593 57 4509 4470 4060 2999
is_linear=0
shrinkage=0.1


Tree=50
num_leaves=31
num_cat=0
split_feature=9 0 16 0 12 3 6 2 3 15 19 12 14 14 5 14 19 13 6 5 0 2 0 0 1 14 12 12 12 12
split_gain=22.322 95.0954 65.4708 35.7911 35.8388 32.2785 24.0649 55.3593 45.7884 40.6976 40.8749 40.7836 74.0001 71.1268 119.003 43.4416 58.5066 54.6715 49.9741 39.1375 92.3654 105.136 84.3264 97.1395 93.4949 64.5444 96.909 99.9463 111.051 96.0285
threshold=0.05694923177361489 0.029216446485834453 1.0000000180025095e-35 0.0014384478279482504 0.18062395602464679 0.68211069703102123 0.81283089518547069 -0.0055095001589506856 0.98685157299041759 0.13225658982992175 0.93326175212860119 0.23219675570726397 0.38713116943836218 0.022168925963342193 0.42564877867698675 0.0047737467102706441 1.0000000180025095e-35 0.06765147298574449 0.72271147370338451 0.34849354624748236 1.2666905803989707e-06 2.9375464916229252 5.6309722301967368e-05 5.6944641303432595e-05 -0.0029617136041607994 0.028851021081209186 0.044330276548862464 0.0010905198287218811 0.0091636953875422495 0.049724135547876365
decision_type=2 2 2 2 2 2 2 2 2 2 2 2 2 2 2 2 2 2 2 2 2 2 2 2 2 2 2 2 2 2
left_child=6 2 3 5 -5 -2 9 -8 -9 19 11 15 13 -13 -15 16 -11 18 -17 -1 21 -21 -22 24 -24 26 27 -23 -29 -27
right_child=1 -3 -4 4 -6 -7 7 8 -10 10 -12 12 -14 14 -16 17 -18 -19 -20 20 22 25 23 -25 -26 29 -28 28 -30 -31
leaf_value=1.0122611528684802e-06 -0.0037263225369737491 0.17691950414265539 -0.15992099073956964 -0.030615745749644409 -0.16515358124690302 0.071681530636392141 -0.08509131686931308 -0.0087255493653998501 0.016917318865999186 0.0044468613933841402 -0.10750630507546087 -0.0027995269414330714 0.040038656715917151 -0.043179342334635967 -0.23614877721196725 0.033229196404316673 0.096448648927201119 -0.080203376680004365 -0.021681341151632172 -0.23999697024172006 0.030171829280240071 -0.02495916079320612 -0.24453517687506976 -0.0024113555911237771 -0.035726708110708459 0.060327439387393302 0.14077930060037247 -0.27878082954522337 -0.046740456843240699 -0.048619074591023978
leaf_weight=83059832 13767 29 27 198 22 57 88 5039 808 5507 31 343 189 201 38 1458 70 49 187 22 847 2086 32 2256 65 217 34 33 55 129
leaf_count=83059832 13767 29 27 198 22 57 88 5039 808 5507 31 343 189 201 38 1458 70 49 187 22 847 2086 32 2256 65 217 34 33 55 129
internal_value=0 -0.00397851 -0.00435133 -0.00405225 -0.0440695 -0.0034154 6.74963e-07 -0.00636679 -0.00518195 1.12987e-06 0.00710092 0.0075427 -0.0143264 -0.031981 -0.0738607 0.00986165 0.00560163 0.0238865 0.0269871 4.39855e-07 -0.00823085 -0.0223251 0.00311505 -0.00662447 -0.104612 -0.0204501 -0.0267431 -0.0293631 -0.133756 0.0197087
internal_weight=0 14100 14071 14044 220 13824 8.30796e+07 5935 5847 8.30737e+07 8073 8042 771 582 239 7271 5577 1694 1645 8.30656e+07 5776 2576 3200 2353 97 2554 2208 2174 88 346
internal_count=83093716 14100 14071 14044 220 13824 83079616 5935 5847 83073681 8073 8042 771 582 239 7271 5577 1694 1645 83065608 5776 2576 3200 2353 97 2554 2208 2174 88 346
is_linear=0
shrinkage=0.1


Tree=51
num_leaves=31
num_cat=0
split_feature=0 5 19 1 0 2 0 5 1 19 19 2 9 14 13 17 3 1 0 2 19 1 3 3 0 18 14 19 1 19
split_gain=21.8968 83.5096 74.0697 66.4114 122.947 269.142 121.423 88.0844 81.8283 225.98 385.606 161.481 108.896 94.7126 98.6589 74.5117 95.2797 260.432 134.382 119.799 142.514 81.0451 70.1336 256.157 87.5548 79.7466 73.114 67.2902 100.751 66.0414
threshold=0.070650786016459965 0.18064829707145694 0.84593534469604503 -0.058934122107042346 0.011766311318164552 -0.39716699719429011 0.014622739945749553 1.0000000180025095e-35 -0.038089963686641991 0.69166481494903576 0.82344812154769909 2.2194035053253178 0.22492027282714847 0.062006603926420219 0.089962683618068709 0.79550775885581981 0.021004183217883114 -0.049488690185407844 0.029216446485834453 1.8119350075721743 0.027776347473263744 -0.049488690185407844 0.68211069703102123 0.31070631742477423 0.029216446485834453 0.61783882975578319 0.03829969838261605 0.25912688672542578 -0.13604505617114263 0.66379645466804515
decision_type=2 2 2 2 2 2 2 2 2 2 2 2 2 2 2 2 2 2 2 2 2 2 2 2 2 2 2 2 2 2
left_child=3 2 29 6 -5 -6 -1 8 9 13 11 -11 -10 15 -15 16 18 -18 -7 -20 21 -21 23 27 -25 26 -26 -8 -29 -2
right_child=1 -3 -4 4 5 7 22 -9 12 10 -12 -13 -14 14 -16 -17 17 -19 19 20 -22 -23 -24 24 25 -27 -28 28 -30 -31
leaf_value=0.0020008334268844939 -0.0065257114814284952 0.15257801662170978 -0.04373274372566209 1.797152710231718e-07 -0.31231562204658991 -0.0022254723099087411 0.0099985714093517551 -0.094624283463936157 -0.0064231294377798762 -0.48421141157912856 -0.044482784750699951 -0.15664127809857881 0.1757867886713057 0.099439265915813549 -0.11213085193324973 -0.19309963662750448 0.22490728520601988 -0.13381813536672033 0.020370865195516997 -0.26270650825692787 0.012328354384195299 -0.10337007590890701 -0.042946261714530899 0.28896440722716926 0.12519405753961926 0.21404507357627153 -0.12333908006548883 0.067008337868651832 0.0067975676508786366 0.037295027285736047
leaf_weight=15382 5060 33 501 83061903 30 482 2267 127 5396 34 163 27 33 120 27 26 50 34 67 71 47 58 158 39 29 40 20 618 505 369
leaf_count=15382 5060 33 501 83061903 30 482 2267 127 5396 34 163 27 33 120 27 26 50 34 67 71 47 58 158 39 29 40 20 618 505 369
internal_value=0 -0.00605958 -0.00694238 4.33766e-07 -9.20402e-07 -0.0134547 0.00590289 -0.0121288 -0.0105497 -0.034112 -0.124746 -0.339221 -0.00531557 -0.0134378 0.0605794 -0.0264683 -0.0211131 0.0797089 -0.0327945 -0.0934294 -0.136751 -0.191067 0.0222308 0.025158 0.164025 0.109277 0.023752 0.0199147 0.0399323 -0.00354729
internal_weight=0 5963 5930 8.30878e+07 8.30687e+07 6792 19058 6762 6635 1206 224 61 5429 982 147 835 809 84 725 243 176 129 3676 3518 128 89 49 3390 1123 5429
internal_count=83093716 5963 5930 83087753 83068695 6792 19058 6762 6635 1206 224 61 5429 982 147 835 809 84 725 243 176 129 3676 3518 128 89 49 3390 1123 5429
is_linear=0
shrinkage=0.1


Tree=52
num_leaves=31
num_cat=0
split_feature=2 13 19 0 17 19 8 2 2 2 2 13 0 2 8 14 2 2 13 0 13 7 0 2 0 1 3 3 17 2
split_gain=21.0716 72.1398 95.9976 103.472 69.5018 66.5737 91.8084 204.881 339.453 60.8896 162.22 153.805 56.9298 55.7906 120.678 149.519 96.7598 96.7504 67.2587 202.315 145.928 57.2351 49.0676 53.2812 47.7358 60.0242 81.6109 88.7545 98.288 60.4219
threshold=1.8839390277862551 0.7849460542201997 0.93326175212860119 0.00070150694313955014 0.016976296901702884 0.99999997019767772 0.26109434664249426 2.5028109550476079 4.1433904170989999 2.5028109550476079 2.9375464916229252 0.88970136642456066 0.0015969188177035003 2.5028109550476079 1.0000000180025095e-35 0.0086138504557311552 3.7290139198303227 2.9375464916229252 0.88117954134941112 5.4480269741181924e-06 0.85525208711624157 0.74613162875175487 5.6660420142234267e-06 3.343134999275208 0.0017366336486112502 -0.019336473726990048 0.98685157299041759 0.9252023994922639 0.90562623739242565 3.7290139198303227
decision_type=2 2 2 2 2 2 2 2 2 2 2 2 2 2 2 2 2 2 2 2 2 2 2 2 2 2 2 2 2 2
left_child=-1 5 3 13 9 24 7 -7 22 -5 11 12 -11 21 15 16 18 -17 19 20 -15 -3 -9 -24 -2 26 27 28 -26 -29
right_child=1 2 -4 4 -6 6 -8 8 -10 10 -12 -13 -14 14 -16 17 -18 -19 -20 -21 -22 -23 23 -25 25 -27 -28 29 -30 -31
leaf_value=5.8066226848793135e-06 -0.00022621264113012397 -0.0043967852136409724 0.09117907395528764 -0.038333058347651633 0.078872346674047772 0.020129319330401445 -0.0098717030464619878 -0.37180888990943251 0.051806122528182133 -0.45108791698109024 0.0013597481339596785 -0.043621398834511639 -0.2179739698767662 -0.11286359847124135 -0.00043238117708527599 -0.10366851182823832 0.038515585254844248 -0.36754538180927437 -0.041508242010770899 0.0024634234434752554 -0.44186727384535174 0.15020646173506977 -0.10387711058415117 -0.3319397255778313 3.0863337371676188e-05 -0.011656113666095591 -0.062816803241259475 -0.06519115131129237 -0.064930423442274329 0.078136379668038394
leaf_weight=82003353 1054089 10555 97 527 42 108 847 39 45 22 65 30 20 28 784 33 111 24 280 54 26 24 21 20 13502 8271 210 34 237 218
leaf_count=82003353 1054089 10555 97 527 42 108 847 39 45 22 65 30 20 28 784 33 111 24 280 54 26 24 21 20 13502 8271 210 34 237 218
internal_value=0 -0.000436712 -0.00792291 -0.00868432 -0.0458818 -0.000348334 -0.0251638 -0.0807533 -0.167916 -0.0537729 -0.113165 -0.216556 -0.340081 -0.006481 -0.0257044 -0.0613398 -0.0438132 -0.214775 -0.067366 -0.134405 -0.271273 -0.00404605 -0.29151 -0.215127 -0.000323439 -0.00488402 -0.000939799 -1.10472e-05 -0.00108973 0.0587985
internal_weight=0 1.09036e+06 12722 12625 706 1.07764e+06 1080 233 125 664 137 72 42 11919 1340 556 499 57 388 108 54 10579 80 41 1.07656e+06 22472 14201 13991 13739 252
internal_count=83093716 1090363 12722 12625 706 1077641 1080 233 125 664 137 72 42 11919 1340 556 499 57 388 108 54 10579 80 41 1076561 22472 14201 13991 13739 252
is_linear=0
shrinkage=0.1


Tree=53
num_leaves=31
num_cat=0
split_feature=0 7 2 0 2 13 8 0 12 12 2 7 12 11 2 13 7 12 2 2 2 2 2 13 12 3 0 2 13 13
split_gain=19.9244 193.894 240.707 197.997 166.96 104.661 120.709 92.2079 239.813 188.663 87.3075 85.6041 230.153 310.907 177.098 392.935 186.748 177.14 126.417 124.325 240.617 115.643 179.981 113.487 107.03 86.2455 84.4058 88.6153 112.247 83.3058
threshold=1.2666905803989707e-06 0.5664392113685609 -0.0028364999452605839 0.070650786016459965 -0.35352151095867151 0.83454889059066784 0.72057884931564342 5.4480269741181924e-06 0.18062395602464679 0.0047678176779299983 -0.3814955055713653 0.46194367110729223 0.011947933584451677 0.15723580867052081 0.008138999808579685 0.9534423053264619 0.74613162875175487 0.0023993502836674456 0.015909499488770965 0.36766301095485693 0.24876549839973452 0.61379399895668041 0.52048450708389293 0.68857181072235119 0.48284983634948736 0.9252023994922639 6.0782147360469059e-06 0.73574399948120128 0.60262569785118114 0.93659621477127086
decision_type=2 2 2 2 2 2 2 2 2 2 2 2 2 2 2 2 2 2 2 2 2 2 2 2 2 2 2 2 2 2
left_child=11 -2 4 5 10 6 7 8 -4 26 -3 25 14 19 16 18 17 -13 -16 20 23 22 -20 -14 -15 -1 -9 28 -28 -25
right_child=1 2 3 -5 -6 -7 -8 9 -10 -11 -12 12 13 24 15 -17 -18 -19 21 -21 -22 -23 -24 29 -26 -27 27 -29 -30 -31
leaf_value=2.1247556737322187e-05 -0.00010863760549171735 0.017713679674508893 -0.085536516016500808 0.037302714241844302 0.14145756057739534 0.00042125889405357741 -0.29425220407785907 -0.054201730331451203 -0.40995020877209404 0.00078271143138408661 -0.19568678508870876 0.057628540286145349 0.068294091154255707 0.090401793605997233 0.22741974156636457 0.30244934906810528 -0.059437989436875609 -0.19064085721038282 -0.019269788846957375 -0.0086786876257231131 0.35881839812253463 0.043487692964750461 -0.29981979486346244 0.23313507176445505 -0.05129713580759715 -0.020611392445534196 -0.16854114167300271 -0.080098871314439227 -0.41093890011310585 0.012165530771017076
leaf_weight=69779894 13307601 73 86 159 108 119 31 103 31 203 26 282 668 64 26 50 755 32 268 137 33 324 25 76 319 2026 81 69 25 22
leaf_count=69779894 13307601 73 86 159 108 119 31 103 31 203 26 282 668 64 26 50 755 32 268 137 33 324 25 76 319 2026 81 69 25 22
internal_value=0 -0.00011213 -0.0418299 -0.0640366 0.0554718 -0.0855779 -0.101848 -0.0918739 -0.171492 -0.0725073 -0.0383309 2.13845e-05 0.0166897 0.0482792 -0.00695763 0.0324179 -0.0324836 0.0323272 0.0114201 0.0793359 0.0944272 0.00231801 -0.0432075 0.083037 -0.027619 2.06485e-05 -0.126025 -0.168298 -0.22571 0.18353
internal_weight=0 1.33087e+07 1114 907 207 748 629 598 117 481 99 6.9785e+07 3081 1319 1762 693 1069 314 643 936 799 617 293 766 383 6.97819e+07 278 175 106 98
internal_count=83093716 13308715 1114 907 207 748 629 598 117 481 99 69785001 3081 1319 1762 693 1069 314 643 936 799 617 293 766 383 69781920 278 175 106 98
is_linear=0
shrinkage=0.1


Tree=54
num_leaves=31
num_cat=0
split_feature=16 2 9 2 8 2 14 1 14 14 12 1 1 1 1 12 0 0 2 0 1 14 14 2 13 0 1 0 14 0
split_gain=19.6233 64.1821 55.2917 41.8807 34.3385 35.784 138.019 49.443 36.8002 54.7408 28.1333 28.6509 38.8261 32.3127 27.3716 24.8868 23.0754 29.5358 22.2705 56.436 44.2254 46.6749 23.3521 34.6877 20.6488 32.6977 83.464 45.3458 90.6255 34.0315
threshold=1.0000000180025095e-35 3.343134999275208 0.12400152161717416 1.1838999986648562 0.27517622709274298 3.7290139198303227 0.0050791089888662109 -1.0000000180025095e-35 0.18104687333106997 0.0019134719623252752 0.010628995951265098 -0.0013242049257002498 -0.0040520794056662984 -0.0037559232676861996 0.0091869288168362519 0.038135366514325149 0.00023454635890010002 1.8125423324538831e-06 2.5028109550476079 0.00020013538153690002 0.00031802762916345004 0.051278088241815574 0.035152798518538482 1.8839390277862551 0.91969251632690441 0.00062457601494615006 -0.038089963686641991 0.00088545100318140012 0.019132312387228016 0.029216446485834453
decision_type=2 2 2 2 2 2 2 2 2 2 2 2 2 2 2 2 2 2 2 2 2 2 2 2 2 2 2 2 2 2
left_child=24 2 3 14 5 8 7 -7 9 16 11 12 -5 -14 -2 -12 17 -3 22 20 21 -20 -13 -24 -1 26 -26 28 -27 -29
right_child=1 4 -4 10 -6 6 -8 -9 -10 -11 15 18 13 -15 -16 -17 -18 -19 19 -21 -22 -23 23 -25 25 27 -28 29 -30 -31
leaf_value=1.6272518198876817e-06 0.016221673063525299 -0.10869886837899685 -0.1439272137703719 -0.012133956609036902 0.006794541413895786 -0.18925283312797547 -0.33053169426592915 -0.010683041198206122 -0.16516870900988578 0.096736919693648823 0.11106756710580418 -0.028429912892775008 -0.16915455456627043 -0.036946119512948732 0.092925097665512102 0.0052832034691313251 -0.14704459771513939 -0.0043997930425593596 0.016034655974694861 0.15255768614319654 -0.11627182118594646 -0.12704384536094343 0.074476966885544491 -0.018953708201859213 0.17767381221055986 -0.029810492814341494 -0.0015341023537668698 -0.0065271362479786101 -0.23218193365179976 0.08766331624239683
leaf_weight=83029610 530 37 27 116 100 20 22 69 20 32 35 539 38 36 51 61 20 102 456 26 30 24 61 114 26 584 59932 935 23 40
leaf_count=83029610 530 37 27 116 100 20 22 69 20 32 35 539 38 36 51 61 20 102 456 26 30 24 61 114 26 584 59932 935 23 40
internal_value=0 -0.00874482 -0.00172829 8.52999e-05 -0.0443928 -0.0602895 -0.106251 -0.0508111 -0.0361105 -0.0225966 -0.00856516 -0.0120595 -0.0482393 -0.104837 0.0229547 0.0438504 -0.0466134 -0.0321629 -0.0065602 0.00884533 0.00151882 0.00888073 -0.0181251 0.0136136 2.70088e-07 -0.00183081 -0.00145639 -0.0160214 -0.0374786 -0.00266291
internal_weight=0 2566 2144 2117 422 322 111 89 211 191 1536 1440 190 74 581 96 159 139 1250 536 510 480 714 175 8.30912e+07 61540 59958 1582 607 975
internal_count=83093716 2566 2144 2117 422 322 111 89 211 191 1536 1440 190 74 581 96 159 139 1250 536 510 480 714 175 83091150 61540 59958 1582 607 975
is_linear=0
shrinkage=0.1


Tree=55
num_leaves=31
num_cat=0
split_feature=1 0 2 0 3 18 1 19 19 0 0 2 2 2 3 1 5 14 1 0 5 0 14 14 14 19 3 3 0 14
split_gain=18.2113 81.0136 220.838 120.223 74.8907 133.321 81.6931 240.614 318.995 96.9709 78.7168 149.614 147.452 80.1804 72.6752 113.456 65.8202 151.407 62.5803 58.1147 112.928 97.7967 85.853 151.639 74.7947 170.514 58.0535 208.022 70.7276 67.1432
threshold=-0.058934122107042346 0.011766311318164552 -0.26685950160026545 0.014622739945749553 0.9252023994922639 1.0000000180025095e-35 -0.049488690185407844 0.69166481494903576 0.83920091390609752 0.014622739945749553 0.029216446485834453 3.7290139198303227 1.8119350075721743 2.0711144208908085 1.0000000180025095e-35 -0.015083690928206349 1.0000000180025095e-35 0.014833453577011825 -0.03362212212173319 0.070650786016459965 0.11898779869079591 0.014622739945749553 0.52380889654159557 0.59381383657455455 0.22321097552776339 0.87280812859535228 0.68211069703102123 0.31070631742477423 0.029216446485834453 0.011260102503001692
decision_type=2 2 2 2 2 2 2 2 2 2 2 2 2 2 2 2 2 2 2 2 2 2 2 2 2 2 2 2 2 2
left_child=19 -2 3 -3 5 6 7 10 9 -9 -4 12 -12 -14 15 -7 -8 -18 -6 21 22 -1 24 -24 -21 -26 27 -23 -29 -30
right_child=1 2 4 -5 18 14 16 8 -10 -11 11 -13 13 -15 -16 -17 17 -19 -20 20 -22 26 23 -25 25 -27 -28 28 29 -31
leaf_value=0.0018225821809627495 1.2440970840386437e-07 -0.37557696830481291 0.026006613620469035 -0.084987674610955383 -0.22388066070686496 -0.16057944016797202 -0.0060821609357790268 -0.51859690518606283 -0.0516223410026945 -0.24204663820783026 0.053011472988873723 0.12149383157040135 -0.35829218883406033 -0.13298446311881501 0.079437788168709056 0.10948766034894758 -0.02139859767207368 -0.30026779326796538 -0.043300598212441463 -0.0087780277035011157 0.20562541556358338 0.017916120974254962 -0.34987818099558354 0.022951718264569841 0.081037490573191262 -0.1821283879157688 -0.039320752065322262 0.26007571124877688 -0.062754340805113315 0.14533821432378843
leaf_weight=15382 83061903 24 265 35 28 35 6196 21 107 32 34 33 22 56 254 28 88 25 61 5110 25 3390 20 24 204 28 158 39 20 69
leaf_count=15382 83061903 24 265 35 28 35 6196 21 107 32 34 33 22 56 254 28 88 25 61 5110 25 3390 20 24 204 28 158 39 20 69
internal_value=0 -8.04181e-07 -0.0105033 -0.203193 -0.00894276 -0.00781518 -0.0107371 -0.0469925 -0.150998 -0.351623 -0.00640517 -0.0656405 -0.120778 -0.196533 0.0555917 -0.0405496 -0.00746154 -0.0830953 -0.100112 0.00272771 -0.00641836 0.00532449 -0.0074026 -0.146516 -0.00625677 0.0492761 0.019978 0.0226412 0.147783 0.0985758
internal_weight=0 8.30692e+07 7344 59 7285 7196 6879 570 160 53 410 145 112 78 317 63 6309 113 89 24469 5411 19058 5386 44 5342 232 3676 3518 128 89
internal_count=83093716 83069247 7344 59 7285 7196 6879 570 160 53 410 145 112 78 317 63 6309 113 89 24469 5411 19058 5386 44 5342 232 3676 3518 128 89
is_linear=0
shrinkage=0.1


Tree=56
num_leaves=31
num_cat=0
split_feature=1 15 0 0 1 1 2 12 1 7 9 3 3 17 2 7 0 5 18 18 19 19 14 14 14 19 18 1 3 2
split_gain=17.9523 50.0945 39.1129 36.69 52.0066 56.4214 47.8726 42.3526 33.5252 66.284 54.4381 41.7358 62.579 74.0603 50.3341 46.7543 51.7025 61.4716 61.0906 82.0629 54.9019 65.3335 55.5708 96.7002 94.8765 82.6896 74.6342 53.6611 125.835 52.2616
threshold=-0.0021377268432001997 0.99031487107276928 6.3123604794373448e-05 0.014622739945749553 -0.00035139888326994991 0.030816266808323754 0.23601249605417254 0.037004575133323676 -0.029150001330241947 0.28284921497106558 0.41850791871547705 0.98685157299041759 0.9252023994922639 0.90562623739242565 3.7290139198303227 0.28284921497106558 0.070650786016459965 0.18064829707145694 0.61783882975578319 0.7019123136997224 0.83920091390609752 0.66379645466804515 0.5042116940021516 0.23009546101093295 0.59381383657455455 0.54846203327178966 0.61783882975578319 -0.058934122107042346 0.40880481898784643 2.0711144208908085
decision_type=2 2 2 2 2 2 2 2 2 2 2 2 2 2 2 2 2 2 2 2 2 2 2 2 2 2 2 2 2 2
left_child=1 8 -3 -2 -5 6 -6 -7 10 -10 11 12 13 15 -14 16 18 20 -1 -20 21 22 23 25 -24 -18 -25 -21 -29 -23
right_child=3 2 -4 4 5 7 -8 -9 9 -11 -12 -13 14 -15 -16 -17 17 -19 19 27 -22 29 24 26 -26 -27 -28 28 -30 -31
leaf_value=0.0025362319145071765 3.7650024667677517e-06 0.031843030962931076 -0.12189342840337905 -0.099686625584120489 0.10236431433329896 -0.018698367821217639 0.0049494657967903317 -0.092130517952101337 -0.00090830974325785407 -0.16058132270207773 -0.063455032938145459 -0.040863320171187656 -0.054466039138404948 -0.050856667529280419 0.070381624679579299 0.046077167466525376 -0.0074696539908428328 0.14528661593794823 0.15807439760704126 -0.015256871764350984 -0.041310773460657167 -0.034172768517192913 -0.26799190234054221 0.10260191975680531 0.022484162628002791 -0.07638184104542263 -0.10580789971863852 -0.12483620372135192 0.16807482608340005 0.056902697693337417
leaf_weight=50021 82625630 23 59 71 59 808 348 87 410390 26 128 228 38 266 215 240 3590 26 56 137 471 82 22 122 23 183 20 20 55 272
leaf_count=50021 82625630 23 59 71 59 808 348 87 410390 26 128 228 38 266 215 240 3590 26 56 137 471 82 22 122 23 183 20 20 55 272
internal_value=0 -0.00061846 -0.0787722 3.49336e-06 -0.0163434 -0.0117986 0.019071 -0.0258365 -0.000604726 -0.000918425 0.00168553 0.00183419 0.00200847 0.0017827 0.0516298 0.00203572 0.00184389 -0.00805984 0.00279135 0.0504081 -0.00889307 -0.00535373 -0.00903317 -0.00776313 -0.119526 -0.0108121 0.0732484 0.0219679 0.0899652 0.0358061
internal_weight=0 466713 82 8.2627e+07 1373 1302 407 895 466631 410416 56215 56087 55859 55606 253 55340 55100 4811 50289 268 4785 4314 3960 3915 45 3773 142 212 75 354
internal_count=83093716 466713 82 82627003 1373 1302 407 895 466631 410416 56215 56087 55859 55606 253 55340 55100 4811 50289 268 4785 4314 3960 3915 45 3773 142 212 75 354
is_linear=0
shrinkage=0.1


Tree=57
num_leaves=31
num_cat=0
split_feature=1 0 19 2 2 0 12 2 0 1 13 2 19 1 0 19 1 18 0 2 14 3 12 5 1 3 3 14 2 12
split_gain=18.0118 45.9666 82.2575 77.6506 69.7938 60.2918 57.7729 50.3555 47.5258 41.1145 39.1206 36.6966 36.182 32.5939 31.1897 57.2267 61.2874 65.9748 66.2164 80.4763 78.826 145.253 75.1479 71.0309 147.245 71.8173 65.332 63.4862 78.4386 62.3529
threshold=0.020300758245390255 0.0074286826741851008 0.94167014956474315 -0.16519050300121305 0.14051799476146701 0.011766311318164552 0.026688948273658756 0.1571604982018471 0.029216446485834453 0.085824421418069854 0.9348982870578767 0.0028820000588893895 0.33817726373672491 0.085824421418069854 0.00028705688994705008 0.071058861911296858 -0.029150001330241947 0.7019123136997224 0.0009740921802358001 0.97308099269866954 0.010240113362669946 0.021004183217883114 0.98214671015739452 0.65586459636688244 -0.0020093086143538499 0.98685157299041759 0.72271147370338451 0.79552990198135387 0.78813800215721141 0.99366164207458507
decision_type=2 2 2 2 2 2 2 2 2 2 2 2 2 2 2 2 2 2 2 2 2 2 2 2 2 2 2 2 2 2
left_child=14 10 3 -3 5 9 7 -6 -7 -5 -2 -11 -12 -10 -1 16 -16 18 -18 27 22 -22 23 -21 25 26 -25 -20 -29 -24
right_child=1 2 -4 4 6 8 -8 -9 13 11 12 -13 -14 -15 15 -17 17 -19 19 20 21 -23 29 24 -26 -27 -28 28 -30 -31
leaf_value=2.253606543776282e-06 0.0030664506022446986 0.093704600118632839 -0.20426970991221341 -0.043259618649012357 0.13709483555069676 0.0048670105569002843 -0.058566968677575985 -0.00066666495181424458 0.0002116212621331215 -0.21238829031586648 -0.022697569183975811 -0.085510327670512337 -0.14447961706254217 -0.16067147335749776 0.0015332093643307574 0.0035605666306205634 -0.0013472493792325534 0.062069454548078822 -0.0018582630578651276 -0.013808297822787759 -0.0045346245418105158 0.060029718408644475 0.17344481660387456 -0.057730082269100584 0.085672126572649721 -0.0123126526363194 -0.22792512771131387 -0.023794249298149037 -0.23338878530149279 -0.014898568566422909
leaf_weight=82808177 40607 70 22 83 27 196 177 1535 20 40 253 53 27 34 47704 23456 122878 158 27087 15107 5294 373 39 34 43 40 67 57 26 32
leaf_count=82808177 40607 70 22 83 27 196 177 1535 20 40 253 53 27 34 47704 23456 122878 158 27087 15107 5294 373 39 34 43 40 67 57 26 32
internal_value=0 0.0020427 -0.01185 -0.00995597 -0.0133076 -0.049584 -0.004421 0.00171462 -0.0180187 -0.0944212 0.0028096 -0.140081 -0.0344408 -0.101085 -1.06197e-06 -0.00113375 -0.00163667 -0.00251976 -0.00257941 -0.00572068 -0.0103653 -0.000285022 -0.0140839 -0.0145605 -0.0763175 -0.125719 -0.170632 -0.00212584 -0.0894504 0.0885577
internal_weight=0 43144 2257 2235 2165 426 1739 1562 250 176 40887 93 280 54 8.30506e+07 242395 218939 171235 171077 48199 21029 5667 15362 15291 184 141 101 27170 83 71
internal_count=83093716 43144 2257 2235 2165 426 1739 1562 250 176 40887 93 280 54 83050572 242395 218939 171235 171077 48199 21029 5667 15362 15291 184 141 101 27170 83 71
is_linear=0
shrinkage=0.1


Tree=58
num_leaves=31
num_cat=0
split_feature=19 2 0 2 1 2 19 0 13 13 13 1 1 19 1 19 2 19 14 19 0 0 19 2 19 1 8 0 8 12
split_gain=18.2163 39.0392 50.8319 118.899 42.958 162.154 115.989 111.823 117.812 78.1565 88.2523 74.6483 71.7236 95.255 117.38 188.931 215.021 82.6236 64.4638 68.3386 54.9002 79.2205 85.0264 66.8363 59.4612 54.7485 102.338 54.4589 53.0884 72.2626
threshold=0.49189253151416784 0.94279950857162487 0.011766311318164552 0.10698499903082849 -0.13604505617114263 2.9375464916229252 0.99852940440177929 0.0074286826741851008 0.003786049317568541 0.021788221783936027 0.57931295037269603 -0.025553262607634599 -0.058934122107042346 0.97406631708145153 -0.049488690185407844 0.68681129813194286 2.5028109550476079 0.78116965293884288 0.14320854842662814 0.9280410408973695 0.014622739945749553 0.029216446485834453 0.75959697365760814 2.2194035053253178 0.96679237484931957 -0.029150001330241947 0.81704154610633861 1.6072558700752913e-06 0.94691431522369396 0.011947933584451677
decision_type=2 2 2 2 2 2 2 2 2 2 2 2 2 2 2 2 2 2 2 2 2 2 2 2 2 2 2 2 2 2
left_child=-1 2 -2 -4 5 20 9 27 11 28 -11 12 18 14 15 -14 17 -17 -9 -20 24 23 -23 -22 -3 -16 -27 -6 29 -7
right_child=1 4 3 -5 7 6 -8 8 -10 10 -12 -13 13 -15 25 16 -18 -19 19 -21 21 22 -24 -25 -26 26 -28 -29 -30 -31
leaf_value=1.5009347991511996e-06 0.00022954846383785893 -0.0034015790495529846 0.24300235752016308 0.021710319608279915 -0.0070371187796809164 0.026174877039571873 -0.15032235723511692 -0.0092746482294501602 0.071542453081307245 -0.2887640216946602 -0.011613896589174316 -0.0036394775432144703 0.010415550649166107 0.0066471199225005065 -0.040851789645079295 -0.47312867354888183 -0.059078902006149292 -0.25010405714097234 -0.048688241401969486 -0.24885502675024329 0.053226145534288317 0.11006865762763392 0.0088258947138948485 0.28428219122391557 0.17756506405770778 -0.057473644452250533 -0.32842777252197264 0.00075352757652358011 -0.068803571519303205 -0.042815950510049536
leaf_weight=83008507 45025 197 26 367 17676 662 57 606 117 20 27 660 50 148 377 26 49 46 66 23 21 162 170 31 20 46 20 18223 94 197
leaf_count=83008507 45025 197 26 367 17676 662 57 606 117 20 27 660 50 148 377 26 49 46 66 23 21 162 170 31 20 46 20 18223 94 197
internal_value=0 -0.00146138 0.000542102 0.0363505 -0.00374819 0.0120093 -0.0115721 -0.00443332 -0.026141 -0.00366337 -0.12955 -0.0315397 -0.0441781 -0.0653673 -0.0827259 -0.153101 -0.220669 -0.330641 -0.0209461 -0.100417 0.0534829 0.0762032 0.0582275 0.190971 0.0132774 -0.0555609 -0.139581 -0.00308244 0.00254511 0.0103528
internal_weight=0 85209 45418 393 39791 1658 1057 38133 2234 1000 47 2117 1457 762 614 171 121 72 695 89 601 384 332 52 217 443 66 35899 953 859
internal_count=83093716 85209 45418 393 39791 1658 1057 38133 2234 1000 47 2117 1457 762 614 171 121 72 695 89 601 384 332 52 217 443 66 35899 953 859
is_linear=0
shrinkage=0.1


Tree=59
num_leaves=31
num_cat=0
split_feature=6 5 12 2 1 1 1 1 0 3 0 3 0 1 12 1 2 0 0 2 0 1 3 3 1 0 1 0 14 6
split_gain=17.9103 34.9073 54.2171 104.262 35.9518 65.2232 62.3941 119.487 56.6972 71.1219 62.4928 73.3107 60.322 77.8344 48.053 41.9497 39.309 38.709 109.873 51.0279 38.3155 43.8092 42.6967 48.8164 38.2812 109.227 73.2037 52.1805 39.734 39.6553
threshold=0.012249965453520419 0.067786492407321944 0.0041316214483231315 2.9375464916229252 -0.00073739192060974989 -0.00079680821195764987 -0.00064982305117019981 -0.00063106660227654993 6.9447146087407797e-05 0.98685157299041759 0.00010843814361815001 0.75704458355903637 6.6626122023773351e-05 -0.0032426253526769999 0.66958993673324596 -0.005181145005498349 -0.019251500256359574 0.00064318288702815011 0.00053691888042820012 0.1280619949102402 6.3123604794373448e-05 -0.0035467119632050497 0.067786492407321944 0.19669672846794131 -0.0029105252387257494 0.00019115742228690004 -0.0035467119632050497 0.00012199118436380002 0.063147000968456282 0.91760551929473888
decision_type=2 2 2 2 2 2 2 2 2 2 2 2 2 2 2 2 2 2 2 2 2 2 2 2 2 2 2 2 2 2
left_child=-1 4 -3 -4 5 8 -6 -8 12 10 11 -10 20 -14 16 -11 -12 18 24 -19 21 -2 -23 -24 26 28 27 -18 -26 -29
right_child=1 2 3 -5 6 -7 7 -9 9 15 14 -13 13 -15 -16 -17 17 19 -20 -21 -22 22 23 -25 25 -27 -28 29 -30 -31
leaf_value=7.352411196685965e-07 0.072961093698229104 0.069182625414127383 -0.22970498859882357 0.035668010303848668 0.073853026097426791 -0.14160052288849004 -0.17467788660433145 -0.0016430206792695452 0.0033447600942342229 0.010893690049648285 0.075175204154853112 0.097272024608017621 -0.015733148402401378 -0.22375887837764383 0.1233807456418872 0.18499729320887598 -0.1074445934517176 -0.092427272491533166 -0.12481082704401128 0.011146537303644163 0.035593751259148119 0.01005971251009417 -0.1686499746464607 -0.046998359462208483 0.047754430431581125 -0.080662514156002382 0.093898865406620596 0.0032459881960654928 -0.059423763522917922 -0.077520198374986651
leaf_weight=83072899 35 157 20 57 109 39 40 17208 322 25 46 112 35 37 25 31 56 52 108 558 87 121 36 394 131 281 68 511 47 69
leaf_count=83072899 35 157 20 57 109 39 40 17208 322 25 46 112 35 37 25 31 56 52 108 558 87 121 36 394 131 281 68 511 47 69
internal_value=0 -0.00293284 0.0354729 -0.03326 -0.00336946 -0.0130636 -0.00156768 -0.00204431 -0.0114907 -0.00412364 -0.00673813 0.0275841 -0.0356389 -0.122635 -0.0143692 0.107272 -0.0161563 -0.0183898 -0.0283279 0.00231729 -0.0263317 -0.0355254 -0.0424166 -0.0571831 -0.0193682 -0.0418372 -0.0047187 -0.0152627 0.0194546 -0.0063624
internal_weight=0 20817 234 77 20583 3226 17357 17248 3187 2442 2386 434 745 72 1952 56 1927 1881 1271 610 673 586 551 430 1163 459 704 636 178 580
internal_count=83093716 20817 234 77 20583 3226 17357 17248 3187 2442 2386 434 745 72 1952 56 1927 1881 1271 610 673 586 551 430 1163 459 704 636 178 580
is_linear=0
shrinkage=0.1


Tree=60
num_leaves=31
num_cat=0
split_feature=9 17 16 2 0 2 1 19 19 3 3 2 2 2 12 12 2 13 13 6 2 2 14 3 15 1 1 0 0 15
split_gain=17.0349 69.5177 42.7868 29.8046 25.2388 35.0466 30.7112 23.7456 22.5932 26.9749 26.295 16.9823 16.937 21.7964 19.6599 24.3892 18.8446 18.2352 33.5705 16.3215 50.5657 131.964 41.6149 77.0567 43.6965 34.9863 48.3127 59.337 55.6027 34.9687
threshold=0.05694923177361489 0.21915384382009509 1.0000000180025095e-35 -0.022071499377489086 0.0014384478279482504 1.1838999986648562 -0.03362212212173319 0.87280812859535228 0.44704665243625646 1.0000000180025095e-35 0.27964606881141668 -0.090998001396656022 1.139945983886719 1.8839390277862551 0.19089563190937045 0.13483144342899325 0.89643099904060375 0.06529963389039041 0.19879025965929034 0.91760551929473888 0.43523900210857397 0.52048450708389293 0.0040164506062865266 0.82193505764007579 1.0000000180025095e-35 3.986900228217239e-05 8.8704250177732924e-05 3.4737169443349844e-05 6.462959780720846e-05 0.066122770309448256
decision_type=2 2 2 2 2 2 2 2 2 2 2 2 2 2 2 2 2 2 2 2 2 2 2 2 2 2 2 2 2 2
left_child=19 2 3 11 7 -6 -7 8 10 -10 12 -2 14 -14 15 -5 -16 -15 -19 29 -21 -22 25 -24 -25 -23 -27 -28 -29 -1
right_child=1 -3 -4 4 5 6 -8 -9 9 -11 -12 -13 13 17 16 -17 -18 18 -20 20 21 22 23 24 -26 26 27 28 -30 -31
leaf_value=1.7088176000194167e-07 0.0060179842555875421 0.16313116180896758 -0.12953533611639784 -0.010103511706087602 -0.1338601629715413 -0.062604554724193337 0.015516866289218454 0.059266591491177682 -0.024545328699472086 -0.15602439299225809 0.05266557331926313 0.06645068687096399 0.0037157858735195797 -0.0048391381292846522 -0.015282034026137715 0.073983099577682357 -0.086143112374526085 -0.11370117689736865 -0.004709994728099319 -0.038910211301814809 0.18800130816073055 0.0030450568464952762 0.037584986240099899 -0.098374108253046877 0.019673578173686299 -0.17499058676714249 -0.16287987877235369 0.050957318811732183 -0.042331870755028221 0.0059124845095522884
leaf_weight=83066007 93 25 27 2386 32 95 107 60 71 20 83 93 4074 6623 87 35 66 44 79 430 36 2530 87 160 39 22 27 102 171 10005
leaf_count=83066007 93 25 27 2386 32 95 107 60 71 20 83 93 4074 6623 87 35 66 44 79 430 36 2530 87 160 39 22 27 102 171 10005
internal_value=0 -0.00347555 -0.00377147 -0.00352976 -0.00406331 -0.0366267 -0.0212234 -0.00350418 -0.00378176 -0.0534418 -0.00344645 0.0362343 -0.00379416 -0.00205975 -0.0110849 -0.00888789 -0.0458496 -0.00554767 -0.0436987 5.90977e-07 -0.00672883 -0.00236903 -0.00455301 -0.0409185 -0.0752391 -0.000906262 -0.0319523 -0.0214629 -0.00747657 8.82913e-07
internal_weight=0 14100 14075 14048 13862 234 202 13628 13568 91 13477 186 13394 10820 2574 2421 153 6746 123 8.30796e+07 3604 3174 3138 286 199 2852 322 300 273 8.3076e+07
internal_count=83093716 14100 14075 14048 13862 234 202 13628 13568 91 13477 186 13394 10820 2574 2421 153 6746 123 83079616 3604 3174 3138 286 199 2852 322 300 273 83076012
is_linear=0
shrinkage=0.1


Tree=61
num_leaves=31
num_cat=0
split_feature=13 1 0 15 16 13 11 7 2 14 8 2 2 13 12 2 2 13 12 2 2 12 7 14 13 13 13 14 13 2
split_gain=16.3065 32.7123 31.2113 98.9967 44.9769 56.8828 38.8351 48.2241 265.584 191.167 168.894 165.009 155.648 272.714 158.84 283.014 252.757 104.193 135.818 96.1363 220.457 169.07 85.5234 113.203 79.4375 76.8953 116.321 68.5964 53.54 144.472
threshold=0.0025480916956439619 0.0083331990598606524 0.00013782335633115002 0.72313192486763012 0.57706825435161602 0.88117954134941112 1.0000000180025095e-35 0.07163399271667005 0.36051850020885473 0.36691232025623327 0.69638928771018993 0.42634750902652746 0.21933950483798983 0.9534423053264619 0.0047678176779299983 -0.11021450161933898 -0.18869099766016004 0.69549220800399791 0.45193974673748022 0.52048450708389293 0.61379399895668041 0.015561600215733053 0.74613162875175487 0.12977506220340732 0.88621550798416149 0.99966749548912059 0.9945952594280244 0.0047737467102706441 0.54835242033004772 0.16752150654792788
decision_type=2 2 2 2 2 2 2 2 2 2 2 2 2 2 2 2 2 2 2 2 2 2 2 2 2 2 2 2 2 2
left_child=-1 2 4 -4 6 -6 7 -2 9 12 11 -10 14 -14 15 -9 -16 18 27 -13 21 -21 28 25 -19 26 -24 -18 29 -17
right_child=1 -3 3 -5 5 -7 -8 8 10 -11 -12 19 13 -15 16 22 17 24 -20 20 -22 -23 23 -25 -26 -27 -28 -29 -30 -31
leaf_value=3.4380053999351499e-06 -0.00048258869882656887 0.0041991066284097021 -0.0033330409890663308 0.16736699158106658 -0.20997032309355945 0.020622483394108715 -0.033642149268879699 0.20238561094800633 -0.2451412389407287 -0.18832561875644482 -0.34548982590436939 0.075752141488421909 0.067290695953895072 0.47234140668826347 -0.07934227414490258 -0.020199229880707187 0.3444392061233521 0.33112073174931789 0.017330566478640209 -0.32834526431702438 0.011267340744518682 0.0089435934696508491 -0.027272974803430633 0.16303598010732281 0.1351039426257977 0.10844299071985815 -0.18321009474753772 0.095970354378223433 0.079069483820781189 0.17590315595946529
leaf_weight=82595951 436120 13975 45340 34 23 20 352 75 37 38 20 76 68 22 61 257 25 44 81 42 151 23 491 31 39 36 53 20 167 44
leaf_count=82595951 436120 13975 45340 34 23 20 352 75 37 38 20 76 68 22 61 257 25 44 81 42 151 23 491 31 39 36 53 20 167 44
internal_value=0 -0.000570643 -0.000708425 -0.00320513 -0.000450028 -0.102718 -0.000439996 -0.000413314 0.0154793 0.0332039 -0.0633418 -0.0461899 0.0387641 0.166303 0.0307034 0.0145485 0.0997506 0.152022 0.0947156 -0.0209804 -0.0550159 -0.208997 0.00149216 -0.0231475 0.239016 -0.0330987 -0.0424654 0.234009 0.0336606 0.0084669
internal_weight=0 497765 483790 45374 438416 43 438373 438021 1901 1552 349 329 1514 90 1424 1154 270 209 126 292 216 65 1079 611 83 580 544 45 468 301
internal_count=83093716 497765 483790 45374 438416 43 438373 438021 1901 1552 349 329 1514 90 1424 1154 270 209 126 292 216 65 1079 611 83 580 544 45 468 301
is_linear=0
shrinkage=0.1


Tree=62
num_leaves=31
num_cat=0
split_feature=6 2 2 2 3 3 15 5 3 2 15 0 3 14 12 2 3 1 3 1 1 1 3 0 0 1 0 1 6 8
split_gain=15.3945 33.4359 32.072 120.503 64.7596 82.3273 63.5908 57.2521 50.2197 64.6684 56.389 75.9773 56.3467 46.9993 69.5583 62.2232 82.0152 46.8184 67.2313 49.0718 43.8917 99.3697 150.954 80.8871 62.5142 59.4051 74.6646 46.2661 41.0993 39.7804
threshold=0.012249965453520419 -0.64398401975631703 2.2194035053253178 1.9652274847030642 0.98685157299041759 0.17585674673318866 0.72313192486763012 0.34849354624748236 0.98685157299041759 1.8839390277862551 0.80477145314216625 0.00019232492536430004 0.22048421949148181 0.10850441828370096 0.61086905002594005 2.5028109550476079 0.27964606881141668 -0.015957623089464145 0.31070631742477423 -0.0073970820948098493 3.986900228217239e-05 0.00024139811985865003 0.62018048763275158 3.4000999343864063e-05 0.0015969188177035003 0.085824421418069854 0.0052684475765885511 0.00013451250823495002 0.81283089518547069 0.64576271176338207
decision_type=2 2 2 2 2 2 2 2 2 2 2 2 2 2 2 2 2 2 2 2 2 2 2 2 2 2 2 2 2 2
left_child=-1 -2 3 7 5 -5 -7 8 9 10 17 -12 -11 15 -15 16 -4 18 -3 -19 -17 22 27 28 -25 26 -26 -22 -23 -21
right_child=1 2 13 4 -6 6 -8 -9 -10 12 11 -13 -14 14 -16 20 -18 19 -20 29 21 23 -24 24 25 -27 -28 -29 -30 -31
leaf_value=6.8268608019778235e-07 -0.12593465286561034 -0.026745464422650675 0.0054736787754604051 0.0080500000502665963 -0.11866449837883314 0.099261608265425558 -0.0029408749781156844 0.16329474115655537 0.05306931864237413 -0.014588317192263073 -0.025640243272301605 -0.20189620416897994 -0.12993997923866216 0.016461437365590494 -0.094400327475899368 -0.0028697235680127478 -0.078339068778648102 0.067216676678247586 -0.22775959916412833 0.00035539824163653092 -0.27406265817582609 -0.048111825419026755 0.037669732598815023 -0.0061668622008715385 -0.18109191510459929 0.061392158371481036 0.030338777601718905 -0.10064698938280343 -0.19405916026660375 0.090952644698625934
leaf_weight=83072899 22 99 204 287 24 306 76 21 160 99 412 26 74 1389 59 10275 273 116 20 4449 40 43 41 2087 61 22 23 25 35 49
leaf_count=83072899 22 99 204 287 24 306 76 21 160 99 412 26 74 1389 59 10275 273 116 20 4449 40 43 41 2087 61 22 23 25 35 49
internal_value=0 -0.00271907 -0.00258871 0.00342431 0.0427315 0.0485215 0.0789281 -0.00150599 -0.00213478 -0.00378759 -0.0017755 -0.0361029 -0.0639295 -0.00515364 0.0119443 -0.00703937 -0.0424946 0.00140122 -0.0605294 0.00299848 -0.00570265 -0.0179485 -0.112587 -0.0135312 -0.00997192 -0.0848886 -0.1232 -0.207364 -0.113601 0.00134234
internal_weight=0 20817 20795 6218 693 669 382 5525 5504 5344 5171 438 173 14577 1448 13129 477 4733 119 4614 12652 2377 106 2271 2193 106 84 65 78 4498
internal_count=83093716 20817 20795 6218 693 669 382 5525 5504 5344 5171 438 173 14577 1448 13129 477 4733 119 4614 12652 2377 106 2271 2193 106 84 65 78 4498
is_linear=0
shrinkage=0.1


Tree=63
num_leaves=31
num_cat=0
split_feature=2 19 1 1 8 13 13 0 0 7 2 0 2 13 8 2 0 12 12 2 7 12 11 2 13 2 7 14 2 2
split_gain=15.0499 24.2241 27.2287 156.966 19.4874 19.8517 87.2309 16.902 14.5852 156.037 188.375 148.941 133.571 80.4358 80.0138 85.5312 127.806 147.671 89.8319 67.6203 65.9696 182.84 242.386 136.558 314.283 219.936 133.651 133.045 110.36 164.882
threshold=-0.73734748363494862 0.32240396738052374 -0.005181145005498349 -0.010282428188000599 0.10814816877245904 0.003786049317568541 0.028885867446660999 0.0011117021798126004 1.2666905803989707e-06 0.5664392113685609 -0.0028364999452605839 0.070650786016459965 -0.35352151095867151 0.83454889059066784 0.72057884931564342 0.15351749956607821 5.4480269741181924e-06 0.013128197286278011 0.19089563190937045 -0.3814955055713653 0.46194367110729223 0.013128197286278011 0.15723580867052081 0.008138999808579685 0.68304014205932628 0.24876549839973452 0.74613162875175487 0.0010408571106381717 0.64090400934219371 0.60106000304222118
decision_type=2 2 2 2 2 2 2 2 2 2 2 2 2 2 2 2 2 2 2 2 2 2 2 2 2 2 2 2 2 2
left_child=1 4 3 -3 7 -6 -7 -1 20 -10 12 13 19 14 15 16 18 -18 -12 -11 -2 23 -23 26 28 -26 27 -22 29 -25
right_child=8 2 -4 -5 5 6 -8 -9 9 10 11 -13 -14 -15 -16 -17 17 -19 -20 -21 21 22 -24 24 25 -27 -28 -29 -30 -31
leaf_value=0.0013890909586326662 1.6003338359841138e-05 0.018194492472981921 -0.011483004422799481 -0.3085768405880247 -0.004657249506883415 -0.19990448988974097 0.0062085997760779679 0.075238109160695343 -9.4603780701196089e-05 0.01417021736011116 -0.14440602437318423 0.030748305894411021 0.12549077773173511 -0.00043612733060697546 -0.24674032321500203 -0.053429365174550318 -0.19411919539561495 0.0075075826740690649 -0.37457501908143365 -0.1739773998466822 0.060581221807808651 0.071068484564601256 -0.023651361148609898 -0.029204216553684215 0.27942941729561427 0.035621715289213367 -0.051458951932485154 -0.095670821964740749 0.035000843251744906 -0.30964133830174156
leaf_weight=119344 69700269 49 348 21 3679 28 77 31 13265676 72 39 159 108 119 31 381 64 84 30 26 246 917 383 237 74 74 757 70 300 23
leaf_count=119344 69700269 49 348 21 3679 28 77 31 13265676 72 39 159 108 119 31 381 64 84 30 26 246 917 383 237 74 74 757 70 300 23
internal_value=0 0.00110275 -0.0229298 -0.0798369 0.00118431 -0.00588089 -0.0487549 0.00140827 -1.64147e-06 -9.77451e-05 -0.0375388 -0.057145 0.0487857 -0.0758282 -0.0900916 -0.081971 -0.132083 -0.0796824 -0.24448 -0.0357465 1.66501e-05 0.0146491 0.0431626 -0.00616368 0.027925 0.157526 -0.0286565 0.0259684 -0.0063266 -0.0540121
internal_weight=0 123577 418 70 123159 3784 105 119375 8.29701e+07 1.32668e+07 1113 907 206 748 629 598 217 148 69 98 6.97034e+07 3081 1300 1781 708 148 1073 316 560 260
internal_count=83093716 123577 418 70 123159 3784 105 119375 82970139 13266789 1113 907 206 748 629 598 217 148 69 98 69703350 3081 1300 1781 708 148 1073 316 560 260
is_linear=0
shrinkage=0.1


Tree=64
num_leaves=31
num_cat=0
split_feature=1 15 0 19 2 2 2 2 1 2 0 0 0 12 2 8 1 0 1 18 0 19 2 2 0 2 2 0 12 19
split_gain=14.5908 41.0127 37.7754 67.3027 60.6941 52.6952 75.0141 101.242 88.4847 52.2237 66.9451 36.9061 35.1528 33.0136 31.6951 49.3206 30.7413 30.1148 51.8263 82.1753 80.4329 80.2329 56.451 75.4929 182.965 230.902 109.513 135.972 73.5787 98.6512
threshold=0.0091869288168362519 0.64080783724784862 0.0074286826741851008 0.94167014956474315 -0.051509000360965722 1.0986645221710207 0.87307497859001171 0.89643099904060375 0.026261745304774351 1.0000000180025095e-35 0.011766311318164552 0.029216446485834453 0.011766311318164552 0.031204333528876308 1.8839390277862551 0.5678025782108308 0.085824421418069854 0.00021120115181430004 -0.015083690928206349 0.7019123136997224 0.0009740921802358001 0.019886780530214313 1.0630374550819399 0.10090599954128267 0.011766311318164552 -0.35352151095867151 0.095732502639293685 0.0014384478279482504 0.98214671015739452 0.0071070231497287759
decision_type=2 2 2 2 2 2 2 2 2 2 2 2 2 2 2 2 2 2 2 2 2 2 2 2 2 2 2 2 2 2
left_child=17 2 -2 4 -4 6 9 8 -8 10 16 -12 -7 -9 -14 -16 -6 -1 -19 20 -20 22 23 24 26 -26 -22 -28 29 -24
right_child=1 -3 3 -5 5 12 7 13 -10 -11 11 -13 14 -15 15 -17 -18 18 19 -21 21 -23 28 -25 25 -27 27 -29 -30 -31
leaf_value=2.1662423516100485e-06 0.0015655602691509612 0.086064741891204277 0.063589073613455352 -0.18092024404069651 -0.060909572839736942 0.035489883492035523 -0.33911529101262039 -0.017468348821336972 -0.096928126939261949 -0.00523020038010497 0.0042326100708899696 -0.13048302130401135 0.017793608694685468 -0.12356466674378941 -0.071419059512588909 0.036198083569686255 -0.20445382587007577 0.00078893728026080347 -0.001162177104375516 0.087278387767886656 -0.0099023025080961571 0.0075749960184678311 -0.014212058708812831 -0.0016147525794320194 -0.44811134463176128 -0.079485407066984787 -0.015298832044005395 -0.26624993909346428 0.099179241721305933 -0.18737054916493823
leaf_weight=82715299 88139 57 110 23 25 315 22 181 48 1282 109 25 214 35 136 62 37 101924 156084 103 2203 3407 11016 12549 20 113 50 38 57 33
leaf_count=82715299 88139 57 110 23 25 315 22 181 48 1282 109 25 214 35 136 62 37 101924 156084 103 2203 3407 11016 12549 20 113 50 38 57 33
internal_value=0 0.00126681 0.00121356 -0.0106101 -0.0091041 -0.0123142 -0.0216514 -0.0685301 -0.173044 -0.0125801 -0.0606543 -0.0209009 0.0103417 -0.0346599 -0.00888563 -0.0377208 -0.146573 -1.38551e-06 -0.0010229 -0.0020175 -0.00206706 -0.00685705 -0.00874247 -0.00473551 -0.0208916 -0.134918 -0.014272 -0.123664 -0.0141446 -0.0147292
internal_weight=0 90820 90763 2624 2601 2491 1764 286 70 1478 196 134 727 216 412 198 62 8.30029e+07 287597 185673 185570 29486 26079 14973 2424 133 2291 88 11106 11049
internal_count=83093716 90820 90763 2624 2601 2491 1764 286 70 1478 196 134 727 216 412 198 62 83002896 287597 185673 185570 29486 26079 14973 2424 133 2291 88 11106 11049
is_linear=0
shrinkage=0.1


Tree=65
num_leaves=31
num_cat=0
split_feature=19 2 0 2 2 2 8 8 14 2 0 5 0 8 8 1 14 2 19 8 2 2 0 2 9 1 0 2 1 1
split_gain=14.86 32.1815 41.7994 99.2207 35.9998 63.31 39.1265 43.8961 34.9173 46.5516 78.3738 48.3994 67.5008 81.5293 143.252 48.2027 54.804 44.4405 47.8315 43.8023 62.9478 233.699 116.141 102.329 131.597 85.049 170.753 98.636 178.364 120.683
threshold=0.49189253151416784 0.94279950857162487 0.011766311318164552 0.10698499903082849 0.89643099904060375 0.87307497859001171 1.0000000180025095e-35 0.6000751554965974 0.0023713601985946302 2.9375464916229252 0.070650786016459965 0.11898779869079591 0.070650786016459965 0.10814816877245904 0.68169814348220836 -0.13604505617114263 0.022168925963342193 2.0711144208908085 0.64979323744773876 1.0000000180025095e-35 3.343134999275208 4.1433904170989999 0.0031975020619471003 3.7290139198303227 0.41850791871547705 -0.13604505617114263 0.0074286826741851008 2.2194035053253178 -0.049488690185407844 -0.058934122107042346
decision_type=2 2 2 2 2 2 2 2 2 2 2 2 2 2 2 2 2 2 2 2 2 2 2 2 2 2 2 2 2 2
left_child=-1 2 4 -4 5 6 -2 -8 19 10 -10 12 15 -14 -15 16 -11 -12 -19 20 25 23 -23 -22 -25 -3 -27 28 29 -28
right_child=1 8 3 -5 -6 -7 7 -9 9 11 17 -13 13 14 -16 -17 -18 18 -20 -21 21 22 -24 24 -26 26 27 -29 -30 -31
leaf_value=1.3538726908195866e-06 0.00069202303450533126 0.040115753853541991 0.22174846455454827 0.019596635636667994 0.014310461218290681 -0.032997372739395257 -0.030013262179790445 0.0034493714951012023 -0.0046280415061666982 0.18998785759322345 0.023009397455358082 0.049590705391933498 0.0063275065501125494 -0.18215190032765702 0.0028855868588600845 -0.016566051474990358 0.0021302761171351783 0.042635510578041991 0.2455482928798749 0.0025636602305671805 -0.047988988442329676 -0.012461052168929829 0.1026857826376467 -0.21387637742381127 -0.0087098224660043019 -0.0022280653286109067 -0.10299010180296893 -0.0048602102217652522 -0.032343827429072311 -0.28210978754542093
leaf_weight=83008507 41106 430 26 367 1742 586 891 700 7673 24 56 107 98 104 70 3539 44 21 26 13707 222 402 112 108 44 12242 119 288 300 55
leaf_count=83008507 41106 430 26 367 1742 586 891 700 7673 24 56 107 98 104 70 3539 44 21 26 13707 222 402 112 108 44 12242 119 288 300 55
internal_value=0 -0.00131991 0.000499116 0.0329705 0.000215689 -0.00035158 9.64715e-05 -0.0152905 -0.00339617 -0.00796907 -0.00346487 -0.016756 -0.0185861 -0.0666239 -0.107712 -0.0149636 0.068433 0.0831857 0.154885 -0.00147721 -0.00534457 -0.0311306 0.0126293 -0.0912712 -0.154486 -0.00364009 -0.00508695 -0.0510167 -0.0790612 -0.159608
internal_weight=0 85209 45418 393 45025 43283 42697 1591 39791 11762 7776 3986 3879 272 174 3607 68 103 47 28029 14322 888 514 374 152 13434 13004 762 474 174
internal_count=83093716 85209 45418 393 45025 43283 42697 1591 39791 11762 7776 3986 3879 272 174 3607 68 103 47 28029 14322 888 514 374 152 13434 13004 762 474 174
is_linear=0
shrinkage=0.1


Tree=66
num_leaves=31
num_cat=0
split_feature=16 2 9 2 8 2 14 1 14 14 14 13 1 1 0 1 1 1 1 1 1 2 14 0 0 16 13 16 13 0
split_gain=14.525 52.3516 36.5528 32.8818 27.5339 29.2175 113.198 43.5577 30.0072 45.7711 25.9224 22.1478 21.2847 32.3228 30.6284 62.7835 40.2693 28.5149 42.6288 27.5955 22.0615 19.9394 20.8334 19.247 30.3528 16.9303 16.4635 64.4599 14.8804 25.9846
threshold=1.0000000180025095e-35 3.343134999275208 1.0000000180025095e-35 1.1838999986648562 0.27517622709274298 3.7290139198303227 0.0045905278529971847 -1.0000000180025095e-35 0.18104687333106997 0.0019134719623252752 0.18818803131580356 0.92320555448532116 -0.0013242049257002498 -0.0040520794056662984 5.8739640547442292e-05 0.00031802762916345004 -0.00025674913338419992 5.8184483959278228e-05 0.00057570800813040019 -0.0038985490211725995 8.8704250177732924e-05 1.2253984808921816 0.11106718331575395 0.00018686835523430004 1.8125423324538831e-06 0.57706825435161602 0.0014811058063060047 0.57706825435161602 0.91969251632690441 0.029216446485834453
decision_type=2 2 2 2 2 2 2 2 2 2 2 2 2 2 2 2 2 2 2 2 2 2 2 2 2 2 2 2 2 2
left_child=28 2 3 11 5 8 7 -7 9 23 12 -2 13 -5 17 16 -16 21 -19 -15 -18 -14 26 24 -3 -9 -23 -28 -1 -30
right_child=1 4 -4 10 -6 6 -8 25 -10 -11 -12 -13 14 19 15 -17 20 18 -20 -21 -22 22 -24 -25 -26 -27 27 -29 29 -31
leaf_value=1.3840754840617741e-06 0.015634293388063599 -0.097830888407455907 -0.11469471442646213 -0.009445432377671285 0.0061170431920327256 -0.17031970418989661 -0.28278451323509218 -0.038902197747902822 -0.14864510744810105 0.089217164341243924 0.061364019915180396 0.097692663616367748 -0.075511705684800479 -0.1594740933903 -0.0050198158337956388 -0.0021787215745466392 0.22818019393210612 -0.16473572768950059 -3.1724752801837343e-05 -0.034676060201348488 0.087831486114079052 0.003207360235589523 -0.065455273829231206 -0.10394815576360805 0.010874547886972626 0.067391098582226291 0.0056702181639440071 -0.17914157588779928 -0.0016065895535093443 0.079018246550112969
leaf_weight=83029610 546 37 28 121 100 20 25 43 20 32 53 35 43 34 21 215 24 30 33 37 21 746 55 38 84 23 77 25 61500 40
leaf_count=83029610 546 37 28 121 100 20 25 43 20 32 53 35 43 34 21 215 24 30 33 37 21 746 55 38 84 23 77 25 61500 40
internal_value=0 -0.00752356 -0.00118661 0.000315392 -0.0397189 -0.0539536 -0.0954847 -0.0410371 -0.0321055 -0.0199024 -0.00735387 0.0205776 -0.0098114 -0.0408752 -0.00518795 0.0240105 0.109324 -0.0133195 -0.0784622 -0.0944385 0.162684 -0.00898127 -0.00581316 -0.0418636 -0.022366 -0.00186059 -0.00194486 -0.0396268 2.31971e-07 -0.00155418
internal_weight=0 2566 2144 2116 422 322 111 86 211 191 1535 581 1482 192 1290 281 66 1009 63 71 45 946 903 159 121 66 848 102 8.30912e+07 61540
internal_count=83093716 2566 2144 2116 422 322 111 86 211 191 1535 581 1482 192 1290 281 66 1009 63 71 45 946 903 159 121 66 848 102 83091150 61540
is_linear=0
shrinkage=0.1


Tree=67
num_leaves=31
num_cat=0
split_feature=9 0 16 0 12 2 0 3 2 19 2 3 7 18 3 6 2 3 15 2 2 3 12 14 3 12 12 14 1 13
split_gain=13.5702 58.1884 28.0121 23.6609 22.7231 24.1285 24.0751 21.6213 21.1991 19.4187 18.4813 33.9363 14.7188 22.3208 20.365 13.6525 27.0701 27.1531 32.8716 38.1139 183.281 112.553 75.3883 68.6832 73.3337 65.9972 62.7477 72.7275 62.5278 60.8088
threshold=1.0000000180025095e-35 0.029216446485834453 1.0000000180025095e-35 0.0014384478279482504 0.088879115879535689 1.8119350075721743 0.0031975020619471003 0.68211069703102123 1.9652274847030642 0.87280812859535228 4.1433904170989999 0.087801903486251845 1.0000000180025095e-35 1.0000000180025095e-35 0.19669672846794131 0.012249965453520419 -0.64398401975631703 0.98685157299041759 0.019555250182747844 2.2194035053253178 1.2253984808921816 0.31070631742477423 0.0075964953284710654 0.25252366065979009 0.27964606881141668 0.92628020048141491 0.0017797229811549189 0.0035405214875936513 -0.015957623089464145 0.053962795063853271
decision_type=2 2 2 2 2 2 2 2 2 2 2 2 2 2 2 2 2 2 2 2 2 2 2 2 2 2 2 2 2 2
left_child=15 2 3 7 5 6 -5 9 -7 10 12 -12 13 14 -2 -1 -17 18 19 20 22 -22 26 -24 -25 29 28 -28 -18 -21
right_child=1 -3 -4 4 -6 8 -8 -9 -10 -11 11 -13 -14 -15 -16 16 17 -19 -20 25 21 -23 23 24 -26 -27 27 -29 -30 -31
leaf_value=1.1779023044328661e-06 -0.0029325030220003169 0.13849110774182041 -0.10322524713618415 -0.020744432012240091 -0.10860278641538962 0.087000222034428434 -0.15673140831615615 0.058875706229816409 -0.017033319854928061 0.053937765462324032 -0.015107468365915592 -0.15554012317549101 -0.052614179994221348 0.091842984497547159 0.067646441336085161 -0.11344012272628873 -0.12981032531727882 0.01541032966638424 0.0013760146924014299 -0.011391022157711976 0.0027927540825948734 0.076104155638367754 0.045579151060396381 -0.19185505616996024 0.054100520163774493 -0.17612931430339815 -0.27823816424235703 -0.033648297815553604 -0.014186518444463446 0.047732940690037327
leaf_weight=83058249 14219 29 28 30 35 23 23 57 132 60 79 22 59 25 41 22 48 817 8764 7657 388 455 325 27 22 24 20 31 1827 178
leaf_count=83058249 14219 29 28 30 35 23 23 57 132 60 79 22 59 25 41 22 48 817 8764 7657 388 455 325 27 22 24 20 31 1827 178
internal_value=0 -0.00302145 -0.00329812 -0.00310914 -0.0340562 -0.0215123 -0.0797576 -0.00259271 -0.00159608 -0.00283427 -0.00307008 -0.0456968 -0.00276993 -0.00256407 -0.00272958 5.3941e-07 -0.00257321 -0.00245471 -0.00319313 -0.00683284 0.00247432 0.0423618 -0.0121453 0.0289394 -0.081426 -0.010555 -0.0201233 -0.129566 -0.0171465 -0.0100478
internal_weight=0 14862 14833 14805 243 208 53 14562 155 14505 14445 101 14344 14285 14260 8.30789e+07 20605 20583 19766 11002 3143 843 2300 374 49 7859 1926 51 1875 7835
internal_count=83093716 14862 14833 14805 243 208 53 14562 155 14505 14445 101 14344 14285 14260 83078854 20605 20583 19766 11002 3143 843 2300 374 49 7859 1926 51 1875 7835
is_linear=0
shrinkage=0.1


Tree=68
num_leaves=31
num_cat=0
split_feature=12 7 11 8 7 13 0 2 4 14 2 2 14 12 2 13 2 12 12 14 14 2 2 14 2 2 13 13 2 14
split_gain=13.3281 166.615 295.807 221.682 124.829 132.113 271.496 267.409 170.264 131.229 182.327 115.442 214.071 194.983 189.887 161.132 160.616 143.687 133.475 120.646 288.461 208.396 148.113 116.655 81.487 153.135 137.815 103.214 217.3 100.975
threshold=0.013128197286278011 0.28284921497106558 1.0000000180025095e-35 0.3973525613546372 0.011934864800423385 0.31952755153179174 6.0782147360469059e-06 0.80849000811576854 1.0000000180025095e-35 0.36691232025623327 -0.11397499963641165 0.078506000339984908 0.0088379974476993101 0.60636949539184581 0.41802349686622625 0.046696493402123458 0.013457499910146 0.060290187597274787 0.21962033212184909 0.18104687333106997 0.036378823220729835 -1.0000000180025095e-35 -0.013741999864578245 0.073371760547161116 0.008138999808579685 0.050124999135732658 0.79382792115211498 0.9534423053264619 0.36051850020885473 0.1160460337996483
decision_type=2 2 2 2 2 2 2 2 2 2 2 2 2 2 2 2 2 2 2 2 2 2 2 2 2 2 2 2 2 2
left_child=4 -2 3 11 -1 7 9 8 -6 10 -7 13 -13 17 15 -14 -15 -3 -16 20 21 22 -19 -22 26 -26 -12 -27 -29 -28
right_child=1 2 -4 -5 5 6 -8 -9 -10 -11 24 12 14 16 18 -17 -18 19 -20 -21 23 -23 -24 -25 25 27 29 28 -30 -31
leaf_value=-4.9015060177094626e-06 0.00024133227685489732 0.0037456630796871403 -0.022092864984663462 -0.14752427760798198 -0.058561861595898823 0.20545346009460363 -0.14350946573368104 0.00944577865647497 0.12014963471076706 -0.15880171168261234 0.043680967314821947 0.079146012222183121 -0.2668043430362429 0.030267935214691205 -0.017746591779764408 0.0021245742569098603 0.19312484641491934 0.12804926502207914 0.2681461361795664 -0.040925579856742514 0.55950305622357588 0.058046828083899042 0.4373329779133201 0.26273237824164059 0.26693066880106925 0.012790202750493924 -0.054264509593517155 0.32202489923904926 -0.070980460134645304 0.13645191859453917
leaf_weight=81383859 1703425 55 766 52 1736 55 108 1107 55 39 385 291 56 495 89 37 69 30 20 22 26 109 32 27 32 279 372 34 24 30
leaf_count=81383859 1703425 55 766 52 1736 55 108 1107 55 39 385 291 56 495 89 37 69 30 20 22 26 109 32 27 32 279 372 34 24 30
internal_value=0 0.000276658 0.0279302 0.0551059 -5.79709e-06 -0.0171314 0.00860644 -0.0291921 -0.0530738 0.0217493 0.0275639 0.0628649 0.0242445 0.0848763 -0.0548463 -0.159811 0.0501919 0.149866 0.0347108 0.182535 0.204483 0.141305 0.28768 0.408318 0.0191003 0.0578742 0.000920372 0.0380231 0.159402 -0.0400319
internal_weight=0 1.7056e+06 2176 1410 8.13881e+07 4256 1358 2898 1791 1250 1211 1358 493 865 202 93 564 301 109 246 224 171 62 53 1156 369 787 337 58 402
internal_count=83093716 1705601 2176 1410 81388115 4256 1358 2898 1791 1250 1211 1358 493 865 202 93 564 301 109 246 224 171 62 53 1156 369 787 337 58 402
is_linear=0
shrinkage=0.1


Tree=69
num_leaves=31
num_cat=0
split_feature=2 13 7 2 7 2 12 0 12 13 2 2 13 13 2 2 14 12 13 12 16 13 14 13 11 7 2 6 0 14
split_gain=13.3796 30.5613 53.3738 142.36 113.087 101.978 114.858 187.143 114.459 103.071 114.87 105.084 72.2012 50.7098 62.1564 103.448 133.58 48.7909 41.7369 35.5709 34.5144 30.5383 29.6153 29.5872 28.7099 58.3183 62.7035 28.0868 47.2495 42.6812
threshold=0.32970249652862554 0.64189010858535778 0.011934864800423385 -0.35352151095867151 0.5664392113685609 0.008138999808579685 0.0056165677960962066 1.8125423324538831e-06 0.11515636369585992 0.9534423053264619 0.21933950483798983 0.015909499488770965 0.76542666554451 0.79382792115211498 -0.024914499372243878 -0.0028364999452605839 0.1160460337996483 0.29339340329170233 0.9945952594280244 0.82800638675689708 0.57706825435161602 0.99805516004562389 0.022999620065093044 0.84551095962524425 1.0000000180025095e-35 0.011934864800423385 -0.01106450008228421 0.81283089518547069 3.3358789275249306e-05 0.030496896244585518
decision_type=2 2 2 2 2 2 2 2 2 2 2 2 2 2 2 2 2 2 2 2 2 2 2 2 2 2 2 2 2 2
left_child=1 20 -3 -4 -5 6 7 13 -8 11 -11 -7 -10 -6 -15 -16 18 -14 22 -19 24 -20 23 -17 27 -26 -27 -1 29 -29
right_child=-2 2 3 4 5 9 8 -9 12 10 -12 -13 17 14 15 16 -18 19 21 -21 -22 -23 -24 -25 25 26 -28 28 -30 -31
leaf_value=1.3637350834580793e-05 -0.00011240385935423309 0.0026924614959827815 -0.21429204596206547 0.256385712325573 0.032360097317569024 0.24457716242126795 0.28454978888233506 0.20543811954683752 -0.04674954014081581 0.085724688211784639 0.37508344225099555 0.014052816167150144 -0.031285438367298676 0.048509406775886582 -0.24741859853578113 0.054545239743686497 0.13522093038301211 0.22712201689337863 -0.18601822040671873 0.081662280911114077 0.090664766436176644 -0.036448687184602029 -0.16301109910011291 -0.051228027906682766 0.011645756273282751 -0.089339165080961624 -0.018009519310686225 -0.022089103823101783 0.047768029165656672 -0.1262821108457588
leaf_weight=73677874 9392583 20196 24 22 113 23 24 37 51 34 23 141 21 63 27 31 37 29 43 40 42 20 20 180 498 154 617 615 92 42
leaf_count=73677874 9392583 20196 24 22 113 23 24 37 51 34 23 141 21 63 27 31 37 29 43 40 42 20 20 180 498 154 617 615 92 42
internal_value=0 1.43254e-05 0.00381067 0.0263265 0.0322252 0.0270721 0.00918444 -0.0120512 0.0826728 0.0866438 0.202483 0.0463825 0.0483107 -0.0271207 -0.0430859 -0.0592046 -0.0438518 0.102178 -0.0663882 0.142798 1.32331e-05 -0.138536 -0.0467115 -0.0356879 1.31814e-05 -0.015028 -0.0322569 1.34405e-05 -0.0193511 -0.0287498
internal_weight=0 7.37011e+07 21199 1003 979 957 736 571 165 221 57 164 141 534 421 358 331 90 294 69 7.36799e+07 63 231 211 7.36799e+07 1269 771 7.36786e+07 749 657
internal_count=83093716 73701133 21199 1003 979 957 736 571 165 221 57 164 141 534 421 358 331 90 294 69 73679934 63 231 211 73679892 1269 771 73678623 749 657
is_linear=0
shrinkage=0.1


Tree=70
num_leaves=31
num_cat=0
split_feature=1 0 2 2 2 0 19 6 14 19 2 0 0 12 14 14 2 2 0 8 2 2 8 0 12 12 14 0 8 2
split_gain=12.6062 57.2058 63.0982 54.635 49.697 46.1887 36.2838 38.2907 32.9072 51.0958 39.5488 38.1625 27.3833 22.6177 22.5021 21.9232 33.4242 31.155 30.934 27.0694 21.9229 21.1749 20.6627 61.6534 18.0601 15.8338 48.484 42.1468 14.7472 14.407
threshold=0.05144977637925361 0.0074286826741851008 -0.054823501035571091 0.14711499959230426 0.16051850467920306 0.011766311318164552 0.23451923578977588 0.45547680556774145 0.0025485218502581124 0.75293579697608959 1.0986645221710207 0.011766311318164552 0.029216446485834453 0.94305700063705455 0.019878485240042213 0.24761394411325457 2.9375464916229252 1.9652274847030642 0.0052684475765885511 0.98503166437149059 0.0028820000588893895 1.0323700308799746 0.51577174663543712 0.00062457601494615006 0.038135366514325149 0.28289096057415014 0.082161150872707381 0.0017366336486112502 0.67685446143150341 2.0711144208908085
decision_type=2 2 2 2 2 2 2 2 2 2 2 2 2 2 2 2 2 2 2 2 2 2 2 2 2 2 2 2 2 2
left_child=-1 6 -3 5 -5 20 7 13 10 11 21 -10 -7 15 -13 17 18 22 -17 -19 -4 -6 25 -24 -16 -2 -27 -28 -18 -12
right_child=1 2 3 4 8 12 -8 -9 9 -11 29 14 -14 -15 24 16 28 19 -20 -21 -22 -23 23 -25 -26 26 27 -29 -30 -31
leaf_value=-4.667055953281325e-07 0.0069275213623564069 0.082832559269099007 -0.15519441918311816 0.14629039674997332 -0.011575955535157674 0.0033086878344571837 -0.013386845738433557 0.11522830370249171 0.0069161091943483344 -0.19012351490557194 0.051569823533869713 0.012978886420439399 -0.088823778483935675 -0.096342729759358231 -0.053188456248350537 0.010662022526102032 0.10310422342277173 -0.0085005612368568989 0.12459251719713212 0.1058407947997607 -0.067602573643108052 -0.1081524646782782 0.17337575390421112 0.019768667611589824 -0.1316725516691804 0.010711738693761802 0.047241659369319677 0.23229366213083269 0.009400810013440522 0.00096655103288040582
leaf_weight=83081847 6757 63 53 20 420 108 893 33 189 20 156 42 46 21 158 510 71 1473 25 21 62 24 29 264 36 213 32 20 22 88
leaf_count=83081847 6757 63 53 20 420 108 893 33 189 20 156 42 46 21 158 510 71 1473 25 21 62 24 29 264 36 213 32 20 22 88
internal_value=0 0.00325877 -0.0150995 -0.0194383 -0.00997052 -0.0600194 0.00588416 0.00769736 -0.0127289 -0.0339196 0.000977309 -0.0265688 -0.0242114 0.00732217 -0.0533851 0.00755285 0.0256046 0.00626594 0.0159859 -0.00689335 -0.107971 -0.0167963 0.00895356 0.0349721 -0.0677525 0.00786791 0.0318461 0.118416 0.0809378 0.0333195
internal_weight=0 11869 1485 1422 1153 269 10384 9491 1133 445 688 425 154 9458 236 9437 628 8809 535 1494 115 444 7315 293 194 7022 265 52 93 244
internal_count=83093716 11869 1485 1422 1153 269 10384 9491 1133 445 688 425 154 9458 236 9437 628 8809 535 1494 115 444 7315 293 194 7022 265 52 93 244
is_linear=0
shrinkage=0.1


Tree=71
num_leaves=31
num_cat=0
split_feature=2 14 15 5 13 6 5 3 5 3 1 5 14 19 14 15 14 12 6 1 1 1 1 15 14 1 3 3 0 1
split_gain=12.5501 31.8023 95.3919 51.6552 51.0915 42.5968 42.076 44.7674 35.1231 34.3708 67.7068 43.0549 42.7109 40.535 38.2779 32.9164 47.9474 92.1879 42.514 61.0162 115.941 103.268 73.3883 56.2728 51.5737 63.1378 59.6117 61.764 58.1728 45.5791
threshold=4.1433904170989999 0.27594251930713659 0.40589234232902532 0.5839887559413911 0.0029176480602473025 0.34041561186313635 0.65586459636688244 0.57249891757965099 0.42564877867698675 0.34340474009513861 -0.081241258522397927 0.42564877867698675 0.5042116940021516 0.5209239423274995 0.34000048041343695 0.4608485102653504 0.02984606567770243 0.051449850201606757 0.027126056142151359 -0.0028157641639134996 -0.004489063891515049 -0.0019380510756396997 -0.0024257768351269994 1.0000000180025095e-35 0.035152798518538482 0.0035414675187455504 0.40880481898784643 0.68211069703102123 0.00072573466080255017 -0.017768915179840597
decision_type=2 2 2 2 2 2 2 2 2 2 2 2 2 2 2 2 2 2 2 2 2 2 2 2 2 2 2 2 2 2
left_child=-1 15 4 8 5 6 7 9 -4 10 12 14 13 -3 -11 18 -17 -18 -2 20 29 22 -21 -22 28 -26 -27 -28 -23 -20
right_child=1 2 3 -5 -6 -7 -8 -9 -10 11 -12 -13 -14 -15 -16 16 17 -19 19 21 23 24 -24 -25 25 26 27 -29 -30 -31
leaf_value=1.4498437334589032e-06 -0.00063121083546593048 0.032163784094154838 -0.062726340494279206 0.0045470525420481167 -0.096065025869756945 0.042872019794303926 0.085268341449703633 -0.12418385952272837 -0.20324988071199346 0.17603085177640121 -0.0073019816410760611 -0.056380498888237145 -0.15803198154367831 -0.10235759069522221 0.028135424018615768 0.0040539923861853669 0.090314593344108948 0.00056123551067859207 0.034671449118070095 -0.009107035094099802 0.1007162981523344 -0.012711941838495347 -0.13104229896787495 -0.051564104455922334 0.0033018974587321285 0.015546871349215508 0.30714171633124354 0.061594498508964625 -0.08738399792166654 -0.026661729452386502
leaf_weight=82978157 101472 42 29 31 64 170 47 34 46 30 2654 28 46 48 42 4270 195 277 179 82 182 4179 124 28 691 46 20 21 107 375
leaf_count=82978157 101472 42 29 31 64 170 47 34 46 30 2654 28 46 48 42 4270 195 277 179 82 182 4179 124 28 691 46 20 21 107 375
internal_value=0 -0.00104141 -0.0107005 -0.104034 -0.00761367 -0.00581141 -0.00859707 -0.0101059 -0.148914 -0.00876376 -0.0108284 0.0488396 -0.0796453 -0.0395809 0.0897585 -0.00075649 0.00739716 0.0376415 -0.00111614 -0.00927107 0.0171395 -0.0130999 -0.082505 0.0804122 -0.0102765 0.0134101 0.0936951 0.181374 -0.0145761 -0.00684469
internal_weight=0 115559 3311 106 3205 3141 2971 2924 75 2890 2790 100 136 90 72 112248 4742 472 107506 6034 764 5270 206 210 5064 778 87 41 4286 554
internal_count=83093716 115559 3311 106 3205 3141 2971 2924 75 2890 2790 100 136 90 72 112248 4742 472 107506 6034 764 5270 206 210 5064 778 87 41 4286 554
is_linear=0
shrinkage=0.1


Tree=72
num_leaves=31
num_cat=0
split_feature=13 17 2 2 3 5 13 0 18 13 0 1 0 0 14 0 18 14 14 13 12 2 13 13 14 14 0 2 0 2
split_gain=12.4152 28.5158 64.8588 52.0441 28.2392 90.6609 90.0398 71.1782 39.5469 49.8814 39.2191 41.3769 34.8797 59.3129 32.1553 30.1693 28.42 27.2402 27.149 51.0198 55.5671 52.6455 54.4762 69.5231 75.1778 245.968 126.149 68.9331 54.9614 46.4736
threshold=0.0025480916956439619 0.21915384382009509 3.7290139198303227 2.5028109550476079 0.40880481898784643 0.18064829707145694 0.040840884670615203 0.00020769951286885003 0.26619982719421392 0.052741950377821929 0.0039542978823803006 -0.0038985490211725995 0.0002021364214458 0.00019040885066585003 0.018086912110447887 6.5124736445710006e-05 0.61783882975578319 0.14108315110206607 0.00044526625424623495 0.37556841969490057 1.0000000180025095e-35 1.8839390277862551 0.79382792115211498 0.94182702898979198 0.012041170150041582 0.0079181981272995489 1.8125423324538831e-06 1.9652274847030642 0.00076514363264160005 2.5028109550476079
decision_type=2 2 2 2 2 2 2 2 2 2 2 2 2 2 2 2 2 2 2 2 2 2 2 2 2 2 2 2 2 2
left_child=-1 4 3 -3 5 16 -7 -8 10 -10 11 -6 13 15 -14 -13 18 -4 -2 -20 21 -21 -23 24 25 -24 27 -27 29 -26
right_child=1 2 17 -5 8 6 7 -9 9 -11 -12 12 14 -15 -16 -17 -18 -19 19 20 -22 22 23 -25 28 26 -28 -29 -30 -31
leaf_value=3.0003753405172449e-06 -6.9839257457026828e-05 -0.056777518409812315 -0.077424332508590168 0.054665766702964906 0.08793096258715892 -0.18883222717170914 -0.072374292559076833 0.095770673226455563 0.21442423707672528 0.04147553496223725 -0.12449129289459615 0.014229113484876469 -0.10128028719471052 0.15126197065847616 0.045333933830261235 -0.079267744729785539 -0.07908277420893961 -0.21977626119449267 -0.00037882017845106266 -0.0044672877971764858 0.0080261240528904289 -0.007969255183909155 -0.026748596136063237 0.0050114385430470509 -0.010590794346887075 -0.14143126025876923 -0.019517196932186686 -0.35128575834654729 -0.091180471640800231 -0.094326783821292948
leaf_weight=82595951 380967 88 41 80 68 48 97 34 21 81 21 376 52 30 21 38 46 20 78650 29231 3059 3052 224 412 720 23 24 49 119 73
leaf_count=82595951 380967 88 41 80 68 48 97 34 21 81 21 376 52 30 21 38 46 20 78650 29231 3059 3052 224 412 720 23 24 49 119 73
internal_value=0 -0.000497921 -0.0357777 -0.00370929 -0.000481683 -0.000510122 -0.0716651 -0.0287336 0.0194755 0.0770826 0.0097793 0.0145993 0.0049541 0.0154861 -0.0591036 0.00564728 -0.000484477 -0.124097 -0.000477196 -0.00181925 -0.00488229 -0.00604617 -0.0158742 -0.0305493 -0.0424413 -0.0841438 -0.218066 -0.284249 -0.0278089 -0.0182992
internal_weight=0 497765 229 168 497536 496828 179 131 708 102 606 585 517 444 73 414 496649 61 496603 115636 36986 33927 4696 1644 1232 320 96 72 912 793
internal_count=83093716 497765 229 168 497536 496828 179 131 708 102 606 585 517 444 73 414 496649 61 496603 115636 36986 33927 4696 1644 1232 320 96 72 912 793
is_linear=0
shrinkage=0.1


Tree=73
num_leaves=31
num_cat=0
split_feature=2 19 0 1 8 13 13 8 12 0 19 16 2 12 9 2 13 0 0 0 0 14 1 12 1 0 0 2 0 0
split_gain=12.1743 19.4559 22.03 113.821 15.8099 16.0648 70.6456 14.5167 20.2092 13.6175 12.9271 11.8998 42.3901 25.0577 44.6492 28.5291 25.2721 22.9777 22.2145 81.3189 39.3405 25.9381 30.4126 27.5947 19.1538 20.9059 21.8888 19.1697 62.0957 45.5324
threshold=-0.73734748363494862 0.32240396738052374 7.7623385874617942e-05 -1.0000000180025095e-35 0.10814816877245904 0.003786049317568541 0.028885867446660999 0.3973525613546372 0.42222262918949133 0.0011117021798126004 0.85840713977813732 1.0000000180025095e-35 3.343134999275208 0.010628995951265098 0.12400152161717416 1.1838999986648562 0.92320555448532116 0.00015151724106025001 0.00019112343900745001 0.00013480959773270001 0.00020297190080340003 0.018427844159305099 -1.0000000180025095e-35 0.64403080940246593 -0.00027652748235769994 0.00034738655114125008 0.00010022641652355001 2.5028109550476079 5.8739640547442292e-05 6.2838640327146926e-06
decision_type=2 2 2 2 2 2 2 2 2 2 2 2 2 2 2 2 2 2 2 2 2 2 2 2 2 2 2 2 2 2
left_child=1 4 3 -3 9 7 -7 -6 -9 -1 -5 -2 13 14 15 16 -13 -15 19 21 -20 22 -14 -24 25 26 -17 -26 29 -29
right_child=11 2 -4 10 5 6 -8 8 -10 -11 -12 12 18 17 -16 24 -18 -19 20 -21 -22 -23 23 -25 27 -27 -28 28 -30 -31
leaf_value=0.0012494226465183951 -1.2657727298755253e-06 -0.19979675760228388 0.01324603408187007 -0.027500892821258519 -0.015459845256207581 -0.17989089297396799 0.0055958590893582863 0.00014217450957411526 -0.086792311596649671 0.06753575633610448 0.021292668661335487 0.012666367689277043 -0.13024669533967972 0.017740629089099388 -0.1424939663513847 -0.0078392501039031368 0.11979124384081884 0.11421918573032599 -0.15273411616683008 0.16434108321978289 -0.033338155976255959 -0.13261556074023248 -0.00097727851273539737 -0.11065158242932881 -0.015168917827218728 0.019541824944668787 -0.079001239192696804 0.0048276984779671182 0.10770070222045841 -0.14608280701296669
leaf_weight=119344 82967573 37 132 169 873 28 77 2779 27 31 80 518 25 108 23 70 23 32 40 22 89 25 195 26 708 53 113 417 58 21
leaf_count=119344 82967573 37 132 169 873 28 77 2779 27 31 80 518 25 108 23 70 23 32 40 22 89 25 195 26 708 53 113 417 58 21
internal_value=0 0.000991816 -0.020546 -0.0361424 0.00106492 -0.00529884 -0.0438673 -0.00419808 -0.00069433 0.00126664 -0.0118242 -1.47638e-06 -0.00681127 -0.001109 -0.00396642 -0.00235807 0.0172207 0.0397929 -0.035782 -0.0205582 -0.0703602 -0.0355685 -0.025706 -0.0138801 -0.00971369 -0.0357634 -0.0517808 -0.00460759 0.0104678 -0.00240774
internal_weight=0 123577 418 286 123159 3784 105 3679 2806 119375 249 8.29701e+07 2566 2144 2004 1981 541 140 422 293 129 271 246 221 1440 236 183 1204 496 438
internal_count=83093716 123577 418 286 123159 3784 105 3679 2806 119375 249 82970139 2566 2144 2004 1981 541 140 422 293 129 271 246 221 1440 236 183 1204 496 438
is_linear=0
shrinkage=0.1


Tree=74
num_leaves=31
num_cat=0
split_feature=1 9 0 1 2 0 2 3 2 2 5 1 3 2 2 5 12 12 14 19 2 19 8 19 2 1 14 2 1 2
split_gain=11.4934 36.0331 35.4884 126.331 123.671 107.244 128.067 100.011 101.51 338.991 91.076 69.7509 118.122 109.234 103.469 65.8821 61.5216 338.404 47.9541 40.7501 89.6328 68.6817 101.137 54.3126 93.4686 131.109 97.1876 94.1583 269.863 101.822
threshold=-0.029150001330241947 0.41850791871547705 0.029216446485834453 -0.04365553592328409 -1.0000000180025095e-35 0.014622739945749553 0.85109150409698497 0.24424228817224505 1.0323700308799746 1.0011849999427798 0.067786492407321944 -0.038089963686641991 0.62018048763275158 3.7290139198303227 2.5028109550476079 0.044226281344890601 0.0023993502836674456 0.014511157758533956 0.12031837925314905 0.82954031229019176 1.9652274847030642 0.99999997019767772 0.99999997019767772 0.0071070231497287759 3.7290139198303227 -0.058934122107042346 0.5042116940021516 1.6206545233726504 -0.081241258522397927 0.78813800215721141
decision_type=2 2 2 2 2 2 2 2 2 2 2 2 2 2 2 2 2 2 2 2 2 2 2 2 2 2 2 2 2 2
left_child=1 2 5 4 -4 -1 -7 8 9 -8 11 12 13 14 -5 19 -10 -18 -13 23 -21 -22 -23 24 27 26 -26 29 -29 -6
right_child=-2 -3 3 10 15 6 7 -9 16 -11 -12 18 -14 -15 -16 -17 17 -19 -20 20 21 22 -24 -25 25 -27 -28 28 -30 -31
leaf_value=0.0015379747208221627 -9.6882550711382559e-07 -0.051567620895366421 0.23060500375602558 -0.020538399720981974 -0.022885931499750184 -0.026871391107292416 0.042839604394100568 0.15924840908377402 0.017157052661927304 0.45370006089409193 -0.23063146502066117 -0.0072895688761638686 -0.258935786485672 0.12281879362251079 -0.23825902632304602 0.129744031883188 0.36787661612033845 0.010384381634405634 -0.10616959852299519 0.040267626193817713 -0.03159819641958974 -0.28595638843598187 -0.0068280773162841804 0.016746041608720896 0.0046692022081246459 0.09704583672025513 -0.16299144648015501 -0.015696596534283451 -0.1293923213153903 0.051939764738712903
leaf_weight=45120 83037499 128 23 58 391 416 123 62 1556 24 26 395 35 28 35 38 33 134 56 170 558 27 25 1542 2840 155 35 1604 240 340
leaf_count=45120 83037499 128 23 58 391 416 123 62 1556 24 26 395 35 28 35 38 33 134 56 170 558 27 25 1542 2840 155 35 1604 240 340
internal_value=0 0.00142936 0.00155031 -0.00435206 -0.000944376 0.00262228 0.0234586 0.0342957 0.0301529 0.109919 -0.0473545 -0.0395041 -0.0971418 -0.0503419 -0.102476 -0.00161301 0.0233475 0.0810266 -0.0195674 -0.0022427 -0.0239459 -0.0418415 -0.15176 0.000125921 -0.00444647 0.00745807 0.00262812 -0.0184545 -0.0304943 0.0119167
internal_weight=0 56217 56089 8621 7988 47468 2348 1932 1870 147 633 607 156 121 93 7965 1723 167 451 7927 780 610 52 7147 5605 3030 2875 2575 1844 731
internal_count=83093716 56217 56089 8621 7988 47468 2348 1932 1870 147 633 607 156 121 93 7965 1723 167 451 7927 780 610 52 7147 5605 3030 2875 2575 1844 731
is_linear=0
shrinkage=0.1


Tree=75
num_leaves=31
num_cat=0
split_feature=19 3 2 0 2 11 3 19 0 0 14 1 5 15 2 2 8 8 0 0 1 1 2 12 19 19 1 14 2 1
split_gain=11.6184 26.0493 26.6429 35.4238 102.737 32.3787 34.0492 71.2146 37.4521 30.5304 45.7268 35.2417 33.4705 29.2531 28.9801 50.8864 32.8016 37.7417 31.0738 27.34 90.066 125.579 94.9944 99.2878 94.3619 67.9247 97.2172 138.432 273.475 61.8545
threshold=0.50538161396980297 0.98685157299041759 0.94279950857162487 0.011766311318164552 0.10698499903082849 1.0000000180025095e-35 0.62018048763275158 0.97406631708145153 4.0531073169965098e-05 5.2297933495915244e-06 0.0025485218502581124 0.040350569592079603 0.18064829707145694 0.066122770309448256 0.89643099904060375 0.87307497859001171 1.0000000180025095e-35 0.6000751554965974 0.0014384478279482504 0.0074286826741851008 -0.058934122107042346 -0.025553262607634599 3.343134999275208 0.026688948273658756 0.99852940440177929 0.98873490095138561 -0.049488690185407844 0.0021066879853606228 2.0711144208908085 -0.13604505617114263
decision_type=2 2 2 2 2 2 2 2 2 2 2 2 2 2 2 2 2 2 2 2 2 2 2 2 2 2 2 2 2 2
left_child=-1 2 3 14 -5 6 9 8 -8 10 -4 12 19 -9 15 16 -2 18 -18 -11 22 25 29 24 -24 26 27 28 -22 -21
right_child=1 -3 5 4 -6 -7 7 13 -10 11 -12 -13 -14 -15 -16 -17 17 -19 -20 20 21 -23 23 -25 -26 -27 -28 -29 -30 -31
leaf_value=1.1900237332039182e-06 0.00062485437801547276 0.072471228857951556 -0.0028239235952918686 0.22661228287220003 0.017029565468061069 0.08165475265847312 -0.099621495175955255 0.081440805230710303 -0.024952684703434036 0.0016482089885601946 -0.014222577893276947 -0.028302479820165507 0.10571683100114267 -0.057644698065705602 0.012885638726133351 -0.029849423895888728 -0.034315335968310767 0.0031333428965049934 0.029693556621315932 0.04288933474008199 -0.41561143269410006 0.0072073432802827785 0.0059509810938707976 -0.081835449764882481 -0.12603935392509247 0.016691282751005992 -0.043071673740779269 0.00083308743410988859 -0.092658941297429728 -0.0043332055002077603
leaf_weight=83009706 40514 48 12375 25 363 45 123 62 148 17450 4918 444 30 20 1727 576 781 700 84 701 37 571 819 194 58 114 477 57 90 459
leaf_count=83009706 40514 48 12375 25 363 45 123 62 148 17450 4918 444 30 20 1727 576 781 700 84 701 37 571 819 194 58 114 477 57 90 459
internal_value=0 -0.0011754 -0.00121751 0.000449183 0.0305336 -0.00312141 -0.00321886 -0.034136 -0.058843 -0.00293753 -0.00606562 -0.000421655 0.00016623 0.0475175 0.000186177 -0.000327994 7.61109e-05 -0.0141295 -0.0280994 1.56367e-05 -0.00794869 -0.0283777 0.0043765 -0.0170985 -0.00277814 -0.0545959 -0.0668905 -0.128638 -0.186747 0.0242039
internal_weight=0 84010 83962 44770 388 39192 39147 353 271 38794 17293 21501 21057 82 44382 42655 42079 1565 865 21027 3577 1346 2231 1071 877 775 661 184 127 1160
internal_count=83093716 84010 83962 44770 388 39192 39147 353 271 38794 17293 21501 21057 82 44382 42655 42079 1565 865 21027 3577 1346 2231 1071 877 775 661 184 127 1160
is_linear=0
shrinkage=0.1


Tree=76
num_leaves=31
num_cat=0
split_feature=1 2 0 19 1 13 2 2 0 14 12 0 0 1 19 8 14 13 13 2 2 12 19 14 8 8 0 2 14 0
split_gain=11.6194 35.0476 32.4271 46.7156 33.0125 31.3238 30.1601 44.9761 30.3099 36.3867 29.4827 39.6236 37.5297 43.7194 29.2554 27.0648 25.0878 41.906 38.6144 35.0003 27.1977 29.7996 23.1743 32.7534 22.6647 34.8571 44.7053 72.1676 22.156 22.0879
threshold=0.020300758245390255 -0.2216365039348602 0.0074286826741851008 0.94167014956474315 0.030816266808323754 0.9348982870578767 0.14711499959230426 0.1571604982018471 0.014622739945749553 0.02350691054016352 0.0050630655605345973 0.011766311318164552 0.029216446485834453 0.085824421418069854 0.33817726373672491 0.53978133201599132 0.064490672200918212 0.010392715688794853 0.31197458505630499 -0.087232500314712511 0.48973301053047186 0.74815231561660778 0.0033984221518039708 0.0063769305124878892 0.034355210140347488 0.099579870700836196 0.00084518525810325007 0.56513798236846935 0.0019134719623252752 0.00050419136834635003
decision_type=2 2 2 2 2 2 2 2 2 2 2 2 2 2 2 2 2 2 2 2 2 2 2 2 2 2 2 2 2 2
left_child=-1 -2 5 4 15 16 10 -8 -9 -10 11 -6 -13 -14 -7 -4 17 -3 24 -19 29 22 -22 28 -18 26 -26 -28 -24 -21
right_child=1 2 3 -5 6 14 7 8 9 -11 -12 12 13 -15 -16 -17 18 19 -20 20 21 -23 23 -25 25 -27 27 -29 -30 -31
leaf_value=-8.5201579325805543e-07 0.017420778996791782 -0.00075453095707823481 0.0096322071077602541 -0.15565307600931688 -0.094954859859090524 -0.020984589019716671 0.13679547480174475 0.0040848673041810292 -0.012473892672444371 -0.065582437766715893 0.046442134433559011 0.0010204056749540953 0.014361906051635743 -0.17782389163200199 -0.13049099721290447 0.11158098557165691 0.0059117821993273619 -0.06591322735672997 -0.026735389222816444 -0.036340521622115554 0.0018237424098420281 0.092928475572874675 0.03707274548565586 0.10687298403330603 0.017574480555380103 0.014765826795660748 0.25247853752915511 0.041930243772704434 -0.037663789143802473 0.022213489046243869
leaf_weight=83050572 1363 26999 372 22 123 253 21 701 535 170 35 155 20 29 27 28 4908 62 313 67 3449 38 136 49 88 1382 27 41 56 1675
leaf_count=83050572 1363 26999 372 22 123 253 21 701 535 170 35 155 20 29 27 28 4908 62 313 67 3449 38 136 49 88 1382 27 41 56 1675
internal_value=0 0.00164066 0.00112588 -0.0106598 -0.00920254 0.00178441 -0.0150094 -0.00846976 -0.0106394 -0.0252802 -0.0407886 -0.0501252 -0.0230955 -0.0993807 -0.0315441 0.0167686 0.00202192 0.000870107 0.00756559 0.00879917 0.009646 0.00482588 0.00391859 0.0338983 0.00923115 0.0198238 0.0646321 0.12553 0.0152746 0.0199614
internal_weight=0 43144 41781 2211 2189 39570 1789 1427 1406 705 362 327 204 49 280 400 39290 32531 6759 5532 5470 3728 3690 241 6446 1538 156 68 192 1742
internal_count=83093716 43144 41781 2211 2189 39570 1789 1427 1406 705 362 327 204 49 280 400 39290 32531 6759 5532 5470 3728 3690 241 6446 1538 156 68 192 1742
is_linear=0
shrinkage=0.1


Tree=77
num_leaves=31
num_cat=0
split_feature=12 7 11 8 7 13 0 2 4 2 14 2 2 14 12 2 2 14 2 12 13 14 12 13 2 13 2 2 2 4
split_gain=11.1911 137.108 220.809 177.994 104.88 102.739 229.519 207.457 160.731 295.709 93.92 96.6518 91.2744 175.759 160.074 151.114 146.895 164.678 233.653 138.215 130.4 112.02 105.607 90.7381 87.1601 62.7774 123.514 80.2717 143.957 65.0539
threshold=0.013128197286278011 0.28284921497106558 1.0000000180025095e-35 0.3973525613546372 0.011934864800423385 0.40272857248783117 5.7752248042506218e-06 0.80849000811576854 1.0000000180025095e-35 0.17863449454307559 0.44925495982170111 -0.11021450161933898 0.078506000339984908 0.0088379974476993101 0.83659538626670849 0.41802349686622625 -0.013741999864578245 0.049373248592019088 -1.0000000180025095e-35 0.76834160089492809 0.046696493402123458 0.087472006678581252 0.21962033212184909 0.22512158006429675 0.19413200020790103 0.7849460542201997 0.008138999808579685 0.24002400040626529 0.21489650011062625 1.0000000180025095e-35
decision_type=2 2 2 2 2 2 2 2 2 2 2 2 2 2 2 2 2 2 2 2 2 2 2 2 2 2 2 2 2 2
left_child=4 -2 3 12 -1 7 10 8 -6 23 11 -7 14 -14 16 20 -3 18 -18 -20 -15 -19 -17 -10 -8 29 -27 28 -28 -13
right_child=1 2 -4 -5 5 6 24 -9 9 -11 -12 25 13 15 -16 22 17 21 19 -21 -22 -23 -24 -25 -26 26 27 -29 -30 -31
leaf_value=-4.4916293528978245e-06 0.00022146421591071421 0.021515968540962053 -0.01787978997259515 -0.13275030392866868 -0.052573254708642839 0.14737477073776387 0.011619125577536497 0.0084856719875011834 0.16387510329484942 0.41294763748134883 -0.16995583982765675 0.060946844466002514 0.071176925685962414 -0.24012254370110378 0.027197169888798573 -0.017003401861724894 0.32868893221020701 0.36438833224773409 0.041671572687572302 0.28655587810879718 0.0018046905261439247 0.12912003507782871 0.23729876890778542 -0.088883686689089761 -0.18050943704838138 -0.032286693515253276 0.053431521972754241 0.0025128052514046435 0.33124391643975221 -0.059012299878340148
leaf_weight=81383859 1703425 127 766 52 1792 62 33 1110 20 21 25 398 291 56 384 89 41 50 203 26 37 34 20 49 83 420 66 100 26 51
leaf_count=81383859 1703425 127 766 52 1792 62 33 1110 20 21 25 398 291 56 384 89 41 50 203 26 37 34 20 49 83 420 66 100 26 51
internal_value=0 0.000253509 0.0253391 0.0488183 -5.31254e-06 -0.0157029 0.00820126 -0.0258015 -0.046024 0.0843789 0.0217467 0.0260144 0.0557709 0.0214302 0.0753431 -0.0502347 0.11378 0.14688 0.108837 0.069475 -0.143872 0.269161 0.0296575 -0.0156203 -0.125852 0.0189226 -0.00191227 0.0645318 0.131944 0.0473212
internal_weight=0 1.7056e+06 2176 1410 8.13881e+07 4256 1264 2992 1882 90 1148 1123 1358 493 865 202 481 354 270 229 93 84 109 69 116 1061 612 192 92 449
internal_count=83093716 1705601 2176 1410 81388115 4256 1264 2992 1882 90 1148 1123 1358 493 865 202 481 354 270 229 93 84 109 69 116 1061 612 192 92 449
is_linear=0
shrinkage=0.1


Tree=78
num_leaves=31
num_cat=0
split_feature=0 7 2 0 2 12 0 12 12 3 14 12 2 15 2 2 17 4 13 2 2 14 2 15 5 2 13 2 7 12
split_gain=11.1898 107.506 117.345 96.485 76.456 59.1621 73.4724 109.256 57.8564 57.1843 53.7071 51.8774 50.4343 48.9706 56.4133 147.126 48.3318 45.5287 59.9633 40.7419 39.9583 70.643 58.971 56.1727 40.7655 38.842 37.2237 54.7114 34.9424 116.965
threshold=1.2666905803989707e-06 0.5664392113685609 -0.0028364999452605839 0.070650786016459965 -0.35352151095867151 0.61086905002594005 5.7752248042506218e-06 0.18062395602464679 0.84080615639686596 0.9252023994922639 0.0054431557655334481 0.96925583481788646 -0.3814955055713653 0.99031487107276928 0.49990250170230871 1.6206545233726504 0.8586067557334901 1.0000000180025095e-35 0.0099590662866830843 0.21489650011062625 4.1433904170989999 0.0041583054699003705 2.9375464916229252 1.0000000180025095e-35 0.898319572210312 0.61379399895668041 0.68857181072235119 -0.013741999864578245 0.46194367110729223 0.011947933584451677
decision_type=2 2 2 2 2 2 2 2 2 2 2 2 2 2 2 2 2 2 2 2 2 2 2 2 2 2 2 2 2 2
left_child=9 17 4 5 12 6 7 -4 19 16 25 13 -3 14 -11 -16 28 -2 -19 -7 21 22 -17 24 -22 -10 27 -6 -1 -30
right_child=1 2 3 -5 26 8 -8 -9 10 11 -12 -13 -14 -15 15 20 -18 18 -20 -21 23 -23 -24 -25 -26 -27 -28 -29 29 -31
leaf_value=1.5824792177266299e-05 -8.175982882757107e-05 0.015908799401790619 -0.024565059799973046 0.024089247708753595 0.0010465776161202845 -0.024582140608912423 -0.11472744806584988 -0.25170998197534811 0.0082049279834233955 -0.078235009579953774 -0.19313185924575443 0.13288736745067264 -0.14628436685754703 0.04776295045756291 0.17063429788118456 -0.037656498526352167 0.029135566467517301 0.22352080714134945 -0.015451846271753313 0.15967736481023687 -0.023136241493365642 -0.15754190720617772 0.043047300617651815 0.027764915940229243 -0.061896368974890904 -0.14541011244058608 0.18964039355516435 0.18051094052754343 -0.0070439539865538416 0.033074247686690962
leaf_weight=69779389 13307559 73 267 159 53 21 275 23 93 162 21 23 26 107 41 137 570 21 21 28 770 25 267 152 419 20 30 25 1623 1316
leaf_count=69779389 13307559 73 267 159 53 21 275 23 93 162 21 23 26 107 41 137 570 21 21 28 770 25 267 152 419 20 30 25 1623 1316
internal_value=0 -8.40316e-05 -0.031148 -0.046653 0.0367894 -0.0616904 -0.077696 -0.04258 -0.0122742 1.60249e-05 -0.0462755 -0.0164737 -0.0266874 -0.0181252 -0.0216985 -0.0166411 1.65219e-05 -8.14312e-05 0.104034 0.080709 -0.0209791 0.00558541 0.0156799 -0.0294774 -0.0367952 -0.0189836 0.0949764 0.0585672 1.6284e-05 0.0109198
internal_weight=0 1.33087e+07 1114 907 207 748 565 290 183 6.9785e+07 134 2103 99 2080 1973 1811 6.97829e+07 1.33076e+07 42 49 1770 429 404 1341 1189 113 108 78 6.97823e+07 2939
internal_count=83093716 13308715 1114 907 207 748 565 290 183 69785001 134 2103 99 2080 1973 1811 69782898 13307601 42 49 1770 429 404 1341 1189 113 108 78 69782328 2939
is_linear=0
shrinkage=0.1


Tree=79
num_leaves=31
num_cat=0
split_feature=1 0 2 2 2 0 19 6 14 19 2 1 2 0 2 12 0 0 1 2 13 14 2 2 2 14 8 8 0 12
split_gain=11.0104 36.8207 48.5514 37.6731 32.4788 32.4225 26.8423 32.1674 23.6786 37.0049 33.7272 26.2526 22.6123 22.5596 18.3884 18.3585 17.721 17.6637 24.1285 22.7954 22.3679 23.8798 16.9489 16.1989 15.2349 41.2761 22.2027 21.5458 50.6292 19.4752
threshold=0.05144977637925361 0.0074286826741851008 -0.024914499372243878 0.14711499959230426 0.16051850467920306 0.011766311318164552 0.23451923578977588 0.45547680556774145 0.0025485218502581124 0.75293579697608959 1.0986645221710207 0.085824421418069854 0.11597749963402749 0.014622739945749553 0.0028820000588893895 0.94305700063705455 0.029216446485834453 0.0052684475765885511 0.085824421418069854 1.6206545233726504 0.037056377157568939 0.03291792422533036 1.0323700308799746 0.87307497859001171 1.8839390277862551 0.4224666059017182 0.98503166437149059 0.51577174663543712 0.00062457601494615006 0.049724135547876365
decision_type=2 2 2 2 2 2 2 2 2 2 2 2 2 2 2 2 2 2 2 2 2 2 2 2 2 2 2 2 2 2
left_child=-1 6 -3 5 -5 14 7 15 10 11 22 -10 16 -13 -4 17 -7 24 19 23 21 -20 -6 -19 27 26 29 -2 -29 -26
right_child=1 2 3 4 8 12 -8 -9 9 -11 -12 13 -14 -15 -16 -17 -18 18 20 -21 -22 -23 -24 -25 25 -27 -28 28 -30 -31
leaf_value=-4.3500628546632917e-07 0.0063141257343878364 0.073518096306361261 -0.13357373604980799 0.11865365110337733 -0.010016638299095489 0.02000778944120216 -0.011423328474680514 0.10527004875016935 0.021226434188538066 -0.1608074146229774 0.031593370067812578 -0.0095687292172806342 -0.11855291076470167 -0.062839733942447212 -0.052938115127354628 -0.087028139865114582 -0.058385370183913481 -0.014367476172886695 0.013647651117212665 0.055756164574995638 0.1266582387685776 0.06553731656185989 -0.096420146326029993 -0.10672576266527177 -0.012294719579740526 0.066409948410719274 0.095340452777842685 0.16179492915315288 0.020500922981272263 0.02236235347581501
leaf_weight=83081847 6903 64 52 20 420 92 893 33 107 20 244 160 20 158 62 21 42 79 294 36 25 127 24 25 1365 81 21 28 269 184
leaf_count=83081847 6903 64 52 20 420 92 893 33 107 20 244 160 20 158 62 21 42 79 294 36 25 127 24 25 1365 81 21 28 269 184
internal_value=0 0.00304553 -0.0116829 -0.0155203 -0.00767026 -0.049293 0.00515183 0.00671137 -0.00990016 -0.0278755 0.00172632 -0.0216199 -0.0193671 -0.0360367 -0.0897193 0.00636749 -0.0045632 0.00657532 0.0233893 -0.0128282 0.0347581 0.0293008 -0.0146871 -0.036569 0.00546211 -0.00320186 -0.00679329 0.00744881 0.0338216 -0.00817793
internal_weight=0 11869 1485 1421 1153 268 10384 9491 1133 445 688 425 154 318 114 9458 134 9437 586 140 446 421 444 104 8851 1651 1570 7200 297 1549
internal_count=83093716 11869 1485 1421 1153 268 10384 9491 1133 445 688 425 154 318 114 9458 134 9437 586 140 446 421 444 104 8851 1651 1570 7200 297 1549
is_linear=0
shrinkage=0.1


Tree=80
num_leaves=31
num_cat=0
split_feature=10 12 2 14 1 2 0 0 2 2 2 14 13 0 1 0 14 14 1 2 2 2 2 2 12 1 0 0 2 13
split_gain=10.6312 25.7353 17.8396 13.556 20.0837 14.2689 11.5807 11.3707 11.0046 29.855 11.8531 10.6578 10.5719 22.518 67.4197 34.648 70.6006 24.9711 52.758 48.2258 38.1921 75.6476 29.7996 31.6156 37.3179 30.6037 23.1857 22.7228 22.6559 21.2191
threshold=0.80759394168853771 0.058856114745140083 1.6857554912567141 0.10341256484389307 0.0025407509541951505 2.2194035053253178 6.0287021694907719e-05 0.00016850223223065003 1.1838999986648562 1.0986645221710207 0.11009649932384492 0.010551472660154106 0.91969251632690441 0.00062457601494615006 -0.038089963686641991 0.00088545100318140012 0.019132312387228016 0.00044526625424623495 -0.0017183350535578997 2.5028109550476079 0.91987800598144542 1.1838999986648562 0.41084000468254095 0.91987800598144542 0.94468402862548839 0.00057570800813040019 0.00013480959773270001 0.029216446485834453 0.73574399948120128 0.96303874254226696
decision_type=2 2 2 2 2 2 2 2 2 2 2 2 2 2 2 2 2 2 2 2 2 2 2 2 2 2 2 2 2 2
left_child=12 2 8 5 -5 6 -4 -8 9 10 11 -2 -1 14 -14 16 -15 -16 20 22 -19 29 -20 24 25 28 -25 -17 -24 -22
right_child=1 -3 3 4 -6 -7 7 -9 -10 -11 -12 -13 13 15 17 27 -18 18 19 -21 21 -23 23 26 -26 -27 -28 -29 -30 -31
leaf_value=1.157457759521488e-06 0.0073254559486116647 -0.063297903844459852 -0.01515212289743708 -0.015562302257333483 -0.13749334703792224 0.0058674526797240171 -0.099730129957692149 -0.027124677853406234 0.015293745822894757 -0.11903464062647387 -0.012313216504047715 0.070555739939726636 0.15999614610694923 -0.025073802050670342 -0.00044608357677673255 -0.004569115287301204 -0.20369306712046914 -0.016726871945688292 0.010555929131695655 -0.12043864297577077 -0.25010743000759533 -0.033779549637161524 -0.0070476752037672927 -0.0025510989673888191 0.099128681166028534 -0.05972458205898018 0.037768696226442286 0.072394893919117756 -0.031719252774766192 -0.11495737163793474
leaf_weight=83029872 330 78 486 35 22 289 34 59 457 22 420 29 26 584 54865 936 23 180 1056 36 26 92 1126 1663 27 170 156 40 556 21
leaf_count=83029872 330 78 486 35 22 289 34 59 457 22 420 29 26 584 54865 936 23 180 1056 36 26 92 1126 1663 27 170 156 40 556 21
internal_value=0 -0.00685703 -0.00484036 -0.0153827 -0.0626234 -0.0122804 -0.0213387 -0.0536686 0.00291132 -0.0041533 -0.000908901 0.0124332 1.86025e-07 -0.00130956 -0.000998959 -0.0130821 -0.0318419 -0.00106875 -0.00775554 -0.00513311 -0.0471331 -0.086508 -0.00425995 -0.00849077 -0.0175882 -0.0192898 0.000906783 -0.00141485 -0.0152031 -0.189721
internal_weight=0 2261 2183 925 57 868 579 93 1258 801 779 359 8.30915e+07 61583 60000 1583 607 59974 5109 4790 319 139 4754 3698 1879 1852 1819 976 1682 47
internal_count=83093716 2261 2183 925 57 868 579 93 1258 801 779 359 83091455 61583 60000 1583 607 59974 5109 4790 319 139 4754 3698 1879 1852 1819 976 1682 47
is_linear=0
shrinkage=0.1


Tree=81
num_leaves=31
num_cat=0
split_feature=9 17 2 2 16 0 5 19 2 1 12 12 13 13 2 2 3 8 8 1 6 2 13 2 1 14 0 0 0 13
split_gain=10.3943 51.4055 23.3152 23.095 31.1912 30.8004 18.3549 17.0889 15.5567 15.3331 31.5744 13.8781 13.2365 18.747 13.6307 24.6831 19.4662 13.9758 19.6304 14.0173 13.169 12.5553 15.5864 14.9417 17.1634 12.4021 12.3366 12.093 15.7604 16.2193
threshold=0.05694923177361489 0.21915384382009509 -0.019251500256359574 1.0986645221710207 1.0000000180025095e-35 0.0014384478279482504 1.0000000180025095e-35 0.87280812859535228 1.8839390277862551 -0.04365553592328409 0.025005077943205837 0.0069336681626737126 0.031739909201860435 0.32412719726562506 4.1433904170989999 3.343134999275208 0.087801903486251845 0.9417330026626588 0.30995082855224615 0.0034278091282079503 0.098755661398172392 0.3744920045137406 0.60837101936340343 0.68694600462913524 -0.0040520794056662984 0.52380889654159557 5.8223959556884881e-06 1.2666905803989707e-06 5.4480269741181924e-06 0.14474861323833468
decision_type=2 2 2 2 2 2 2 2 2 2 2 2 2 2 2 2 2 2 2 2 2 2 2 2 2 2 2 2 2 2
left_child=-1 2 11 4 5 21 7 8 27 10 -10 20 14 26 15 17 -16 18 19 -11 -2 22 -4 -23 -25 -26 -14 -5 -29 -30
right_child=1 -3 3 6 -6 -7 -8 -9 9 12 -12 -13 13 -15 16 -17 -18 -19 -20 -21 -22 23 -24 24 25 -27 -28 28 29 -31
leaf_value=4.6101563231282649e-07 0.011691211588565027 0.14055319200456143 -0.0019434215818358088 -0.0024350151156717348 -0.12824571054914724 -0.10868562553077937 -0.085520456043573528 0.050124841399519941 -0.011723557509370704 -0.0050517792676257958 -0.14979820610447364 0.10519166317853063 -0.10191142120520676 0.017613911326819411 -0.013479523124951352 0.029007804520133663 -0.11051712935524327 -0.065337819183194965 0.043203618275848309 0.027521438111585601 0.093998424183915963 -0.027652788640932048 0.075460331887006765 0.042096863495042693 -0.0089314734657680479 -0.073210296539529679 -0.027570186528776377 0.030444375180474582 0.0033272702655672568 0.055300305765723028
leaf_weight=83079616 167 25 713 2109 23 32 26 64 67 6177 22 22 41 45 79 234 28 37 88 135 22 583 27 65 946 31 49 277 1904 62
leaf_count=83079616 167 25 713 2109 23 32 26 64 67 6177 22 22 41 45 79 234 28 37 88 135 22 583 27 65 946 31 49 277 1904 62
internal_value=0 -0.00271488 -0.00296935 -0.00347145 -0.012347 -0.0112349 -0.00159459 -0.00140348 -0.00169393 -0.00461215 -0.0458544 0.0300219 -0.00408119 -0.0350865 -0.00346364 -0.0028957 -0.0388725 -0.00405546 -0.00370118 -0.00435511 0.0212719 -0.00991637 0.000880769 -0.0148332 -0.00766065 -0.010971 -0.0614367 0.00300124 0.00811272 0.0049663
internal_weight=0 14100 14075 13864 2420 2397 11444 11418 11354 7002 89 211 6913 135 6778 6671 107 6437 6400 6312 189 2365 740 1625 1042 977 90 4352 2243 1966
internal_count=83093716 14100 14075 13864 2420 2397 11444 11418 11354 7002 89 211 6913 135 6778 6671 107 6437 6400 6312 189 2365 740 1625 1042 977 90 4352 2243 1966
is_linear=0
shrinkage=0.1


Tree=82
num_leaves=31
num_cat=0
split_feature=2 19 1 1 8 13 13 8 12 0 2 3 15 2 15 11 4 7 12 14 13 7 12 12 12 14 4 2 2 7
split_gain=9.86119 16.0935 21.5674 93.42 12.8817 12.9986 57.2239 11.7045 16.3779 10.9001 9.54652 33.1267 34.3158 31.6052 32.3573 31.3795 39.9494 57.8245 128.621 61.0871 56.0674 54.662 46.9812 49.5287 33.3736 37.4127 32.3314 144.888 67.4082 30.1899
threshold=-0.73734748363494862 0.33817726373672491 -0.0054149958129167996 -0.011087464974422199 0.10814816877245904 0.003786049317568541 0.028885867446660999 0.3973525613546372 0.37828554213047033 0.0011117021798126004 0.62708550691604625 0.98685157299041759 0.93541446328163158 0.49990250170230871 0.99031487107276928 1.0000000180025095e-35 1.0000000180025095e-35 0.46194367110729223 0.55693793296813976 0.0083443182520568388 0.39622482657432562 0.96035403013229381 0.98214671015739452 0.99366164207458507 0.64783778786659252 0.16450587660074237 1.0000000180025095e-35 0.17863449454307559 -0.036911999806761735 0.74613162875175487
decision_type=2 2 2 2 2 2 2 2 2 2 2 2 2 2 2 2 2 2 2 2 2 2 2 2 2 2 2 2 2 2
left_child=1 4 3 -3 9 7 -7 -6 -9 -1 11 12 15 14 -13 26 20 -18 -19 -20 22 -22 29 -24 -21 -26 -2 28 -28 -17
right_child=10 2 -4 -5 5 6 -8 8 -10 -11 -12 13 -14 -15 -16 16 17 18 19 24 21 -23 23 -25 25 -27 27 -29 -30 -31
leaf_value=0.0011257422530988851 8.0932826714129527e-06 0.033902979350501773 -0.0086808416049094887 -0.20215682351787112 -0.013899683832572944 -0.16189986257148642 0.0050395205713711783 0.00024807902423189173 -0.065851458103248953 0.060430756571792789 -0.00012968371432868983 -0.021436590086003501 -0.044274508917970322 0.14608700437737362 0.10590514377014892 -0.018289651018630403 -0.062832386493091544 0.20285649281882107 0.06408017650458285 -0.16523182019591331 -0.173032522963153 0.02235594051224845 -0.16727788337506355 0.022372433117457801 -0.10021268041538341 0.061844717422179112 0.11463322080671788 0.15521772084996488 -0.058672774599049508 0.027714624656646543
leaf_weight=119344 77551444 38 349 30 874 28 77 2768 38 31 5416380 56 175 28 31 1053 63 42 88 21 45 21 40 21 28 29 24 39 346 165
leaf_count=119344 77551444 38 349 30 874 28 77 2768 38 31 5416380 56 175 28 31 1053 63 42 88 21 45 21 40 21 28 29 24 39 346 165
internal_value=0 0.000892632 -0.0187194 -0.0702411 0.000959035 -0.00478445 -0.0394776 -0.00379456 -0.000647068 0.00114114 -1.32997e-06 7.6343e-06 7.55471e-06 0.0536787 0.0239381 7.65464e-06 -0.013927 0.0211006 0.0465226 0.00696825 -0.0209847 -0.110863 -0.0163467 -0.101988 -0.0574657 -0.0177624 7.945e-06 -0.0281078 -0.0474313 -0.0120575
internal_weight=0 123577 417 68 123160 3785 105 3680 2806 119375 8.29701e+07 7.75538e+07 7.75536e+07 115 87 7.75535e+07 1616 271 208 166 1345 66 1279 61 78 57 7.75519e+07 409 370 1218
internal_count=83093716 123577 417 68 123160 3785 105 3680 2806 119375 82970139 77553759 77553644 115 87 77553469 1616 271 208 166 1345 66 1279 61 78 57 77551853 409 370 1218
is_linear=0
shrinkage=0.1


Tree=83
num_leaves=31
num_cat=0
split_feature=1 3 3 17 2 14 14 0 3 5 0 19 0 1 19 1 19 1 19 8 2 18 8 14 5 5 17 5 1 3
split_gain=9.93862 31.9542 48.5337 58.8201 34.3917 31.8006 83.1428 33.4623 48.2515 30.691 50.2743 27.5776 26.7253 70.2488 76.1839 80.4167 161.535 52.5148 58.4596 162.379 46.3252 63.2524 52.493 52.4765 105.184 257.457 94.2501 58.8918 119.127 81.2067
threshold=-0.029150001330241947 0.98685157299041759 0.9252023994922639 0.90562623739242565 3.7290139198303227 0.028851021081209186 0.0021066879853606228 0.070650786016459965 0.68211069703102123 0.98334485292434703 0.070650786016459965 0.88143187761306774 0.0009740921802358001 0.0065219292226826008 1.0000000180025095e-35 0.0041907733969127007 0.12329576909542085 -1.0000000180025095e-35 0.045707475394010551 0.0065349177457392224 1.0630374550819399 1.0000000180025095e-35 0.13974215090274814 0.012041170150041582 0.11898779869079591 0.31070631742477423 0.61531996726989757 0.72313192486763012 -0.0020093086143538499 0.98685157299041759
decision_type=2 2 2 2 2 2 2 2 2 2 2 2 2 2 2 2 2 2 2 2 2 2 2 2 2 2 2 2 2 2
left_child=1 2 3 11 -4 6 7 -5 -9 10 -3 -1 -2 14 20 17 -17 -16 19 -19 22 23 -14 27 26 -26 -25 -22 29 -29
right_child=12 9 4 5 -6 -7 -8 8 -10 -11 -12 -13 13 -15 15 16 -18 18 -20 -21 21 -23 -24 24 25 -27 -28 28 -30 -31
leaf_value=0.0019340857817473822 7.838771482730465e-07 -0.16564549414380905 -0.042517928602664096 0.025689775523814292 0.060681252156405956 0.032036323299292811 -0.24554046121510595 -0.16629370304031507 -0.032764964077382462 0.073503018557296504 -0.027418004235068079 -0.010157866396237393 -0.0037194055524145935 0.0024658154740160657 0.0038794591629516119 -0.31717356793258505 -0.0094272012236725662 0.011094268078500136 0.023168252480756213 0.33079176774869362 -0.013079036089633275 0.029364739571872345 0.023387233488510642 -0.0062834661128817323 0.36544697995369257 0.023719357532160035 0.1068128047088782 -0.18502017854689023 0.070496529482659845 -0.0097695060959085839
leaf_weight=53515 82964447 31 38 55 215 44 22 36 109 23 174 1955 23312 24402 6302 23 66 47 596 24 12525 406 737 4206 26 145 75 78 42 40
leaf_count=53515 82964447 31 38 55 215 44 22 36 109 23 174 1955 23312 24402 6302 23 66 47 596 24 12525 406 737 4206 26 145 75 78 42 40
internal_value=0 0.00132918 0.00148132 0.00128295 0.045181 -0.045629 -0.0610221 -0.0407251 -0.0659169 -0.0360315 -0.0483207 0.00150791 -8.99551e-07 -0.00191275 -0.00410897 0.00549729 -0.0889572 0.00670355 0.0333864 0.119161 -0.00573911 -0.00964662 -0.0028887 -0.0105709 -0.00123009 0.0756779 -0.0043021 -0.0138491 -0.0741344 -0.125613
internal_weight=0 56217 55989 55736 253 266 222 200 145 228 205 55470 8.30375e+07 73052 48650 7058 89 6969 667 71 41592 17543 24049 17137 4452 171 4281 12685 160 118
internal_count=83093716 56217 55989 55736 253 266 222 200 145 228 205 55470 83037499 73052 48650 7058 89 6969 667 71 41592 17543 24049 17137 4452 171 4281 12685 160 118
is_linear=0
shrinkage=0.1


Tree=84
num_leaves=31
num_cat=0
split_feature=12 7 11 8 7 13 0 2 4 13 7 14 2 13 2 2 12 14 2 13 12 14 14 2 13 2 2 12 13 2
split_gain=9.48151 97.6074 177.101 131.024 75.289 86.5394 169.185 166.627 253.748 101.606 119.447 82.2392 109.265 77.0339 74.4929 111.036 147.499 135.595 129.494 104.528 100.838 135.6 277.944 154.393 96.9772 72.9197 120.327 66.4615 58.8159 57.5801
threshold=0.013128197286278011 0.28284921497106558 1.0000000180025095e-35 0.3973525613546372 0.011934864800423385 0.40272857248783117 5.7752248042506218e-06 0.17863449454307559 1.0000000180025095e-35 0.12518856674432757 0.74613162875175487 0.36691232025623327 -0.24317750334739682 0.0040319836698472509 -0.18869099766016004 0.078506000339984908 0.84080615639686596 0.00087935687042772781 0.41802349686622625 0.73385402560234081 0.28795202076435095 0.024503542110323909 0.073371760547161116 -1.0000000180025095e-35 0.031739909201860435 0.39577649533748632 0.68694600462913524 0.26789896190166479 0.28602562844753271 0.19069050252437594
decision_type=2 2 2 2 2 2 2 2 2 2 2 2 2 2 2 2 2 2 2 2 2 2 2 2 2 2 2 2 2 2
left_child=4 -2 3 14 -1 7 11 13 9 -9 -11 12 -7 -6 28 16 19 -17 24 20 -16 23 -23 -22 29 -8 -27 -20 -3 -19
right_child=1 2 -4 -5 5 6 25 8 -10 10 -12 -13 -14 -15 15 17 -18 18 27 -21 21 22 -24 -25 -26 26 -28 -29 -30 -31
leaf_value=-4.1945710202306741e-06 0.00020630605927256945 0.021587511482534977 -0.017306638229570424 -0.11335402575249856 -0.062311608410540564 0.2073815905954689 -0.025794989543787224 -0.00089319325942664545 0.29651143308728933 -0.049928635968946117 -0.32385744407773021 -0.12246213039526573 0.019872160043718532 -0.002317465205695755 -0.012370764364137268 0.069990663761972438 0.031040653437325785 -0.29205382825298742 -0.0065744149490681476 0.28838497369604954 0.2138786742463708 0.46870573302730922 0.083189103007316592 0.037519161905811144 0.00046848054779203316 -0.33986035739934006 -0.053210805833805358 0.1701813034928189 -0.12758912730197877 -0.093069614147624158
leaf_weight=81383859 1703425 82 766 52 1018 32 57 1577 28 78 20 39 1077 271 61 253 336 33 117 34 71 32 45 165 38 27 32 26 39 26
leaf_count=81383859 1703425 82 766 52 1018 32 57 1577 28 78 20 39 1077 271 61 253 336 33 117 34 71 32 45 165 38 27 32 26 39 26
internal_value=0 0.000233344 0.0213991 0.0424265 -4.8901e-06 -0.0133049 0.00863387 -0.0225732 -0.00204218 -0.00703292 -0.105832 0.0202635 0.0252827 -0.0496984 0.0483916 0.0557168 0.0801052 0.0189115 -0.0349345 0.120511 0.10525 0.128173 0.243404 0.0905765 -0.124121 -0.106459 -0.184389 0.025563 -0.0264942 -0.204366
internal_weight=0 1.7056e+06 2176 1410 8.13881e+07 4256 1264 2992 1703 1675 98 1148 1109 1289 1358 1237 744 493 240 408 374 313 77 236 97 116 59 143 121 59
internal_count=83093716 1705601 2176 1410 81388115 4256 1264 2992 1703 1675 98 1148 1109 1289 1358 1237 744 493 240 408 374 313 77 236 97 116 59 143 121 59
is_linear=0
shrinkage=0.1


Tree=85
num_leaves=31
num_cat=0
split_feature=13 17 2 2 3 5 13 0 18 13 0 1 0 0 6 14 0 18 2 17 2 13 13 1 0 19 13 7 14 13
split_gain=9.48638 23.733 53.0832 41.6722 22.8364 73.5148 73.106 54.2976 31.954 40.6195 31.9635 33.8519 28.583 48.0337 27.0392 26.1424 24.4544 23.1842 25.0801 62.0549 59.0253 119.201 349.926 137.603 99.8763 93.4517 85.9528 45.4168 44.8202 65.5416
threshold=0.0025480916956439619 0.21915384382009509 3.7290139198303227 2.5028109550476079 0.40880481898784643 0.18064829707145694 0.049410168081521995 0.00020769951286885003 0.26619982719421392 0.052741950377821929 0.0039542978823803006 -0.0038985490211725995 0.0002021364214458 0.00019040885066585003 0.39440751075744634 0.018086912110447887 6.5124736445710006e-05 0.61783882975578319 2.9375464916229252 0.016976296901702884 2.5028109550476079 0.80809500813484203 0.88117954134941112 -0.023532365795297047 5.2297933495915244e-06 0.99999997019767772 0.86365556716918956 0.28284921497106558 0.080588430166244521 0.66371449828147899
decision_type=2 2 2 2 2 2 2 2 2 2 2 2 2 2 2 2 2 2 2 2 2 2 2 2 2 2 2 2 2 2
left_child=-1 4 3 -3 5 14 -7 -8 10 -10 11 -6 13 16 17 -14 -13 18 20 27 -2 28 23 -23 26 -24 -25 -20 -22 -30
right_child=1 2 -4 -5 8 6 7 -9 9 -11 -12 12 15 -15 -16 -17 -18 -19 19 -21 21 22 25 24 -26 -27 -28 -29 29 -31
leaf_value=2.6224276357224633e-06 -0.0004144783772650351 -0.051095807192508474 -0.1125213503230699 0.0486263197963126 0.079491039753124562 -0.15923293670639396 -0.06246483034632179 0.086097333295380371 0.19324556296646953 0.037177031489526051 -0.11240520236814129 0.012844155852415383 -0.091579675645782399 0.13615777571996054 -0.053489291201064285 0.040617581031152178 -0.071332748101926177 -0.071402686575184698 0.0040938199827612164 0.13708028439964567 -0.0019395911400361026 -0.40130117392310738 -0.016686597977407201 -0.13204197152517735 -0.030844441068669161 0.20682959064841269 -0.36559494162121647 -0.10133651574937308 -0.023921068071675974 -0.1671877379200476
leaf_weight=82595951 480370 88 61 80 68 56 89 34 21 81 21 376 52 30 96 21 38 46 11864 35 3192 26 289 40 45 20 26 41 525 34
leaf_count=82595951 480370 88 61 80 68 56 89 34 21 81 21 376 52 30 96 21 38 46 11864 35 3192 26 289 40 45 20 26 41 525 34
internal_value=0 -0.000435245 -0.0326206 -0.00360908 -0.000420431 -0.000446006 -0.0645201 -0.0213989 0.0175264 0.0693088 0.00881056 0.0131619 0.00443775 0.0139718 -0.000422913 -0.0535503 0.00511777 -0.000412654 -0.000406076 0.00412162 -0.000517641 -0.0123252 -0.0611991 -0.194226 -0.145722 -0.00221953 -0.224048 0.00373073 -0.00651403 -0.032635
internal_weight=0 497765 229 168 497536 496828 179 123 708 102 606 585 517 444 496649 73 414 496553 496507 11940 484567 4197 446 137 111 309 66 11905 3751 559
internal_count=83093716 497765 229 168 497536 496828 179 123 708 102 606 585 517 444 496649 73 414 496553 496507 11940 484567 4197 446 137 111 309 66 11905 3751 559
is_linear=0
shrinkage=0.1


Tree=86
num_leaves=31
num_cat=0
split_feature=19 5 15 3 12 2 14 2 0 1 8 8 8 12 6 18 12 8 2 2 3 2 9 1 0 2 19 2 19 1
split_gain=9.26881 22.3428 43.4849 28.3768 41.2222 23.2553 28.4833 45.0937 68.3985 61.6333 60.0292 88.1959 58.19 108.581 56.9196 38.2109 34.3488 34.124 64.056 171.234 108.659 79.0009 94.7705 58.9819 129.998 96.7849 105.644 162.099 123.305 74.8561
threshold=0.49189253151416784 0.044226281344890601 0.21988103538751605 0.48933163285255438 0.11515636369585992 0.94279950857162487 0.0023713601985946302 3.343134999275208 0.070650786016459965 -0.04365553592328409 0.68169814348220836 0.10814816877245904 0.0018839556141756477 0.042662667110562331 1.0000000180025095e-35 0.7019123136997224 0.058856114745140083 1.0000000180025095e-35 3.343134999275208 4.1433904170989999 0.27964606881141668 3.7290139198303227 0.41850791871547705 -0.13604505617114263 0.029216446485834453 2.2194035053253178 0.82954031229019176 1.6206545233726504 0.69166481494903576 -0.081241258522397927
decision_type=2 2 2 2 2 2 2 2 2 2 2 2 2 2 2 2 2 2 2 2 2 2 2 2 2 2 2 2 2 2
left_child=-1 5 3 -3 -5 -2 15 9 12 -8 11 -10 13 -9 -11 17 -13 18 23 21 -21 -20 -23 -7 -25 26 27 -26 -29 -28
right_child=1 2 -4 4 -6 6 7 8 10 14 -12 16 -14 -15 -16 -17 -18 -19 19 20 -22 22 -24 24 25 -27 29 28 -30 -31
leaf_value=1.0695360984669857e-06 0.00041028643947238079 0.10698899195995182 -0.048954738419631438 0.047272057020531381 -0.10082546808037229 0.033339138909264703 0.023767658305609955 -0.031394712490794986 -0.0023030032669859274 -0.0065913379752510319 0.0075477994393025119 -0.22125061633897591 -0.0081124057614480188 -0.20693265229463575 0.10620720233975185 0.13056544434194536 -0.10577611275540109 0.0022921233223701866 -0.043263255309618734 0.071926691809935231 -0.033446878350868424 -0.18723672469732938 -0.013128190285219303 -0.0026268706988362856 -0.0090228425604956496 -0.0024432040063426799 -0.1781735526238169 -0.11962293852120638 -0.44237868581930623 -0.0070973975309415868
leaf_weight=83008507 45409 60 58 129 22 430 769 296 56 7619 70 47 2645 40 45 22 57 13660 222 175 222 108 44 12648 28 149 35 20 29 95
leaf_count=83008507 45409 60 58 129 22 430 769 296 56 7619 70 47 2645 40 45 22 57 13660 222 175 222 108 44 12648 28 149 35 20 29 95
internal_value=0 -0.00104243 0.027732 0.0488117 0.0256949 -0.00113356 -0.00290696 -0.00706105 -0.0171461 -0.00322101 -0.0696897 -0.103481 -0.0130921 -0.0522921 -0.00592903 -0.00117245 -0.157962 -0.00127646 -0.00470813 -0.0327389 0.0130024 -0.0812932 -0.136837 -0.0030994 -0.0043043 -0.0639001 -0.108137 -0.200962 -0.310642 -0.0531564
internal_weight=0 85209 269 211 151 84940 39531 11644 3211 8433 230 160 2981 336 7664 27887 104 27865 14205 771 397 374 152 13434 13004 356 207 77 49 130
internal_count=83093716 85209 269 211 151 84940 39531 11644 3211 8433 230 160 2981 336 7664 27887 104 27865 14205 771 397 374 152 13434 13004 356 207 77 49 130
is_linear=0
shrinkage=0.1


Tree=87
num_leaves=31
num_cat=0
split_feature=15 6 1 14 1 14 12 19 19 15 2 2 0 15 5 5 6 6 13 5 3 14 1 0 18 14 12 3 8 2
split_gain=9.29451 36.0703 38.443 45.0572 80.0926 38.6725 61.8128 52.4967 51.096 42.6491 37.1927 51.1025 39.6583 35.2869 44.6184 40.6036 32.6953 32.7486 41.7138 35.4995 36.3721 62.5136 144.053 125.826 123.871 173.956 113.724 76.4642 60.4937 59.1536
threshold=0.066122770309448256 0.91760551929473888 -0.00032696265144889996 0.2418971583247185 -0.00045091624252024997 0.43575267493724829 0.23219675570726397 0.93326175212860119 1.0000000180025095e-35 0.33388794958591467 0.85109150409698497 1.3185999989509585 7.4126805337459454e-05 0.72313192486763012 0.52134644985198986 0.5839887559413911 0.98685157299041759 0.098755661398172392 0.05519539304077626 1.0000000180025095e-35 0.27964606881141668 0.0065626760479062804 -0.13604505617114263 0.0039542978823803006 0.7019123136997224 0.033473262563347823 0.0041316214483231315 0.51241087913513195 0.21959701925516131 4.1433904170989999
decision_type=2 2 2 2 2 2 2 2 2 2 2 2 2 2 2 2 2 2 2 2 2 2 2 2 2 2 2 2 2 2
left_child=16 2 3 10 -5 6 7 8 -4 -8 12 -12 -2 14 -11 -16 17 19 -19 20 -1 28 -23 24 25 29 -25 -27 -22 -24
right_child=1 -3 5 4 -6 -7 9 -9 -10 13 11 -13 -14 -15 15 -17 -18 18 -20 -21 21 22 23 26 -26 27 -28 -29 -30 -31
leaf_value=2.5078351473588387e-07 0.12813695593661553 -0.009917416533104708 0.0092837732951920257 -0.030221355840446593 -0.23445129408077761 0.057024946348425358 0.0033075423685798217 -0.10167336916284903 0.070718054080624954 -0.047271110626656843 -0.15665695032752727 -0.0064446069944745906 0.016311767607138636 0.017646658851299436 -0.26312871728092435 -0.061625331193208704 0.020215608679689467 -0.0066501123980939715 0.038710893919704947 -0.0057874176264271328 0.011238195515843451 -0.056890653855794962 -0.14632898083991475 0.047513782562164125 -0.062221698639159266 0.018491807263502379 0.28363706903024155 0.12888342256887136 0.080383033111261645 -0.01814329745868842
leaf_weight=83053958 37 1881 7140 151 22 159 314 42 138 213 23 1480 222 64 20 20 800 9824 207 10597 4739 460 45 280 296 118 22 134 130 180
leaf_count=83053958 37 1881 7140 151 22 159 314 42 138 213 23 1480 222 64 20 20 800 9824 207 10597 4739 460 45 280 296 118 22 134 130 180
internal_value=0 0.00279148 0.00517131 -0.00749364 -0.0561928 0.0081931 0.00721659 0.00980532 0.0104486 -0.0228144 -0.00271217 -0.00874327 0.0322868 -0.0486891 -0.0654697 -0.162377 -4.0177e-07 -5.96433e-07 -0.00571404 9.34775e-08 8.31859e-07 0.00753685 -0.0100597 0.0099796 -0.0114047 0.0201296 0.0647148 0.0771921 0.0130843 -0.0437804
internal_weight=0 11926 10045 1935 173 8110 7951 7320 7278 631 1762 1503 259 317 253 40 8.30818e+07 8.3081e+07 10031 8.3071e+07 8.30604e+07 6404 1535 1075 773 477 302 252 4869 225
internal_count=83093716 11926 10045 1935 173 8110 7951 7320 7278 631 1762 1503 259 317 253 40 83081790 83080990 10031 83070959 83060362 6404 1535 1075 773 477 302 252 4869 225
is_linear=0
shrinkage=0.1


Tree=88
num_leaves=31
num_cat=0
split_feature=16 2 14 14 1 14 6 9 13 16 12 13 13 2 0 1 1 16 2 8 13 2 0 2 16 1 1 0 2 2
split_gain=9.19733 34.4039 93.5939 35.3293 34.1628 32.9133 34.6774 25.9978 23.442 23.1479 16.6878 14.3296 14.2466 34.1653 12.6056 24.4225 43.1185 69.4852 31.5263 16.9127 11.9384 10.5291 21.3182 28.0259 27.4849 21.2487 48.3537 25.0566 19.7475 15.5363
threshold=1.0000000180025095e-35 3.7290139198303227 0.0022438119631260638 0.48728032410144811 -1.0000000180025095e-35 0.0050791089888662109 0.098755661398172392 0.12400152161717416 0.92320555448532116 0.57706825435161602 0.64403080940246593 0.99078932404518139 0.060548339039087302 1.5558925271034243 4.2293584304260564e-05 0.0017997573925068501 -0.00085388206748664988 0.57706825435161602 2.9375464916229252 0.099579870700836196 0.64189010858535778 1.1838999986648562 0.00017438028004465001 1.7505649924278261 0.57706825435161602 0.0014588239049043003 0.00031802762916345004 5.7889866827548184e-05 1.4342429637908938 1.3185999989509585
decision_type=2 2 2 2 2 2 2 2 2 2 2 2 2 2 2 2 2 2 2 2 2 2 2 2 2 2 2 2 2 2
left_child=-1 3 4 5 -3 7 12 8 10 -6 20 -10 14 -14 -7 16 18 19 -16 -18 21 -2 23 24 29 26 -25 -28 -24 -23
right_child=1 2 -4 -5 9 6 -8 -9 11 -11 -12 -13 13 -15 15 -17 17 -19 -20 -21 -22 22 28 25 -26 -27 27 -29 -30 -31
leaf_value=1.8467492039532677e-07 0.0069596697646665167 -0.11127400844004648 -0.20335043189115823 -0.1319788132395063 -0.011641614763967453 0.011798401683321537 -0.11143424684802693 -0.11542200277680936 0.12088979956778614 0.10242328457534314 -0.078631467595696447 0.0054035288946969176 0.036341210894095595 -0.10698165505610664 0.059832071187791595 0.0021360825549992216 -0.029295370693911207 0.21927369153644474 -0.062986397556960588 0.090923762328922755 -0.07874157608797154 -0.063686730435012648 0.049118948301664841 0.0053344235554126374 -0.14813236799496024 0.067882033818117957 -0.14752035547386519 -0.0077898136207035611 -0.048349606247157451 0.015741519990336638
leaf_weight=83091150 370 29 32 21 93 399 21 23 22 22 35 21 39 29 57 108 22 36 33 25 24 53 23 644 23 46 33 21 216 46
leaf_count=83091150 370 29 32 21 93 399 21 23 22 22 35 21 39 29 57 108 22 36 33 25 24 53 23 644 23 46 33 21 216 46
internal_value=0 -0.00598682 -0.0486564 -0.00284462 -0.0142799 -0.00169992 0.0153021 -0.0098715 -0.00833208 0.0101795 -0.0103734 0.0644895 0.0188602 -0.0247818 0.0232244 0.0394485 0.0627418 0.114728 0.0147986 0.034651 -0.00877962 -0.00764125 -0.0125302 -0.00523343 -0.0496585 0.00205132 -0.00228709 -0.0931807 -0.0389698 -0.0267807
internal_weight=0 2566 176 2390 144 2369 769 1600 1577 115 1534 43 748 68 680 281 173 83 90 47 1499 1475 1105 866 122 744 698 54 239 99
internal_count=83093716 2566 176 2390 144 2369 769 1600 1577 115 1534 43 748 68 680 281 173 83 90 47 1499 1475 1105 866 122 744 698 54 239 99
is_linear=0
shrinkage=0.1


Tree=89
num_leaves=31
num_cat=0
split_feature=2 12 3 0 1 12 12 6 14 8 19 13 13 1 12 9 15 14 13 1 0 0 0 15 0 0 3 0 0 0
split_gain=8.7159 25.3459 68.5168 73.7985 125.727 73.7604 73.4819 70.8736 86.7753 55.8744 44.2654 39.7026 59.4693 37.8411 38.6962 36.2728 36.1553 70.162 69.6484 74.577 101.898 63.4213 85.0323 72.4008 69.4543 62.2509 46.0227 109.891 78.6401 65.4245
threshold=4.1433904170989999 0.0010905198287218811 0.40880481898784643 0.00020858085914425 -0.0042801972292652495 0.096664741635322585 0.96344175934791576 0.81283089518547069 0.14108315110206607 0.51577174663543712 0.67829844355583202 0.86757710576057445 0.24665850400924685 0.0020053692164483006 0.028062924742698673 0.22492027282714847 0.0063950831536203631 0.0032416693866252904 0.0081119192764163035 0.0035414675187455504 0.00033688132080775002 6.3123604794373448e-05 6.462959780720846e-05 0.019555250182747844 6.1079111465114024e-05 9.2373803143616437e-05 0.75704458355903637 0.00017566708744820003 0.00021120115181430004 9.6391946023415657e-05
decision_type=2 2 2 2 2 2 2 2 2 2 2 2 2 2 2 2 2 2 2 2 2 2 2 2 2 2 2 2 2 2
left_child=-1 16 11 4 5 -4 9 8 -5 10 13 12 15 -6 -15 -3 -2 21 19 -19 25 23 -23 -18 -25 -21 -24 29 -29 -28
right_child=1 2 3 7 6 -7 -8 -9 -10 -11 -12 -13 -14 14 -16 -17 17 18 -20 20 -22 22 26 24 -26 -27 27 28 -30 -31
leaf_value=1.209273473558455e-06 -0.00072640852353290052 -0.0026877794475474739 -0.33334793632938747 -0.02769338580132806 -0.041571209165154992 -0.09215480344137178 0.099680402928165032 0.1259203513657364 0.090784281348952889 -0.20074203729629519 0.072523627306024227 -0.1058688155199225 0.12804655524236816 -0.044520194445337571 0.099459420163184417 0.091491629902227992 0.071839340378643382 0.032630185153259994 -0.053144510399267479 0.1282886346945396 -0.0065744840105374652 -0.22323672026395799 -0.0053192141150306708 0.0045141330601171682 0.15986329387744955 0.36295465365052226 -0.0023258216146911895 0.12270809074712766 -0.057988350671054657 -0.20981050797484141
leaf_weight=82978157 91991 15955 21 298 930 32 42 48 78 20 39 37 35 35 40 41 173 717 84 26 30 20 853 3783 29 20 21 37 69 55
leaf_count=82978157 91991 15955 21 298 930 32 42 48 78 20 39 37 35 35 40 41 173 717 84 26 30 20 853 3783 29 20 21 37 69 55
internal_value=0 -0.000867864 -0.00435586 -0.0242056 -0.037265 -0.187722 -0.0300551 0.0114923 -0.00311557 -0.0351762 -0.0320044 -0.00240029 -0.00216148 -0.0360608 0.0322689 -0.00244638 -0.000239043 0.00733798 0.0334425 0.0426144 0.136807 0.00279559 -0.0190061 0.00856743 0.00569596 0.230317 -0.0150596 -0.0607111 0.00508494 -0.152479
internal_weight=0 115559 17651 1583 1159 53 1106 424 376 1064 1044 16068 16031 1005 75 15996 97908 5917 877 793 76 5040 1055 3985 3812 46 1035 182 106 76
internal_count=83093716 115559 17651 1583 1159 53 1106 424 376 1064 1044 16068 16031 1005 75 15996 97908 5917 877 793 76 5040 1055 3985 3812 46 1035 182 106 76
is_linear=0
shrinkage=0.1


Tree=90
num_leaves=31
num_cat=0
split_feature=1 2 14 2 0 19 2 0 2 19 1 1 2 2 0 1 2 19 19 19 19 12 8 1 2 1 3 3 17 14
split_gain=8.75122 28.1224 41.4993 32.7162 233.019 279.362 28.8355 53.4241 49.9242 62.6512 51.3854 93.2175 92.6273 166.812 89.3952 29.5584 27.1008 63.746 53.8456 25.1601 44.1788 42.2011 76.7606 80.8325 40.9982 44.6832 22.7153 45.3043 39.5321 34.8587
threshold=-0.029150001330241947 1.6206545233726504 0.71975088119506847 1.6857554912567141 0.029216446485834453 0.67829844355583202 0.77160400152206432 0.014622739945749553 1.3185999989509585 0.027776347473263744 -0.13604505617114263 -0.058934122107042346 1.0011849999427798 1.0323700308799746 0.029216446485834453 -0.081241258522397927 0.85109150409698497 0.57378283143043529 0.85840713977813732 0.99999997019767772 0.99402248859405529 0.98801040649414074 0.91424688696861278 -0.058934122107042346 4.1433904170989999 -0.13604505617114263 0.98685157299041759 0.9252023994922639 0.90562623739242565 0.011766261886805298
decision_type=2 2 2 2 2 2 2 2 2 2 2 2 2 2 2 2 2 2 2 2 2 2 2 2 2 2 2 2 2 2
left_child=1 6 3 4 -3 -6 -1 16 9 10 -9 12 -12 -14 -15 -16 17 -8 -19 20 26 22 23 -21 25 -24 27 28 -5 -29
right_child=-2 2 -4 19 5 -7 7 8 -10 -11 11 -13 13 14 15 -17 -18 18 -20 21 -22 -23 24 -25 -26 -27 -28 29 -30 -31
leaf_value=0.00092543974232277705 -8.4438222977083771e-07 -0.0044537646780066246 0.08297642671085638 -0.00073391260136669231 -0.059057868197560315 -0.51679339781403544 0.013397144591136508 0.01884941779950168 0.00061531575556728058 0.0028946035433628208 0.042263859390878858 0.025027658850220697 0.43776814829219468 0.01118418677030383 0.13898017792790027 0.28695008711958375 0.0028041857758988775 0.24035249358933905 0.035465659172242057 -0.24145245498253243 0.068391873063924524 0.077122508630984354 0.15339950934673352 -0.010059078209675276 -0.09409959589041049 -0.021799009685983528 -0.032589194462923091 0.054285046397857195 -0.040659701677254474 -0.080589426319403135
leaf_weight=21991 83037499 570 58 20716 40 20 1447 160 432 248 67 133 22 37 27 27 9180 23 29 36 92 27 24 26 31 37 226 219 251 21
leaf_count=21991 83037499 570 58 20716 40 20 1447 160 432 248 67 133 22 37 27 27 9180 23 29 36 92 27 24 26 31 37 226 219 251 21
internal_value=0 0.00124725 -0.00150148 -0.00172084 -0.0241854 -0.211636 0.00306717 0.00704779 0.0274976 0.0436047 0.0649495 0.088515 0.135425 0.190662 0.130922 0.212965 0.00483985 0.0173064 0.126089 -0.00106883 -0.000756626 -0.0381966 -0.0584149 -0.144417 -0.000457202 0.0471316 -0.00105344 -0.00071737 -0.00121187 0.0424835
internal_weight=0 56217 22394 22336 630 60 33823 11832 1153 721 473 313 180 113 91 54 10679 1499 52 21706 21525 181 154 62 92 61 21433 21207 20967 240
internal_count=83093716 56217 22394 22336 630 60 33823 11832 1153 721 473 313 180 113 91 54 10679 1499 52 21706 21525 181 154 62 92 61 21433 21207 20967 240
is_linear=0
shrinkage=0.1


Tree=91
num_leaves=31
num_cat=0
split_feature=10 12 2 14 1 2 0 0 1 2 2 2 14 9 3 3 3 2 0 16 2 19 0 12 2 13 13 2 2 14
split_gain=8.60709 20.8572 14.4753 10.9644 16.2735 11.4943 9.41161 9.56499 9.45032 8.92287 24.1788 9.60037 8.6406 8.4678 35.8727 30.9396 29.0021 13.205 25.4926 21.2659 19.2982 14.3779 14.1622 19.8931 18.8548 12.4371 25.7217 11.928 11.4047 53.7008
threshold=0.80759394168853771 0.058856114745140083 1.6857554912567141 0.10341256484389307 0.0025407509541951505 2.2194035053253178 6.1079111465114024e-05 0.00016850223223065003 0.00050966127470550011 1.1838999986648562 1.0986645221710207 0.11009649932384492 0.010551472660154106 0.05694923177361489 0.22048421949148181 0.38595117628574377 1.0000000180025095e-35 1.0986645221710207 0.0015969188177035003 1.0000000180025095e-35 0.3744920045137406 0.87280812859535228 1.0000000180025095e-35 0.083366848528385176 2.2194035053253178 0.06529963389039041 0.33344189822673803 0.68694600462913524 3.343134999275208 0.0010408571106381717
decision_type=2 2 2 2 2 2 2 2 2 2 2 2 2 2 2 2 2 2 2 2 2 2 2 2 2 2 2 2 2 2
left_child=13 2 9 5 -5 6 8 -8 -4 10 11 12 -2 -1 16 -16 17 18 19 20 -15 22 23 25 -24 28 -27 -22 -19 -30
right_child=1 -3 3 4 -6 -7 7 -9 -10 -11 -12 -13 -14 14 15 -17 -18 21 -20 -21 27 -23 24 -25 -26 26 -28 -29 29 -31
leaf_value=5.8501715098536176e-07 0.006595082224459585 -0.056980765792421811 -0.016679240643066827 -0.013974190327738013 -0.12373120283538647 0.0052274887707844941 -0.091638029818281994 -0.024409568603387326 0.050394108614206991 0.013778167563191 -0.10711836110461842 -0.011076941631645673 0.063527969181023797 0.0043332052199824877 0.16284404560923577 0.028658166330796288 -0.098050574469380092 -0.0077916841921958999 -0.10409772220466817 -0.10387983626645546 -0.025244692110900736 0.045991386644891469 0.004806035579618566 0.013055594334511887 -0.0082655239306594925 -0.11218223617795636 0.0054562408863226093 -0.0073710344365365311 -0.0020842251868373684 0.17256829086691142
leaf_weight=83077357 330 78 465 35 22 289 33 59 22 457 22 420 29 913 20 122 32 4400 28 23 586 64 4669 525 1445 34 41 1029 147 20
leaf_count=83077357 330 78 465 35 22 289 33 59 22 457 22 420 29 913 20 122 32 4400 28 23 586 64 4669 525 1445 34 41 1029 147 20
internal_value=0 -0.00616981 -0.0043543 -0.0138506 -0.0563365 -0.0110607 -0.0191907 -0.0485241 -0.0136492 0.00262829 -0.00373312 -0.000813385 0.0111941 1.6916e-07 -0.00245042 0.0475576 -0.00295924 -0.0027407 -0.00919967 -0.00815806 -0.00728717 -0.00127242 -0.00154056 -0.00539476 0.00171667 -0.00748146 -0.0478732 -0.0138565 -0.00681814 0.0188322
internal_weight=0 2261 2183 925 57 868 579 92 487 1258 801 779 359 8.30915e+07 14098 142 13956 13924 2579 2551 2528 11345 11281 5167 6114 4642 75 1615 4567 167
internal_count=83093716 2261 2183 925 57 868 579 92 487 1258 801 779 359 83091455 14098 142 13956 13924 2579 2551 2528 11345 11281 5167 6114 4642 75 1615 4567 167
is_linear=0
shrinkage=0.1


Tree=92
num_leaves=31
num_cat=0
split_feature=1 15 8 14 2 13 8 2 0 19 13 19 2 19 19 2 2 1 0 1 18 19 0 2 0 2 2 8 1 1
split_gain=8.5529 31.2854 26.3938 25.3023 42.0597 32.5513 28.8795 40.5118 25.1104 34.4891 24.5858 25.2301 28.7414 24.6215 33.1693 24.6875 25.8646 23.0881 20.3643 54.0465 52.0597 42.3152 72.0061 80.757 230.124 50.4607 77.3685 116.861 95.2161 483.77
threshold=0.0091869288168362519 0.64080783724784862 0.99188458919525158 0.068264286965131774 2.9375464916229252 0.10384210944175722 0.096336171030998244 3.343134999275208 0.0074286826741851008 0.94167014956474315 0.95004814863204967 0.33817726373672491 1.8119350075721743 0.0048700119368731984 0.14896758645772937 0.60106000304222118 0.85109150409698497 0.020300758245390255 0.00028705688994705008 -0.015083690928206349 0.7019123136997224 0.019886780530214313 0.0028478370104891002 -0.36827149987220759 0.011766311318164552 2.2194035053253178 3.343134999275208 0.099579870700836196 -0.00077949694396784992 -0.0033225357981068494
decision_type=2 2 2 2 2 2 2 2 2 2 2 2 2 2 2 2 2 2 2 2 2 2 2 2 2 2 2 2 2 2
left_child=18 2 3 5 -5 8 7 -6 -2 -10 13 12 -12 15 -15 -7 -17 -9 -1 -20 21 22 -21 24 -24 -25 27 28 29 -27
right_child=1 -3 -4 4 6 10 -8 17 9 -11 11 -13 -14 14 -16 16 -18 -19 19 20 -22 -23 23 25 -26 26 -28 -29 -30 -31
leaf_value=1.422553469987719e-06 -0.00026580404478528596 0.075032224120539545 0.026269321114708352 0.0030036915408085314 0.11322103184157689 0.014619201992112999 0.014263068007133693 0.070137808904051788 -0.0102583793497294 -0.1334302842617035 -0.00056328680116816293 -0.11336078533530236 -0.077150463026815233 0.080819741194354047 0.0095027445770889344 -0.013122053730479453 0.0061900850575883374 -0.0010575284041335871 0.00066785834894406908 -0.0023884089991228078 0.074768017251920976 0.0036401118072797059 0.024565656636567679 -0.0060448269987456449 -0.40292214483022692 -0.016740005900827023 -0.011745526051275827 -0.014440283913777588 -0.039806871083537983 -0.36310910511929251
leaf_weight=82794732 66640 57 409 13261 76 2472 954 75 1959 23 392 25 56 107 167 890 3141 116 101188 88220 87 9810 34 6091 20 109 1937 432 172 64
leaf_count=82794732 66640 57 409 13261 76 2472 954 75 1959 23 392 25 56 107 167 890 3141 116 101188 88220 87 9810 34 6091 20 109 1937 432 172 64
internal_value=0 0.000969904 0.000923392 0.00080866 0.00463896 7.75552e-05 0.0223992 0.0514699 -0.000595702 -0.0116877 0.00645 -0.0155925 -0.0101367 0.00798846 0.0373528 0.00675121 0.00192618 0.0268988 -1.06109e-06 -0.000988902 -0.00255602 -0.00261896 -0.00325145 -0.0118458 -0.133763 -0.0110981 -0.0224391 -0.0490973 -0.092494 -0.144877
internal_weight=0 90820 90763 90354 14482 75872 1221 267 68622 1982 7250 473 448 6777 274 6503 4031 191 8.30029e+07 208164 106976 106889 97079 8859 54 8805 2714 777 345 173
internal_count=83093716 90820 90763 90354 14482 75872 1221 267 68622 1982 7250 473 448 6777 274 6503 4031 191 83002896 208164 106976 106889 97079 8859 54 8805 2714 777 345 173
is_linear=0
shrinkage=0.1


Tree=93
num_leaves=31
num_cat=0
split_feature=0 7 2 0 12 3 12 0 12 4 2 12 15 2 2 4 13 13 12 17 2 7 2 14 2 15 15 15 5 19
split_gain=8.33719 72.1391 84.4972 74.3132 58.458 50.5866 45.9805 53.3457 72.2393 45.2075 37.7078 37.6809 37.4035 43.1539 112.398 37.1133 49.3508 36.4036 44.6041 35.5415 35.0923 77.6675 32.9274 52.5648 47.2021 44.8132 32.9122 31.3139 29.8382 29.5964
threshold=1.2666905803989707e-06 0.5664392113685609 -0.0028364999452605839 0.070650786016459965 0.65933024883270275 0.9252023994922639 0.61086905002594005 5.7752248042506218e-06 0.18062395602464679 1.0000000180025095e-35 -0.3814955055713653 0.96925583481788646 0.99031487107276928 0.49990250170230871 1.6206545233726504 1.0000000180025095e-35 0.0099590662866830843 0.68857181072235119 0.013128197286278011 0.8586067557334901 0.45193150639534002 0.74613162875175487 4.1433904170989999 0.0041583054699003705 2.9375464916229252 1.0000000180025095e-35 0.066122770309448256 0.93541446328163158 0.898319572210312 0.14896758645772937
decision_type=2 2 2 2 2 2 2 2 2 2 2 2 2 2 2 2 2 2 2 2 2 2 2 2 2 2 2 2 2 2
left_child=5 15 4 6 17 19 7 8 20 -8 -6 12 13 -7 -15 -2 -17 18 -3 29 21 -4 23 24 -16 28 -27 -28 -24 -1
right_child=1 2 3 -5 10 11 9 -9 -10 -11 -12 -13 -14 14 22 16 -18 -19 -20 -21 -22 -23 25 -25 -26 26 27 -29 -30 -31
leaf_value=1.5823569692653404e-05 -7.0700096867902436e-05 0.0076040503690424175 -0.20773069761120358 0.023408357663747839 0.017411982030447189 -0.069473849017357023 -0.029876690137792719 -0.097537597930482167 -0.20611230287214985 0.10622745957867852 -0.12068445046742758 0.11179872089085859 0.040680237344213742 0.14808482385990096 -0.034290526774677914 0.20233039295389538 -0.014466116013049724 0.17309456147563956 0.17721060838550329 0.024984875958282176 0.026972648667288015 -0.02003813224427145 -0.021959041979393693 -0.13599450521916154 0.037912539507119397 0.078583368653198704 -0.10074913458866548 0.026157647544928525 -0.055119833992299597 -0.002441295258087305
leaf_weight=69733272 13307559 69 26 159 58 162 154 275 23 29 30 23 107 41 137 21 21 30 20 570 96 145 770 25 267 64 29 59 419 49056
leaf_count=69733272 13307559 69 26 159 58 162 154 275 23 29 30 23 107 41 137 21 21 30 20 570 96 145 770 25 267 64 29 59 419 49056
internal_value=0 -7.25336e-05 -0.0255188 -0.0386759 0.0321309 1.38328e-05 -0.051873 -0.0659833 -0.0360612 -0.00830827 -0.0296663 -0.0154954 -0.016903 -0.0200259 -0.0156026 -7.04034e-05 0.0939321 0.0778297 0.0457179 1.43002e-05 -0.0214126 -0.0485762 -0.0193942 0.00472024 0.0134278 -0.0271087 0.0240192 -0.0156639 -0.0336448 1.40962e-05
internal_weight=0 1.33087e+07 1114 907 207 6.9785e+07 748 565 290 183 88 2103 2080 1973 1811 1.33076e+07 42 119 89 6.97829e+07 267 171 1770 429 404 1341 152 88 1189 6.97823e+07
internal_count=83093716 13308715 1114 907 207 69785001 748 565 290 183 88 2103 2080 1973 1811 13307601 42 119 89 69782898 267 171 1770 429 404 1341 152 88 1189 69782328
is_linear=0
shrinkage=0.1


Tree=94
num_leaves=31
num_cat=0
split_feature=15 1 3 3 0 2 13 15 6 2 0 1 6 3 6 2 2 2 2 12 6 3 8 2 1 3 2 3 5 5
split_gain=8.54392 40.6765 39.0595 16.6363 15.8637 14.4147 13.8684 13.027 25.7074 25.7727 46.4012 50.5729 25.1284 67.5768 24.8736 29.5037 39.6451 122.972 88.8097 72.7981 100.429 57.624 53.6317 53.9537 55.1017 57.6582 47.4354 86.2885 69.0928 46.8018
threshold=0.99031487107276928 -1.7771433057367499e-05 0.98685157299041759 0.98685157299041759 5.7555122153880483e-05 1.4925720095634463 0.99966749548912059 0.066122770309448256 0.98685157299041759 3.7290139198303227 1.2666905803989707e-06 0.0017430921152344003 0.98685157299041759 0.82193505764007579 0.012249965453520419 -0.29586949944496149 2.2194035053253178 1.9652274847030642 1.8839390277862551 0.52838325500488292 0.58556854724884044 0.072617162019014372 0.46443478763103491 1.2253984808921816 -0.015957623089464145 0.17585674673318866 2.9375464916229252 0.9252023994922639 0.11898779869079591 0.11898779869079591
decision_type=2 2 2 2 2 2 2 2 2 2 2 2 2 2 2 2 2 2 2 2 2 2 2 2 2 2 2 2 2 2
left_child=7 3 5 4 -2 -3 -7 8 14 -10 -11 -12 -9 -14 -1 -16 17 18 22 26 -21 -19 23 24 25 -17 27 28 -18 -28
right_child=1 2 -4 -5 -6 6 -8 12 9 10 11 -13 13 -15 15 16 19 21 -20 20 -22 -23 -24 -25 -26 -27 29 -29 -30 -31
leaf_value=1.6129927790874673e-07 0.023730580894083815 -0.051722522972993658 0.048452719686525494 -0.12391742975761494 -0.061315682151665288 -0.0026917089568634623 -0.073150642113438968 0.0040343921836017002 0.039126550544626333 -0.035471408296174435 0.042253631615867128 -0.10686386555433275 0.0018903560409287237 -0.15668612881046204 -0.04933322706324017 -0.03425126428211419 -0.014727207385547187 -0.010036895357315308 -0.11132246437482536 -0.16179555550669178 0.0702453028697234 0.080987150615996178 0.16420517951250077 0.02962295420944119 -0.0031190277842004671 -0.22047288061484049 -0.0048154719888288035 -0.13121402798270859 -0.1982348654241789 0.075653958269586305
leaf_weight=83068657 29 73 136 30 90 761 29 10636 334 189 252 25 106 36 145 60 893 92 72 66 26 285 20 516 2669 23 7298 74 21 73
leaf_count=83068657 29 73 136 30 90 761 29 10636 334 189 252 25 106 36 145 60 893 92 72 66 26 285 20 516 2669 23 7298 74 21 73
internal_value=0 -0.0086269 -0.00135729 -0.0573674 -0.0405901 -0.00920684 -0.00527818 1.18185e-07 -3.32794e-07 0.0179256 0.00273009 0.0287954 0.00347648 -0.0383121 -5.05406e-07 -0.00449109 -0.0039576 0.00461912 -0.00145723 -0.00775019 -0.0962188 0.0587744 0.000948574 -5.05486e-05 -0.00561433 -0.0858548 -0.0067765 -0.0273524 -0.0189435 -0.00401853
internal_weight=0 1148 999 149 119 863 790 8.30926e+07 8.30818e+07 800 466 277 10778 142 8.3081e+07 12333 12188 3737 3360 8451 92 377 3288 3268 2752 83 8359 988 914 7371
internal_count=83093716 1148 999 149 119 863 790 83092568 83081790 800 466 277 10778 142 83080990 12333 12188 3737 3360 8451 92 377 3288 3268 2752 83 8359 988 914 7371
is_linear=0
shrinkage=0.1


Tree=95
num_leaves=31
num_cat=0
split_feature=12 7 11 2 2 2 14 14 12 13 12 14 8 2 13 12 12 14 7 8 2 13 0 2 0 2 0 2 2 2
split_gain=8.48347 71.1317 124.892 97.0649 108.422 141.853 110.431 172.461 202.455 115.075 101.69 81.7581 128.53 101.382 77.4473 58.9143 52.8994 52.8718 51.4428 81.2676 71.5791 95.9272 93.2306 119.401 115.155 93.3767 76.6242 88.081 96.7365 63.4538
threshold=0.0085991849191486853 0.28284921497106558 1.0000000180025095e-35 0.066911000758409514 -0.013741999864578245 -1.0000000180025095e-35 0.0054431557655334481 0.097358070313930525 0.063485044986009612 0.75533217191696178 0.41459876298904424 0.00087935687042772781 0.6000751554965974 0.41802349686622625 0.031739909201860435 0.11116161569952966 0.91336125135421764 0.057347327470779426 0.5664392113685609 0.5678025782108308 0.94279950857162487 0.64189010858535778 5.7752248042506218e-06 0.008138999808579685 1.8125423324538831e-06 0.39577649533748632 1.3393171978241011e-06 0.24876549839973452 0.17863449454307559 -0.051509000360965722
decision_type=2 2 2 2 2 2 2 2 2 2 2 2 2 2 2 2 2 2 2 2 2 2 2 2 2 2 2 2 2 2
left_child=18 -2 3 4 -3 -6 9 8 -8 -7 -10 12 -5 14 -13 -15 -11 -12 -1 20 21 29 23 24 -23 -24 27 28 -25 -20
right_child=1 2 -4 11 5 6 7 -9 10 16 17 13 -14 15 -16 -17 -18 -19 19 -21 -22 22 25 26 -26 -27 -28 -29 -30 -31
leaf_value=-4.2586438579127148e-06 0.00019539505309697772 -0.0044232180086682489 -0.014173906600707907 0.063077303636453905 0.24696555723332697 0.014290021477657296 0.016450339274015277 0.021027637769778573 0.45911518383026123 0.30307595947757365 0.34691840477287772 -0.17675115842344788 -0.15909590680023722 -0.038262714408706912 0.0014907049315393364 0.07965059757028542 0.090138482801350103 0.14413162461585469 0.035778988858192473 -0.18154921670412194 0.022901861792181649 -0.024612981989385857 -0.0041077836777341356 0.1220642619899341 0.16769341867078436 -0.27291214477736503 -0.0076907701014230657 0.033426642018383829 0.37827244408428673 -0.054169344011724622
leaf_weight=81350812 1738431 227 788 255 45 370 40 96 25 20 20 68 29 101 38 73 28 36 87 29 442 552 28 56 33 24 78 69 20 796
leaf_count=81350812 1738431 227 788 255 45 370 40 96 25 20 20 68 29 101 38 73 28 36 87 29 442 552 28 56 33 24 78 69 20 796
internal_value=0 0.000218439 0.0179518 0.0351612 0.0554176 0.0753938 0.0632352 0.121114 0.200521 0.0331883 0.29142 0.00258592 0.0403906 -0.0357588 -0.112853 0.0112067 0.178862 0.216555 -4.67349e-06 -0.0152476 -0.0130404 -0.0221548 0.00161653 0.00996921 -0.0137649 -0.128171 0.0722314 0.115224 0.189487 -0.0453069
internal_weight=0 1.74069e+06 2259 1471 907 680 635 217 121 418 81 564 284 280 106 174 48 56 8.1353e+07 2214 2185 1743 860 808 585 52 223 145 76 883
internal_count=83093716 1740690 2259 1471 907 680 635 217 121 418 81 564 284 280 106 174 48 56 81353026 2214 2185 1743 860 808 585 52 223 145 76 883
is_linear=0
shrinkage=0.1


Tree=96
num_leaves=31
num_cat=0
split_feature=1 19 8 0 2 2 0 2 14 12 19 0 2 2 0 2 13 2 19 6 14 2 2 2 8 2 12 2 14 8
split_gain=8.07157 27.7977 22.7083 24.1356 38.2804 32.3045 26.5129 25.837 22.4581 22.2084 22.3372 19.1597 18.27 18.0733 25.7933 29.9364 18.8575 19.5729 17.1635 26.5388 16.7981 17.2992 19.666 19.3797 15.6849 14.7408 14.453 14.474 32.4664 17.9818
threshold=0.05144977637925361 0.95304629206657421 0.99950832128524791 0.0074286826741851008 -0.024914499372243878 0.14711499959230426 0.011766311318164552 0.16051850467920306 0.0035405214875936513 0.038135366514325149 0.21571432799100879 0.0052684475765885511 0.11597749963402749 1.5558925271034243 0.011766311318164552 1.8839390277862551 0.06765147298574449 2.5028109550476079 0.17616054415702823 0.58556854724884044 0.26356908679008489 0.94279950857162487 0.65560150146484386 0.52048450708389293 0.42879034578800207 0.0028820000588893895 0.94305700063705455 1.8119350075721743 0.4224666059017182 0.46443478763103491
decision_type=2 2 2 2 2 2 2 2 2 2 2 2 2 2 2 2 2 2 2 2 2 2 2 2 2 2 2 2 2 2
left_child=-1 2 3 11 -5 6 25 -7 -3 13 -11 18 -8 -9 24 -16 17 -17 19 26 21 22 23 -13 -15 -6 27 29 -29 -2
right_child=1 8 -4 4 5 7 12 9 -10 10 -12 20 -14 14 15 16 -18 -19 -20 -21 -22 -23 -24 -25 -26 -27 -28 28 -30 -31
leaf_value=-3.7190290970272543e-07 0.0055503572517895741 -0.022481173463165763 0.10945383068174125 0.066415968333058115 -0.11971042987962183 0.1073750314861536 -0.0035205183048782965 -0.010415107010312397 -0.14336045624857599 -0.069532630046918759 0.046849822103977201 0.009971826565015364 -0.10598235128447414 0.093658233497102394 0.051967884293284083 -0.1385088099674745 0.050472626276314263 -0.028241184713163725 -0.010040074511400906 0.10024819721564138 0.10550059256670269 0.041944047384986693 -0.040021827022234599 0.10535970531080081 0.007568521408194845 -0.047514120891930599 -0.078432753824052362 -0.0066748683660430965 0.05743015700255532 0.030181304566907669
leaf_weight=83081847 6754 51 20 64 52 20 134 742 22 94 20 288 20 59 61 22 20 60 862 29 23 204 75 23 33 62 21 1641 83 310
leaf_count=83081847 6754 51 20 64 52 20 134 742 22 94 20 288 20 59 61 22 20 60 862 29 23 204 75 23 33 62 21 1641 83 310
internal_value=0 0.0026076 0.00298831 0.00280749 -0.0092124 -0.0126722 -0.0438889 -0.00527511 -0.0589105 -0.00730302 -0.0491147 0.00451263 -0.0168272 -0.00252215 0.0204448 -0.0034489 -0.0365903 -0.0578252 0.00342909 0.00474278 0.0216584 0.01839 0.00594177 0.0170262 0.0627782 -0.0804458 0.00442837 0.00462637 -0.00358861 0.00663127
internal_weight=0 11869 11796 11776 1463 1399 268 1131 73 1111 114 10313 154 997 255 163 102 82 9700 8838 613 590 386 311 92 114 8809 8788 1724 7064
internal_count=83093716 11869 11796 11776 1463 1399 268 1131 73 1111 114 10313 154 997 255 163 102 82 9700 8838 613 590 386 311 92 114 8809 8788 1724 7064
is_linear=0
shrinkage=0.1


Tree=97
num_leaves=31
num_cat=0
split_feature=2 19 1 14 0 0 8 13 13 8 12 0 2 0 0 1 2 7 2 3 2 1 11 3 6 0 2 2 2 14
split_gain=8.00976 13.0339 17.7863 81.4071 10.7904 14.6693 11.9358 10.201 46.5936 12.0405 10.7142 9.32131 8.63466 80.0456 74.1112 84.2136 154.368 41.1902 27.1756 49.0952 36.0428 22.8355 20.6047 20.4718 29.6916 26.3344 20.14 19.7179 38.4503 28.2818
threshold=-0.73734748363494862 0.33817726373672491 -0.0054149958129167996 0.0045905278529971847 0.00058952636993020002 0.00028705688994705008 0.12666285783052447 0.003786049317568541 0.039196584373712547 0.41667491197586065 0.42222262918949133 0.00020460272341620003 -0.087232500314712511 0.029216446485834453 0.011766311318164552 -0.0030165231106894998 -0.39716699719429011 0.96035403013229381 -0.045246500521898263 0.44697870314121252 -0.067133497446775423 0.0070445719206095507 0.15723580867052081 1.0000000180025095e-35 0.012249965453520419 6.6626122023773351e-05 -0.17093800008296964 -0.33024498820304865 -0.29586949944496149 0.043810537084937103
decision_type=2 2 2 2 2 2 2 2 2 2 2 2 2 2 2 2 2 2 2 2 2 2 2 2 2 2 2 2 2 2
left_child=1 4 3 -3 5 6 11 9 -9 -8 -11 -1 13 14 17 16 -16 21 19 -14 -21 22 23 24 -2 27 -18 29 -29 -25
right_child=12 2 -4 -5 -6 -7 7 8 -10 10 -12 -13 18 -15 15 -17 26 -19 -20 20 -22 -23 -24 25 -26 -27 -28 28 -30 -31
leaf_value=0.001001234902847322 -0.00011752898160728046 -0.18677541784942153 -0.0077288445047927453 0.033584781655257467 0.026980532866407517 -0.038244295247811054 -0.0139728989153118 -0.13388208670146537 0.0096122176438156112 5.9258713196485085e-05 -0.071652018868674838 0.025079145591405241 0.00041427264333876343 0.17206953314167484 -0.36667297269616811 0.055076559402925135 -0.097146623619274966 0.095562018466492496 -4.4829218482384715e-07 0.026445600634010941 0.16267340144803447 0.0052455749011759145 -0.055992010201920163 0.11829746087185211 -0.037454101296377856 0.093718922008969349 0.017687713890336455 -0.11767627751597992 0.015538981066873439 -0.01316864584883054
leaf_weight=119090 6506304 30 349 38 158 96 884 33 72 2645 21 161 1582417 27 21 34 42 45 74872645 52 31 7947 66 36 213 49 24 26 130 30
leaf_count=119090 6506304 30 349 38 158 96 884 33 72 2645 21 161 1582417 27 21 34 42 45 74872645 52 31 7947 66 36 213 49 24 26 130 30
internal_value=0 0.000804485 -0.0168451 -0.063633 0.000864244 0.000830696 0.000861217 -0.00476772 -0.035486 -0.00385915 -0.000505609 0.00103374 -1.1978e-06 -0.000111709 -0.000112423 -0.0783734 -0.130526 -0.00011097 8.21927e-06 0.000418307 0.0773259 -0.00011163 -0.000118173 -0.000117607 -0.000118751 0.0273666 -0.0553887 0.0127213 -0.00666356 0.0585401
internal_weight=0 123577 417 68 123160 123002 122906 3655 105 3550 2666 119251 8.29701e+07 6.51499e+06 6.51497e+06 121 87 6.51485e+06 7.64551e+07 1.5825e+06 83 6.5148e+06 6.50685e+06 6.50679e+06 6.50652e+06 271 66 222 156 66
internal_count=83093716 123577 417 68 123160 123002 122906 3655 105 3550 2666 119251 82970139 6514994 6514967 121 87 6514846 76455145 1582500 83 6514801 6506854 6506788 6506517 271 66 222 156 66
is_linear=0
shrinkage=0.1


Tree=98
num_leaves=31
num_cat=0
split_feature=13 0 0 1 0 0 14 14 1 2 2 2 8 4 2 2 1 2 2 7 14 1 2 1 2 13 2 14 14 13
split_gain=7.95801 18.1616 23.6257 31.0184 68.4479 36.1449 53.6413 19.2997 39.2237 39.0419 30.0137 63.9185 26.5805 30.4167 28.6029 25.9848 22.8957 22.4579 30.8198 21.9805 21.9037 21.836 21.3653 20.0178 19.784 19.2678 17.6586 21.7965 19.4704 17.6271
threshold=0.91969251632690441 0.029216446485834453 0.00050419136834635003 -0.03362212212173319 0.0006138222636720501 0.00088545100318140012 0.012041170150041582 0.00044526625424623495 -0.0017183350535578997 2.5028109550476079 0.91987800598144542 1.2253984808921816 0.0018839556141756477 1.0000000180025095e-35 0.41084000468254095 0.91987800598144542 0.00057570800813040019 0.3360114991664887 0.20213949680328372 0.96035403013229381 0.3780872523784638 0.00071732062768695007 0.73574399948120128 0.0083331990598606524 0.77160400152206432 0.99966749548912059 -0.087232500314712511 0.14611191302537921 0.013487236574292185 0.96303874254226696
decision_type=2 2 2 2 2 2 2 2 2 2 2 2 2 2 2 2 2 2 2 2 2 2 2 2 2 2 2 2 2 2
left_child=-1 2 7 4 -4 6 -5 23 10 12 24 29 13 14 17 16 22 18 19 26 -19 -18 25 -2 -9 -16 27 -10 -28 -12
right_child=1 -3 3 5 -6 -7 -8 8 9 -11 11 -13 -14 -15 15 -17 21 20 -20 -21 -22 -23 -24 -25 -26 -27 28 -29 -30 -31
leaf_value=8.4242250392750253e-07 -0.00041920974025239159 0.066224231163796499 0.17994334179422131 -0.028960387483221401 0.001977289172629865 -0.0034217975800523385 -0.1511695359098284 -0.034508080148795084 0.027644517442778401 -0.10823932476341724 -0.22503795442529598 -0.025250142041138957 0.068820506888441754 -0.12455896113866144 -0.00020336410664066249 0.00061487900587764053 -0.13182146519954716 0.026453644563707232 -0.024864484371584176 0.10843330109119416 0.13473961062729359 -0.035361615173390197 -0.028897051848345314 0.029080718126575346 0.040693662906414831 -0.040042747682552247 -0.022266307571667365 -0.10482993429457699 0.031566626972082797 -0.10341569208963351
leaf_weight=83032133 54451 40 23 655 358 698 38 129 23 36 26 86 50 21 1009 1756 28 283 280 25 20 145 555 231 48 138 87 27 295 22
leaf_count=83032133 54451 40 23 655 358 698 38 129 23 36 26 86 50 21 1009 1756 28 283 280 25 20 145 555 231 48 138 87 27 295 22
internal_value=0 -0.00113635 -0.00118013 -0.0125594 0.0127206 -0.0194838 -0.0356616 -0.000842771 -0.00673306 -0.00449323 -0.0411443 -0.0768481 -0.00370561 -0.00447848 -0.00393862 -0.00812659 -0.0163133 0.010683 0.00126076 0.0172675 0.0336012 -0.0509736 -0.0127902 -0.00029459 -0.0141144 -0.00499659 0.0119917 -0.0438917 0.0193062 -0.169294
internal_weight=0 61583 61543 1772 381 1391 693 59771 5089 4778 311 134 4742 4692 4671 3631 1875 1040 737 457 303 173 1702 54682 177 1147 432 50 382 48
internal_count=83093716 61583 61543 1772 381 1391 693 59771 5089 4778 311 134 4742 4692 4671 3631 1875 1040 737 457 303 173 1702 54682 177 1147 432 50 382 48
is_linear=0
shrinkage=0.1


Tree=99
num_leaves=31
num_cat=0
split_feature=2 18 3 18 5 3 2 2 6 1 6 14 12 14 14 2 1 15 3 6 0 6 3 6 6 3 6 2 1 0
split_gain=7.40529 34.0616 119.761 29.13 28.7212 23.035 78.9882 101.723 67.6898 70.4361 54.8194 60.071 87.4892 52.3865 44.1067 41.1098 40.8581 46.2574 78.7262 41.8355 46.3172 46.0489 29.8639 25.8802 79.2754 26.2908 21.5188 21.2731 21.1981 22.4665
threshold=0.18237949907779696 0.032334839925169952 0.021004183217883114 0.26619982719421392 0.18064829707145694 0.22048421949148181 -0.013741999864578245 -1.0000000180025095e-35 0.54010647535324108 -0.010282428188000599 0.58556854724884044 0.0019134719623252752 0.0031703551067039375 0.22606471180915835 0.044482378289103515 -0.29586949944496149 -0.00035139888326994991 0.4608485102653504 0.98685157299041759 0.91760551929473888 2.3618336654080494e-05 0.81283089518547069 0.021004183217883114 0.67914965748786937 0.72271147370338451 0.80852606892585765 0.26424887776374822 -0.067133497446775423 -1.0000000180025095e-35 0.029216446485834453
decision_type=2 2 2 2 2 2 2 2 2 2 2 2 2 2 2 2 2 2 2 2 2 2 2 2 2 2 2 2 2 2
left_child=1 4 -3 -4 5 22 15 -8 9 -9 -10 16 14 26 -13 -7 -12 19 -19 20 23 -22 28 -18 -25 -26 -11 -17 -1 -30
right_child=-2 2 3 -5 -6 6 7 8 10 13 11 12 -14 -15 -16 27 17 18 -20 -21 21 -23 -24 24 25 -27 -28 -29 29 -31
leaf_value=0.00082681047199316014 -6.8852959811706551e-05 0.030993572139345549 -0.21702788816764951 -0.084096487085608879 0.050652833861905881 -0.025151135518648466 -0.2479187179740984 -0.23943593084812165 0.086598759605699502 0.039696265998132092 0.11534519718339048 -0.29397627294063566 -0.0036790923173747846 -0.19859857321495103 -0.099539346194693026 0.044544619108949392 -0.00070250912340270595 -0.092851013438524421 0.087393215875471802 -0.035536558790271726 -0.16122135790911588 0.043382269144058232 0.025889657654761936 0.24217382433513801 0.098309359247131023 0.0096394595835941396 -0.044845321048546882 0.12531047957864674 9.3900873007006887e-06 -0.050517947220412841
leaf_weight=318656 13148998 85 32 34 112 71 20 20 62 34 30 20 67 21 28 126 64 111 31 122 22 22 446 24 56 83 263 44 69623924 88
leaf_count=318656 13148998 85 32 34 112 71 20 20 62 34 30 20 67 21 28 126 64 111 31 122 22 22 446 24 56 83 263 44 69623924 88
internal_value=0 1.29429e-05 -0.0474816 -0.148548 1.30455e-05 1.29644e-05 -0.0130932 -0.0244532 -0.020315 -0.0574081 -0.0034181 -0.0116255 -0.0775054 -0.0459598 -0.180555 0.0387575 0.00178367 -0.00458427 -0.0535019 0.0130908 0.0349821 -0.0589195 1.32157e-05 0.0531833 0.0743409 0.0453626 -0.0351672 0.0654487 1.30506e-05 9.32622e-06
internal_weight=0 6.99447e+07 151 66 6.99446e+07 6.99445e+07 1341 1100 1080 338 742 680 115 318 48 241 565 535 142 393 271 44 6.99431e+07 227 163 139 297 170 6.99427e+07 6.9624e+07
internal_count=83093716 69944718 151 66 69944567 69944455 1341 1100 1080 338 742 680 115 318 48 241 565 535 142 393 271 44 69943114 227 163 139 297 170 69942668 69624012
is_linear=0
shrinkage=0.1


end of trees

feature_importances:
feature.vep@features.cadd_raw.max=546
feature.splice_ensemble@AbSplice=417
feature.splice_ensemble@MMSplice_SpliceMap_Psi_ref=327
feature.vep@features.NMD_transcript_variant.proportion=244
feature.vep@features.LoF_HC.proportion=208
feature.vep@features.3_prime_UTR_variant.proportion=201
feature.vep@features.5_prime_UTR_variant.proportion=181
feature.vep@features.splice_region_variant.proportion=131
feature.vep@features.missense_variant.proportion=124
feature.vep@features.NMD_escaping_variant.proportion=113
feature.vep@features.frameshift_variant.proportion=100
feature.vep@features.coding_sequence_variant.proportion=94
feature.vep@features.stop_gained.proportion=73
feature.vep@features.splice_donor_variant.proportion=46
feature.vep@features.stop_lost.proportion=44
feature.vep@features.splice_acceptor_variant.proportion=44
feature.vep@features.start_lost.proportion=39
feature.vep@features.transcript_ablation.proportion=36
feature.vep@features.inframe_deletion.proportion=30
feature.vep@features.inframe_insertion.proportion=2

parameters:
[boosting: gbdt]
[objective: regression]
[metric: l2]
[tree_learner: serial]
[device_type: cpu]
[data: ]
[valid: ]
[num_iterations: 100]
[learning_rate: 0.1]
[num_leaves: 31]
[num_threads: 32]
[deterministic: 0]
[force_col_wise: 0]
[force_row_wise: 0]
[histogram_pool_size: -1]
[max_depth: -1]
[min_data_in_leaf: 20]
[min_sum_hessian_in_leaf: 0.001]
[bagging_fraction: 1]
[pos_bagging_fraction: 1]
[neg_bagging_fraction: 1]
[bagging_freq: 0]
[bagging_seed: 3]
[feature_fraction: 1]
[feature_fraction_bynode: 1]
[feature_fraction_seed: 2]
[extra_trees: 0]
[extra_seed: 6]
[early_stopping_round: 0]
[first_metric_only: 0]
[max_delta_step: 0]
[lambda_l1: 0]
[lambda_l2: 0]
[linear_lambda: 0]
[min_gain_to_split: 0]
[drop_rate: 0.1]
[max_drop: 50]
[skip_drop: 0.5]
[xgboost_dart_mode: 0]
[uniform_drop: 0]
[drop_seed: 4]
[top_rate: 0.2]
[other_rate: 0.1]
[min_data_per_group: 100]
[max_cat_threshold: 32]
[cat_l2: 10]
[cat_smooth: 10]
[max_cat_to_onehot: 4]
[top_k: 20]
[monotone_constraints: ]
[monotone_constraints_method: basic]
[monotone_penalty: 0]
[feature_contri: ]
[forcedsplits_filename: ]
[refit_decay_rate: 0.9]
[cegb_tradeoff: 1]
[cegb_penalty_split: 0]
[cegb_penalty_feature_lazy: ]
[cegb_penalty_feature_coupled: ]
[path_smooth: 0]
[interaction_constraints: ]
[verbosity: -1]
[saved_feature_importance_type: 0]
[linear_tree: 0]
[max_bin: 255]
[max_bin_by_feature: ]
[min_data_in_bin: 3]
[bin_construct_sample_cnt: 200000]
[data_random_seed: 1]
[is_enable_sparse: 1]
[enable_bundle: 1]
[use_missing: 1]
[zero_as_missing: 0]
[feature_pre_filter: 1]
[pre_partition: 0]
[two_round: 0]
[header: 0]
[label_column: ]
[weight_column: ]
[group_column: ]
[ignore_column: ]
[categorical_feature: ]
[forcedbins_filename: ]
[precise_float_parser: 0]
[objective_seed: 5]
[num_class: 1]
[is_unbalance: 0]
[scale_pos_weight: 1]
[sigmoid: 1]
[boost_from_average: 1]
[reg_sqrt: 0]
[alpha: 0.9]
[fair_c: 1]
[poisson_max_delta_step: 0.7]
[tweedie_variance_power: 1.5]
[lambdarank_truncation_level: 30]
[lambdarank_norm: 1]
[label_gain: ]
[eval_at: ]
[multi_error_top_k: 1]
[auc_mu_weights: ]
[num_machines: 1]
[local_listen_port: 12400]
[time_out: 120]
[machine_list_filename: ]
[machines: ]
[gpu_platform_id: -1]
[gpu_device_id: -1]
[gpu_use_dp: 0]
[num_gpu: 1]

end of parameters

pandas_categorical:[]
