tree
version=v3
num_class=1
num_tree_per_iteration=1
label_index=0
max_feature_idx=26
objective=regression
feature_names=feature.enformer@Enformer feature.splice_ensemble@AbSplice feature.splice_ensemble@MMSplice_SpliceMap_Psi_ref feature.vep@features.cadd_raw.max feature.vep@features.LoF_HC.proportion feature.vep@features.transcript_ablation.proportion feature.vep@features.stop_gained.proportion feature.vep@features.frameshift_variant.proportion feature.vep@features.coding_sequence_variant.proportion feature.vep@features.missense_variant.proportion feature.vep@features.inframe_deletion.proportion feature.vep@features.inframe_insertion.proportion feature.vep@features.stop_lost.proportion feature.vep@features.3_prime_UTR_variant.proportion feature.vep@features.5_prime_UTR_variant.proportion feature.vep@features.NMD_transcript_variant.proportion feature.vep@features.NMD_escaping_variant.proportion feature.vep@features.start_lost.proportion feature.vep@features.splice_donor_variant.proportion feature.vep@features.splice_acceptor_variant.proportion feature.vep@features.splice_region_variant.proportion feature.vep@features.feature_elongation.proportion feature.vep@features.transcript_amplification.proportion feature.vep@features.regulatory_region_amplification.proportion feature.vep@features.TFBS_amplification.proportion feature.vep@features.TF_binding_site_variant.proportion feature.expected_expr@theta
feature_infos=[-0.28847187757492065:1.1326776742935181] [0:0.22242152208318361] [-0.88927232728098271:0.31837650715409088] [-1.6282299757003784:11.2655029296875] [0:1] [0:0.1992882639169693] [0:0.98605990409851074] [0:1] [0:0.97427946329116821] [0:1.0024518966674805] [0:1] [0:1] [0:0.77729940414428711] [0:1.9255713224411011] [0:1.9133759737014771] [0:1] [0:0.99999994039535522] [0:1] [0:0.93575483560562134] [0:1] [0:1] [0:0.99764442443847656] [0:0.99614542722702026] none none none [0.16420191526412964:999.99993896484375]
tree_sizes=3000 2988 3010 3015 3026 3019 3003 3034 3025 3022 3007 3009 3030 3006 3008 2995 3061 2968 2976 2987 3037 2961 3012 2966 2975 2992 2963 3027 2953 2963 2947 2982 3013 2956 2930 2956 2910 2932 2876 2903 2930 2946 2992 2927 2960 2841 2954 2849 2973 2925 2876 2947 2916 2830 2920 2865 2949 2821 2876 2898 2956 2867 2907 2896 2829 2903 2894 2933 2795 2929 2905 2954 2836 2904 2815 2945 2870 2913 2852 2926 2950 2929 3006 2808 2970 2886 2891 2885 2821 2853 2877 2919 2916 2915 2914 2829 2854 2904 2851 2985

Tree=0
num_leaves=31
num_cat=0
split_feature=4 22 5 26 8 0 26 4 8 12 16 26 1 1 0 4 18 18 19 26 3 4 1 6 16 13 13 3 15 19
split_gain=52910.3 21697.5 14877.2 5716.16 4335.47 3421.17 3090.07 2791.83 2174.65 3865.42 1949.96 1876.33 1821.54 1719.9 1240.37 1135.69 1120.12 965.829 1110.48 844.161 730.425 703.805 883.313 696.824 1155.91 693.273 604.287 593.193 560.88 540.205
threshold=0.22048421949148181 1.0000000180025095e-35 1.0000000180025095e-35 163.4223327636719 0.011934864800423385 -0.040450789034366601 92.143386840820327 0.72271147370338451 0.07163399271667005 0.15723580867052081 0.13225658982992175 78.315097808837905 0.029216446485834453 6.4231245220049121e-06 -0.11629043892025946 0.021004183217883114 0.61531996726989757 0.21915384382009509 0.0089980079792439955 51.510091781616218 1.9652274847030642 0.72271147370338451 0.014622739945749553 0.65586459636688244 0.72313192486763012 0.4585558027029038 0.42873615026474005 -0.024914499372243878 0.034044088795781142 0.7019123136997224
decision_type=2 2 2 2 2 2 2 2 2 2 2 2 2 2 2 2 2 2 2 2 2 2 2 2 2 2 2 2 2 2
left_child=1 2 5 19 6 14 -3 10 12 26 17 -4 15 23 20 -7 29 18 28 -2 -1 22 -21 -9 -25 -11 -10 -13 -5 -15
right_child=3 4 11 7 -6 8 -8 13 9 25 -12 27 -14 16 -16 -17 -18 -19 -20 21 -22 -23 -24 24 -26 -27 -28 -29 -30 -31
leaf_value=-0.052161289123759488 -0.065544297847045158 0.19175606025241007 -0.19717102879652934 -0.22495978371650457 0.13834880032715341 0.001731335443137089 0.50198305650363184 -0.16497465862760902 -0.058585543166534151 -0.14924469994024731 -0.016803059933935858 -0.30922899619941152 -0.049553601235315756 -0.36646359545193152 -0.021763738416992244 -0.044058006911364855 -0.17340545496709847 -0.074188235585406201 -0.078011807583094048 -0.1092659674668582 -0.13588190354809182 -0.15102476155109937 0.015309103233672242 -0.34966811145421262 -0.019753084306954903 -0.46786200610341361 0.052737662122805978 -0.586709914802234 -0.14273980912429715 -0.20545754335890604
leaf_weight=3978 5288 469 228 3558 1045 83014557 1018 2040 3118 92 938 93 6927 1627 28375 5417 472 881 797 3986 1412 3463 664 527 133 265 578 449 1082 239
leaf_count=3978 5288 469 228 3558 1045 83014557 1018 2040 3118 92 938 93 6927 1627 28375 5417 472 881 797 3986 1412 3463 664 527 133 265 578 449 1082 239
internal_value=0.00166802 0.0017124 0.00170348 -0.141808 0.294442 0.00170755 0.404137 -0.191051 0.00172049 -0.0715276 -0.151343 -0.437852 0.00172407 -0.248241 -0.0301172 0.00172835 -0.31103 -0.171318 -0.187057 -0.096632 -0.0740933 -0.116895 -0.0914772 -0.193871 -0.283185 -0.385753 -0.0411762 -0.539098 -0.205787 -0.345842
internal_weight=0 8.3068e+07 8.30655e+07 25695 2532 8.30647e+07 1487 12294 8.3031e+07 4053 7256 770 8.30269e+07 5038 33765 8.302e+07 2338 6318 5437 13401 5390 8113 4650 2700 660 357 3696 542 4640 1866
internal_count=83093716 83068021 83065489 25695 2532 83064719 1487 12294 83030954 4053 7256 770 83026901 5038 33765 83019974 2338 6318 5437 13401 5390 8113 4650 2700 660 357 3696 542 4640 1866
is_linear=0
shrinkage=1


Tree=1
num_leaves=31
num_cat=0
split_feature=4 22 5 26 8 0 26 4 8 12 26 1 1 16 0 4 18 26 3 19 18 18 16 6 6 13 19 3 14 26
split_gain=42901.9 17575 12050.5 4625.05 3511.73 2868.94 2507.77 2052.34 1759.95 3132.81 1558.67 1547.78 1449.21 1307.01 1157.73 1135.54 1016.65 784.292 675.824 667.349 728.074 636.357 718.116 672.52 598.89 565.943 544.044 515.013 513.291 505.844
threshold=0.24424228817224505 1.0000000180025095e-35 1.0000000180025095e-35 180.33281707763675 0.011934864800423385 -0.032262403517961495 87.55185699462892 0.68211069703102123 0.07163399271667005 0.15723580867052081 93.715137481689467 6.4231245220049121e-06 0.029216446485834453 0.21988103538751605 -0.11629043892025946 0.021004183217883114 0.61531996726989757 82.839981079101577 2.5028109550476079 0.26619982719421392 0.21915384382009509 0.61531996726989757 0.64080783724784862 0.65586459636688244 0.52134644985198986 0.48284983634948736 0.61783882975578319 -0.024914499372243878 0.64189010858535778 266.93064880371099
decision_type=2 2 2 2 2 2 2 2 2 2 2 2 2 2 2 2 2 2 2 2 2 2 2 2 2 2 2 2 2 2
left_child=1 2 5 17 6 14 -3 13 12 -10 -4 21 15 19 18 -7 26 -2 -1 20 -5 22 23 -9 -19 -11 -13 28 -12 -8
right_child=3 4 10 7 -6 8 29 11 9 25 27 16 -14 -15 -16 -17 -18 24 -20 -21 -22 -23 -24 -25 -26 -27 -28 -29 -30 -31
leaf_value=-0.056755633399914455 -0.071166675383194808 0.16664343661620989 -0.21552565508471752 -0.18689978143123881 0.12301270384105863 5.8951197335453938e-05 0.38963435076177122 -0.18268639226436079 -0.038510200527786198 -0.15362384321434158 -0.42477197998669003 -0.33647320255910795 -0.045524833544432805 -0.016031417919115203 -0.019302827717771809 -0.043610274891079624 -0.15324324844395354 -0.10387982950057784 -0.17371969510987403 -0.06065685559693601 -0.073053489166091126 -0.06633208479476059 -0.06000113677087246 -0.31333810174975685 -0.1828252163710552 -0.42995230531142586 -0.17916487075605619 -0.55354920441481337 0.16540156412869692 0.53178745316018716
leaf_weight=4852 7703 455 296 3840 1045 83003496 605 1457 3707 105 56 1678 6976 758 39459 5955 480 5082 550 634 658 458 336 540 1185 252 253 398 20 427
leaf_count=4852 7703 455 296 3840 1045 83003496 605 1457 3707 105 56 1678 6976 758 39459 5955 480 5082 550 634 658 458 336 540 1185 252 253 398 20 427
internal_value=0 3.94689e-05 3.14383e-05 -0.130817 0.263496 3.51054e-05 0.362222 -0.179028 4.87667e-05 -0.0657568 -0.395568 -0.224799 5.19882e-05 -0.138603 -0.0252467 5.58184e-05 -0.283487 -0.0925384 -0.0686642 -0.156707 -0.170246 -0.174101 -0.195258 -0.218015 -0.118807 -0.348679 -0.315863 -0.508 -0.269463 0.448452
internal_weight=0 8.30687e+07 8.30661e+07 25062 2532 8.30654e+07 1487 11092 8.30205e+07 4064 770 5202 8.30164e+07 5890 44861 8.30095e+07 2411 13970 5402 5132 4498 2791 2333 1997 6267 357 1931 474 76 1032
internal_count=83093716 83068654 83066122 25062 2532 83065352 1487 11092 83020491 4064 770 5202 83016427 5890 44861 83009451 2411 13970 5402 5132 4498 2791 2333 1997 6267 357 1931 474 76 1032
is_linear=0
shrinkage=0.1


Tree=2
num_leaves=31
num_cat=0
split_feature=4 22 5 26 8 0 26 4 8 12 1 26 1 1 16 0 3 26 4 1 4 1 1 16 13 6 16 1 26 1
split_gain=34755.7 14235.7 9760.98 3820.04 2844.5 2341.59 2032.63 1945.29 1424.66 2535 1410.14 1290.88 1188.32 1044.5 993.125 987.689 796.089 692.352 683.35 730.713 559.549 559.113 552.182 546.622 489.78 479.642 934.417 519.651 478.849 469.695
threshold=0.19669672846794131 1.0000000180025095e-35 1.0000000180025095e-35 178.14729309082034 0.011934864800423385 -0.027642710134387013 92.143386840820327 0.62018048763275158 0.07163399271667005 0.15723580867052081 6.5751636807462798e-06 73.982284545898452 0.029216446485834453 6.2451215715937953e-05 0.13225658982992175 -0.098759829998016344 1.0986645221710207 51.510091781616218 0.72271147370338451 0.014622739945749553 0.021004183217883114 0.0021402018536994505 3.4737169443349844e-05 0.0063950831536203631 0.42873615026474005 0.5839887559413911 0.066122770309448256 1.2666905803989707e-06 261.65092468261724 0.070650786016459965
decision_type=2 2 2 2 2 2 2 2 2 2 2 2 2 2 2 2 2 2 2 2 2 2 2 2 2 2 2 2 2 2
left_child=1 2 5 17 6 15 -3 14 12 24 25 -4 20 23 21 16 -1 -2 19 -19 -7 22 -5 -12 -10 -9 27 -27 -11 -18
right_child=3 4 11 7 -6 8 -8 10 9 28 13 -13 -14 -15 -16 -17 29 18 -20 -21 -22 -23 -24 -25 -26 26 -28 -29 -30 -31
leaf_value=-0.018782956624274792 -0.052272722374234019 0.1537492496384455 -0.14387921961063396 -0.11718396702314614 0.11071143069917239 5.4278415281464881e-05 0.4053574865767165 -0.13031857915579317 -0.050469366020156003 -0.23243324765467932 -0.41215213694471659 -0.43504078640053034 -0.041606120183841064 -0.21688076891520547 -0.0087939762745168244 -0.015447879353060212 -0.079894028654851901 -0.089270134234191167 -0.12966987293528817 0.016684823464737385 -0.034117936808580697 -0.045194723216851015 -0.19215424807799056 -0.15922613977812805 0.04981369767722732 -0.32043112648784711 -0.020158555657706329 -0.066619226355881744 -0.47863636510604518 -0.33248879953225452
leaf_weight=3364 5437 469 209 2686 1045 82995090 1018 2516 3094 239 479 561 6848 2256 765 45826 3987 4606 3813 758 4792 653 1549 104 578 505 180 96 118 75
leaf_count=3364 5437 469 209 2686 1045 82995090 1018 2516 3094 239 479 561 6848 2256 765 45826 3987 4606 3813 758 4792 653 1549 104 578 505 180 96 118 75
internal_value=0 3.64619e-05 2.92342e-05 -0.114714 0.237147 3.25347e-05 0.326 -0.157064 4.59825e-05 -0.0594169 -0.196054 -0.356011 4.88687e-05 -0.247715 -0.114743 -0.0209302 -0.0547617 -0.0805508 -0.0973044 -0.0742974 5.23055e-05 -0.131325 -0.144605 -0.367033 -0.0346841 -0.151569 -0.220028 -0.279889 -0.313811 -0.0845579
internal_weight=0 8.30673e+07 8.30648e+07 26403 2532 8.3064e+07 1487 11789 8.30108e+07 4029 6136 770 8.30067e+07 2839 5653 53252 7426 14614 9177 5364 8.29999e+07 4888 4235 583 3672 3297 781 601 357 4062
internal_count=83093716 83067313 83064781 26403 2532 83064011 1487 11789 83010759 4029 6136 770 83006730 2839 5653 53252 7426 14614 9177 5364 82999882 4888 4235 583 3672 3297 781 601 357 4062
is_linear=0
shrinkage=0.1


Tree=3
num_leaves=31
num_cat=0
split_feature=4 22 5 26 8 0 26 4 8 12 16 18 26 1 1 0 4 2 18 26 0 6 7 3 2 13 16 16 6 9
split_gain=28220.5 11531 7906.35 3067.93 2304.05 1913.61 1664.84 1493.51 1197.47 2297.7 1129.85 1080.68 1073.01 963.891 920.949 832.59 747.117 597.019 511.785 555.784 519.526 502.919 529.769 500.838 471.928 465.254 464.8 455.14 450.055 423.996
threshold=0.24424228817224505 1.0000000180025095e-35 1.0000000180025095e-35 163.4223327636719 0.011934864800423385 -0.027642710134387013 109.92773056030275 0.72271147370338451 0.46194367110729223 0.15723580867052081 0.13225658982992175 0.61531996726989757 93.715137481689467 0.029216446485834453 6.4231245220049121e-06 -0.11629043892025946 0.067786492407321944 1.7912691897992165e-05 0.21915384382009509 92.143386840820327 -0.034735154360532754 0.34849354624748236 1.0000000180025095e-35 2.5028109550476079 -8.5247288343478521e-05 0.4954072386026383 0.40589234232902532 0.72313192486763012 0.65586459636688244 0.40176780521869665
decision_type=2 2 2 2 2 2 2 2 2 2 2 2 2 2 2 2 2 2 2 2 2 2 2 2 2 2 2 2 2 2
left_child=1 2 5 18 6 15 -3 10 13 25 17 14 -4 16 27 23 -7 21 19 -2 -20 22 -5 -1 -24 -10 -21 28 -9 -23
right_child=3 4 12 7 -6 8 -8 11 9 -11 -12 -13 -14 -15 -16 -17 -18 -19 20 26 -22 29 24 -25 -26 -27 -28 -29 -30 -31
leaf_value=-0.045880362993025607 -0.064745647400835646 0.1550923967246742 -0.17102737625238074 -0.062055899347655576 0.099640290172632484 4.8225136557857172e-05 0.37435006661725834 -0.15173676345551837 -0.05659397979093117 -0.33407255629959859 -0.0084314669818549553 -0.086004470180673476 -0.41369551798124421 -0.036986708095735732 -0.25789047450377206 -0.014717656530054968 -0.04044353413799065 -0.20772858015124634 -0.24471262675136904 -0.12176384129415141 -0.015366355051765932 -0.18491117497403528 -0.20999936742802797 -0.14656985770127823 -0.10433973897431836 0.048166551535783739 0.013209431242028422 -0.053624788065229551 -0.26015546399361295 0.12803287870354124
leaf_weight=4852 7177 549 296 1982 1045 82997620 938 1400 2042 285 906 919 474 7029 1866 47882 4557 816 104 3532 1964 1142 590 550 1491 535 275 326 527 45
leaf_count=4852 7177 549 296 1982 1045 82997620 938 1400 2042 285 906 919 474 7029 1866 47882 4557 816 104 3532 1964 1142 590 550 1491 535 275 326 527 45
internal_value=0 3.20102e-05 2.55054e-05 -0.106099 0.213432 2.84758e-05 0.2934 -0.142572 4.06361e-05 -0.0646424 -0.112596 -0.184057 -0.32041 4.28662e-05 -0.205933 -0.0189163 4.60021e-05 -0.128153 -0.0725365 -0.0811286 -0.0269002 -0.115785 -0.0990561 -0.056132 -0.134296 -0.0348451 -0.112014 -0.162901 -0.181387 -0.173047
internal_weight=0 8.30687e+07 8.30661e+07 25062 2532 8.30654e+07 1487 12010 8.30121e+07 2862 6972 5038 770 8.30092e+07 4119 53284 8.30022e+07 6066 13052 10984 2068 5250 4063 5402 2081 2577 3807 2253 1927 1187
internal_count=83093716 83068654 83066122 25062 2532 83065352 1487 12010 83012068 2862 6972 5038 770 83009206 4119 53284 83002177 6066 13052 10984 2068 5250 4063 5402 2081 2577 3807 2253 1927 1187
is_linear=0
shrinkage=0.1


Tree=4
num_leaves=31
num_cat=0
split_feature=4 22 5 26 8 0 26 4 1 8 12 26 1 1 0 3 4 16 3 1 4 1 16 26 9 13 26 0 20 15
split_gain=22858.6 9340.1 6404.15 2499.96 1866.28 1591.57 1399.67 1172.8 977.897 969.739 1861.13 891.875 805.407 774.109 782.68 696.102 587.892 536.76 508.274 705.054 497.294 554.624 465.004 449.827 433.424 439.148 420.703 400.472 397.252 467.498
threshold=0.24424228817224505 1.0000000180025095e-35 1.0000000180025095e-35 180.33281707763675 0.011934864800423385 -0.089349348098039613 73.982284545898452 0.57249891757965099 6.5751636807462798e-06 0.46194367110729223 0.15723580867052081 68.13877105712892 6.2451215715937953e-05 0.029216446485834453 -0.010144006460905073 1.0323700308799746 0.072617162019014372 0.019555250182747844 3.7290139198303227 0.0031975020619471003 0.72271147370338451 0.014622739945749553 0.21988103538751605 219.51232910156253 0.74035614728927623 0.52276137471199047 261.65092468261724 0.067458502948284163 0.9193629026412965 0.09089644625782968
decision_type=2 2 2 2 2 2 2 2 2 2 2 2 2 2 2 2 2 2 2 2 2 2 2 2 2 2 2 2 2 2
left_child=1 2 5 20 6 15 -3 22 -9 13 24 -4 17 14 -7 -1 27 -10 -14 -20 21 -2 -5 -8 25 -11 -12 -16 -15 -30
right_child=3 4 11 7 -6 9 23 8 12 10 26 -13 18 28 16 -17 -18 -19 19 -21 -22 -23 -24 -25 -26 -27 -28 -29 29 -31
leaf_value=-0.010839888363058417 -0.060030017907506131 0.099630514401845491 -0.10228210269483146 -0.10306740342894723 0.089676260384229697 -0.0087762635689509188 0.25703750683375409 -0.12172240887957603 -0.33631232481786011 -0.04611758211906633 -0.21064986009827724 -0.35061308807843533 -0.062853616260980058 -0.02604602096370506 4.5408163884898466e-05 -0.066717064058132033 -0.036506258115079786 -0.07388196405698802 -0.24148157455621955 -0.12529410323988796 -0.087456047482076013 0.022232727504883663 -0.0060774726655681236 0.38476181729923231 -0.31998365503169746 0.05892476715147496 -0.4646538227796555 0.021420503947824882 -0.09651008578462883 -0.58899000920355327
leaf_weight=4005 6492 384 193 3766 1045 100688 548 3635 543 2031 184 577 362 6603 82932447 5029 4400 91 1203 923 6540 938 569 555 51 495 101 8766 532 20
leaf_count=4005 6492 384 193 3766 1045 100688 548 3635 543 2031 184 577 362 6603 82932447 5029 4400 91 1203 923 6540 938 569 555 51 495 101 8766 532 20
internal_value=0 2.88083e-05 2.2954e-05 -0.0954887 0.192089 2.56274e-05 0.26406 -0.130933 -0.156978 3.01925e-05 -0.0581781 -0.288369 -0.198028 3.21984e-05 3.50321e-05 -0.0419453 4.57282e-05 -0.298645 -0.172388 -0.191039 -0.067346 -0.0496448 -0.0903368 0.321305 -0.0313606 -0.0255333 -0.300665 4.76673e-05 -0.0328588 -0.114354
internal_weight=0 8.30687e+07 8.30661e+07 25062 2532 8.30654e+07 1487 11092 6757 8.30563e+07 2862 770 3122 8.30535e+07 8.30463e+07 9034 8.29456e+07 634 2488 2126 13970 7430 4335 1103 2577 2526 285 8.29412e+07 7155 552
internal_count=83093716 83068654 83066122 25062 2532 83065352 1487 11092 6757 83056318 2862 770 3122 83053456 83046301 9034 82945613 634 2488 2126 13970 7430 4335 1103 2577 2526 285 82941213 7155 552
is_linear=0
shrinkage=0.1


Tree=5
num_leaves=31
num_cat=0
split_feature=4 22 5 26 8 0 16 18 19 26 4 4 8 12 26 26 1 2 3 0 3 3 3 13 7 14 0 3 21 26
split_gain=18532.9 7565.53 5187.34 2107.36 1511.69 1348.88 1193.81 1439.91 1420.51 1133.74 1010.42 799.23 791.66 1439.82 745.045 676.083 548.437 536.24 494.765 493.188 459.861 432.477 417.161 431.128 402.328 391.208 390.02 376.998 447.28 376.575
threshold=0.27964606881141668 1.0000000180025095e-35 1.0000000180025095e-35 131.18572235107425 0.011934864800423385 -0.048567943274974816 0.33388794958591467 0.21915384382009509 0.26619982719421392 73.982284545898452 0.65088403224945079 0.021004183217883114 0.28284921497106558 0.15723580867052081 93.715137481689467 367.91757202148443 0.0039542978823803006 -1.0000000180025095e-35 1.0986645221710207 -0.098759829998016344 2.2194035053253178 4.1433904170989999 -0.024914499372243878 0.78986126184463512 0.81283089518547069 0.95004814863204967 -0.00042664555076044047 0.0420490000396967 1.0000000180025095e-35 261.65092468261724
decision_type=2 2 2 2 2 2 2 2 2 2 2 2 2 2 2 2 2 2 2 2 2 2 2 2 2 2 2 2 2 2
left_child=1 2 5 -2 9 18 7 8 10 -3 -5 12 16 -14 -4 20 26 -17 -1 -20 -12 -19 23 -16 -8 27 -7 28 -6 -15
right_child=3 4 14 6 25 11 24 -9 -10 -11 15 -13 13 29 22 17 -18 21 19 -21 -22 -23 -24 -25 -26 -27 -28 -29 -30 -31
leaf_value=-0.0094150146222563135 -0.054656761220862139 0.089667460945823535 -0.1350551806065424 -0.12186905835543163 0.13754894564339079 -0.0053350503899076834 0.0041666184963637101 -0.047934481619322455 -0.053656000028762335 0.2891744570547406 -0.062134111663151852 -0.032188312096396679 -0.026786051535776907 -0.17196038346613449 0.044174071123787004 -0.35307396663892038 -0.013359939179584258 -0.096137229064050839 -0.065434016703711295 -0.023216201967979255 -0.18085519685225548 -0.25586641051704273 -0.37825934653820931 -0.46276404190063475 -0.11800575068223063 0.43660066087419791 4.8282536055936703e-05 -0.0094282475044329961 -0.22064647926269354 -0.39842191946889283
leaf_weight=13593 10637 384 296 4148 603 134800 1047 2034 1589 1103 373 7699 2946 225 51 380 30557 239 4095 8533 2604 583 398 25 363 30 82863860 375 37 109
leaf_count=13593 10637 384 296 4148 603 134800 1047 2034 1589 1103 373 7699 2946 225 51 380 30557 239 4095 8533 2604 583 398 25 363 30 82863860 375 37 109
internal_value=0 2.53821e-05 2.01132e-05 -0.0878679 0.17288 2.25192e-05 -0.11431 -0.124578 -0.1403 0.237654 -0.156833 2.96799e-05 3.26672e-05 -0.0490948 -0.259532 -0.191538 3.4608e-05 -0.254838 -0.0226549 -0.0369066 -0.16598 -0.209424 -0.337265 -0.122582 -0.0272863 0.0807086 3.95393e-05 0.0701897 0.116841 -0.245865
internal_weight=0 8.30697e+07 8.30672e+07 23997 2532 8.30664e+07 13360 11950 9916 1487 8327 8.30402e+07 8.30325e+07 3280 770 4179 8.30292e+07 1202 26221 12628 2977 822 474 76 1410 1045 8.29987e+07 1015 640 334
internal_count=83093716 83069719 83067187 23997 2532 83066417 13360 11950 9916 1487 8327 83040196 83032497 3280 770 4179 83029217 1202 26221 12628 2977 822 474 76 1410 1045 82998660 1015 640 334
is_linear=0
shrinkage=0.1


Tree=6
num_leaves=31
num_cat=0
split_feature=4 22 5 26 8 4 0 26 16 1 18 8 12 26 19 1 18 0 15 0 0 9 1 3 15 20 15 3 4 14
split_gain=15029.2 6127.99 4201.78 1819.97 1224.47 1215.33 1071.36 948.306 852.566 792.97 779.477 673.591 1114.88 624.815 589.905 552.358 488.616 405.288 360.762 354.696 347.624 347.618 347.298 341.413 417.039 323.605 378.174 316.896 364.034 316.879
threshold=0.19669672846794131 1.0000000180025095e-35 1.0000000180025095e-35 96.896739959716811 0.011934864800423385 0.72271147370338451 -0.046048661693930619 123.84985351562501 0.13225658982992175 6.3589836407593299e-06 0.21915384382009509 0.011934864800423385 0.15723580867052081 120.25701904296876 0.26619982719421392 0.029216446485834453 0.61531996726989757 -0.19027723371982572 0.065696332603693022 -0.19027723371982572 0.067458502948284163 1.0000000180025095e-35 0.0021402018536994505 -0.024914499372243878 0.20102815330028537 0.9193629026412965 0.09089644625782968 -0.013741999864578245 0.57249891757965099 0.95004814863204967
decision_type=2 2 2 2 2 2 2 2 2 2 2 2 2 2 2 2 2 2 2 2 2 2 2 2 2 2 2 2 2 2
left_child=1 2 6 -2 7 8 17 -3 10 -7 14 15 -13 -4 21 20 -11 -1 -14 -12 -8 27 -18 24 -15 -17 -27 -5 -29 -6
right_child=3 4 13 5 29 9 11 -9 -10 16 19 12 18 23 -16 25 22 -19 -20 -21 -22 -23 -24 -25 -26 26 -28 28 -30 -31
leaf_value=-0.063092299200356888 -0.039978052557205608 0.11786881379842894 -0.14349858814723451 0.090581211723742616 0.063170691825876132 -0.095707150732962473 3.0438254822270624e-05 0.2803052494988964 0.0050965046024595562 -0.18341326274938549 -0.29868924766778948 -0.023734801098021171 -0.27097245661980091 -0.28769156737696555 -0.025828667547424328 -0.02192016098716601 0.20307234327475998 -0.016147211210110615 -0.049983253201935446 -0.0033511157403172138 0.019928263510954853 -0.0080953982018227271 -0.10473287320157637 -0.36491694165272609 0.26711860537528992 -0.085785189929576414 -0.52875503554940229 -0.10037374336427084 -0.15565089888840802 0.39294059813022614
leaf_weight=1977 9350 608 385 76 1015 3693 83015241 879 1232 2552 42 4435 255 42 1036 6321 39 26347 104 1279 8781 337 610 323 20 530 20 4542 1615 30
leaf_count=1977 9350 608 385 76 1015 3693 83015241 879 1232 2552 42 4435 255 42 1036 6321 39 26347 104 1279 8781 337 610 323 20 530 20 4542 1615 30
internal_value=0 2.39759e-05 1.92338e-05 -0.0754349 0.155592 -0.0948755 2.13992e-05 0.213889 -0.072884 -0.127282 -0.0836459 2.80322e-05 -0.0374552 -0.233579 -0.0959606 3.01964e-05 -0.163711 -0.019424 -0.206953 -0.0127411 3.25427e-05 -0.107019 -0.0862361 -0.323659 -0.108721 -0.0283217 -0.101893 -0.112368 -0.114873 0.0726378
internal_weight=0 8.30673e+07 8.30648e+07 26403 2532 17053 8.3064e+07 1487 10159 6894 8927 8.30357e+07 4794 770 7606 8.30309e+07 3201 28324 359 1321 8.3024e+07 6570 649 385 62 6871 550 6233 6157 1045
internal_count=83093716 83067313 83064781 26403 2532 17053 83064011 1487 10159 6894 8927 83035687 4794 770 7606 83030893 3201 28324 359 1321 83024022 6570 649 385 62 6871 550 6233 6157 1045
is_linear=0
shrinkage=0.1


Tree=7
num_leaves=31
num_cat=0
split_feature=4 22 5 26 8 0 26 1 2 16 16 6 7 4 3 26 8 12 0 18 1 16 6 1 1 7 0 26 26 19
split_gain=12233.6 4963.74 3403.41 1517.69 991.817 946.93 830.382 789.314 706.951 627.292 569.15 656.74 738.343 564.985 552.634 550.786 534.267 1028.62 458.977 429.504 395.498 386.681 734.724 492.671 373.983 366.123 365.334 356.375 351.046 536.219
threshold=0.27964606881141668 1.0000000180025095e-35 1.0000000180025095e-35 245.86995697021487 0.011934864800423385 -0.022807295434176918 219.51232910156253 1.5330837348038869e-05 -0.008747229335895149 0.019555250182747844 0.33388794958591467 0.52134644985198986 1.0000000180025095e-35 0.021004183217883114 3.7290139198303227 66.823066711425795 0.46194367110729223 0.15723580867052081 -0.15790642052888867 0.21915384382009509 0.0039542978823803006 0.33388794958591467 0.34849354624748236 1.2666905803989707e-06 5.8549226438813595e-06 0.72271147370338451 -0.040450789034366601 48.906877517700202 182.42417144775393 0.61783882975578319
decision_type=2 2 2 2 2 2 2 2 2 2 2 2 2 2 2 2 2 2 2 2 2 2 2 2 2 2 2 2 2 2
left_child=1 2 5 10 6 18 27 21 -9 19 11 12 26 16 -14 -4 20 24 -1 -10 -7 22 25 -24 -18 -5 -2 -3 -15 -30
right_child=3 4 15 7 -6 13 -8 8 9 -11 -12 -13 14 28 -16 -17 17 -19 -20 -21 -22 -23 23 -25 -26 -27 -28 -29 29 -31
leaf_value=-0.049950394652880717 -0.20645303456464187 0.038007455554670069 -0.062452060007735302 -0.047425693909693478 0.065373992485797158 3.5881350557644142e-05 0.28933765956913832 -0.078006416076298948 -0.2095226196192225 -0.075919995736691726 0.0094888364775915224 -0.099792163640214482 -0.039489760952563846 -0.009452989436598197 -0.10015623689945459 -0.25862815540861978 -0.0067888728141090376 -0.22347518899714935 -0.010213369136740234 0.052112968069716138 -0.011399742368281804 -0.006475418764446521 -0.20963143407742174 0.00086667778432593314 -0.11169733554035283 -0.13307440691314248 -0.019039563946150247 0.17432459886882207 -0.046031090439246705 -0.29926230931697889
leaf_weight=3051 106 270 190 2172 1045 82961134 555 1146 1808 516 1301 3179 2736 4559 3328 580 2167 285 61457 65 30254 632 678 133 403 648 5549 662 3021 86
leaf_count=3051 106 270 190 2172 1045 82961134 555 1146 1808 516 1301 3179 2736 4559 3328 580 2167 285 61457 65 30254 632 678 133 403 648 5549 662 3021 86
internal_value=0 2.06233e-05 1.63555e-05 -0.0713898 0.140033 1.83044e-05 0.1925 -0.107636 -0.142574 -0.173547 -0.0539412 -0.0594803 -0.048545 2.7717e-05 -0.0727843 -0.210221 3.02244e-05 -0.043228 -0.0120928 -0.200443 3.17126e-05 -0.0786648 -0.0912299 -0.175111 -0.0232395 -0.0671067 -0.0225525 0.134834 -0.0271188 -0.0530404
internal_weight=0 8.30697e+07 8.30672e+07 23997 2532 8.30664e+07 1487 7798 3535 2389 16199 14898 11719 8.30019e+07 6064 770 8.29942e+07 2855 64508 1873 8.29914e+07 4263 3631 811 2570 2820 5655 932 7666 3107
internal_count=83093716 83069719 83067187 23997 2532 83066417 1487 7798 3535 2389 16199 14898 11719 83001909 6064 770 82994243 2855 64508 1873 82991388 4263 3631 811 2570 2820 5655 932 7666 3107
is_linear=0
shrinkage=0.1


Tree=8
num_leaves=31
num_cat=0
split_feature=4 22 5 26 13 0 26 8 16 18 3 19 3 13 4 7 26 4 26 8 12 15 0 1 26 19 15 7 15 26
split_gain=9926.87 4020.65 2756.76 1240.44 840.257 784.49 773.502 763.784 836.288 712.417 830.486 587.196 578.865 538.998 536.696 519.041 469.275 549.487 464.656 459.428 785.981 424.364 411.987 392.486 370.91 353.51 338.462 322.438 310.126 320.79
threshold=0.31070631742477423 1.0000000180025095e-35 1.0000000180025095e-35 131.18572235107425 0.0010905198287218811 -0.089349348098039613 193.01679229736331 0.011934864800423385 0.019555250182747844 0.21915384382009509 4.1433904170989999 0.61783882975578319 2.5028109550476079 0.042662667110562331 0.067786492407321944 0.26424887776374822 277.12652587890631 0.75704458355903637 159.65065765380862 0.011934864800423385 0.15723580867052081 0.17671746015548709 -0.00042664555076044047 0.029216446485834453 182.42417144775393 0.61783882975578319 0.036936542019248016 0.67914965748786937 0.057347327470779426 72.413249969482436
decision_type=2 2 2 2 2 2 2 2 2 2 2 2 2 2 2 2 2 2 2 2 2 2 2 2 2 2 2 2 2 2
left_child=1 2 5 -2 6 12 -3 8 9 10 13 16 -1 15 19 -5 -12 -18 -4 22 -21 -13 -7 -24 -16 27 -11 -26 29 -22
right_child=3 4 18 7 -6 14 -8 -9 -10 26 11 21 -14 -15 24 -17 17 -19 -20 20 28 -23 23 -25 25 -27 -28 -29 -30 -31
leaf_value=-0.021643528497602999 -0.039602869188810071 0.10393918077474945 -0.12611453037584555 0.063559044263773151 0.040722012813985131 -0.0051654209502324036 0.23785839433913503 0.057701123699899659 -0.032841854651264706 -0.060626760500844146 -0.11699105768913683 -0.043401528211965391 -0.11165546871911143 0.089403131457403043 -0.0088953808447943122 -0.095941281380797161 -0.13871104044920474 -0.232973629963145 -0.28485639150090075 -0.019652079421918475 0.014996801006297271 -0.30785327048255851 3.4901831084249261e-05 -0.024774735841261039 -0.055105903263904493 -0.24959822914430074 0.074455695622378873 0.15248542886662794 -0.03138771323886301 -0.28848884198609193
leaf_weight=8272 10205 947 464 231 793 152736 792 358 2097 1589 2825 913 782 215 4246 1747 1566 1022 306 4313 42 65 82887481 6377 2645 91 210 77 105 204
leaf_count=8272 10205 947 464 231 793 152736 792 358 2097 1589 2825 913 782 215 4246 1747 1566 1022 306 4313 42 65 82887481 6377 2645 91 210 77 105 204
internal_value=0 1.82049e-05 1.43639e-05 -0.0656261 0.12603 1.61178e-05 0.164931 -0.0863121 -0.0904432 -0.102077 -0.114068 -0.132289 -0.0294179 -0.0609693 1.93264e-05 -0.0773141 -0.145173 -0.175935 -0.189199 2.16699e-05 -0.031363 -0.0609776 2.34325e-05 3.29932e-05 -0.027553 -0.0557153 -0.0448584 -0.0492336 -0.175264 -0.236674
internal_weight=0 8.30707e+07 8.30681e+07 23043 2532 8.30674e+07 1739 12838 12480 10383 8584 6391 9054 2193 8.30583e+07 1978 5413 2588 770 8.30513e+07 4664 978 8.30466e+07 8.28939e+07 7059 2813 1799 2722 351 246
internal_count=83093716 83070673 83068141 23043 2532 83067371 1739 12838 12480 10383 8584 6391 9054 2193 83058317 1978 5413 2588 770 83051258 4664 978 83046594 82893858 7059 2813 1799 2722 351 246
is_linear=0
shrinkage=0.1


Tree=9
num_leaves=31
num_cat=0
split_feature=4 22 5 26 4 8 16 0 18 26 2 2 26 8 8 12 26 1 6 9 3 18 0 21 0 26 3 7 20 15
split_gain=8048.83 3256.64 2233.01 1222.58 837.434 707.886 688.391 640.66 630.736 595.445 526.587 463.471 415.245 385.716 364.296 591.866 339.627 336.846 373.691 310.922 305.219 345.351 304.936 304.131 282.258 280.359 276.995 345.353 274.284 305.248
threshold=0.1594779044389725 1.0000000180025095e-35 1.0000000180025095e-35 96.896739959716811 0.75704458355903637 0.011934864800423385 0.13225658982992175 -0.022807295434176918 0.14669562131166461 61.123224258422859 -1.0000000180025095e-35 -0.0097486017193267483 59.624387741088874 0.011934864800423385 0.011934864800423385 0.15723580867052081 296.42016601562506 0.029216446485834453 0.067786492407321944 0.17202250659465793 4.1433904170989999 0.61531996726989757 -0.19027723371982572 1.0000000180025095e-35 0.067458502948284163 311.14414978027349 4.1433904170989999 0.58556854724884044 0.9193629026412965 0.09089644625782968
decision_type=2 2 2 2 2 2 2 2 2 2 2 2 2 2 2 2 2 2 2 2 2 2 2 2 2 2 2 2 2 2
left_child=1 2 7 -2 6 9 8 22 13 -3 11 -6 -4 19 17 -16 -13 24 28 26 -12 -22 -1 -7 -9 -11 27 -5 -19 -30
right_child=3 5 12 4 10 23 -8 14 -10 25 20 16 -14 -15 15 -17 -18 18 -20 -21 21 -23 -24 -25 -26 -27 -28 -29 29 -31
leaf_value=-0.048617474610253522 -0.025651959590189673 0.036907767637749202 -0.030200711378816469 -0.026745373746749797 -0.091172671093933427 0.061929321252028685 0.012461287609963446 2.5263726907332489e-05 -0.0049729823081098128 0.16069650454187975 -0.038121721968416379 -0.14135325930792633 -0.20877741976758304 0.076040390697335439 -0.01757938675413433 -0.15113070947870427 -0.25759679327692048 -0.014858012489411286 -0.40073437008720181 0.016848462766406742 -0.11330082823928865 -0.024315964635322047 -0.0087271633852157929 -0.20105297252859758 0.017955023346241626 0.27045933025833974 -0.092187873371604265 -0.11263766853788167 -0.074232831928647089 -0.47226208629086613
leaf_weight=1977 9747 320 166 1647 957 999 1379 82978235 1590 846 1262 635 604 169 4386 359 416 6153 26 342 2380 534 62464 46 8781 321 5775 654 526 20
leaf_count=1977 9747 320 166 1647 957 999 1379 82978235 1590 846 1262 635 604 169 4386 359 416 6153 26 342 2380 534 62464 46 8781 321 5775 654 526 20
internal_value=0 1.79031e-05 1.44461e-05 -0.0541042 -0.0697368 0.113427 -0.053843 1.60247e-05 -0.0628273 0.157752 -0.0994376 -0.14152 -0.170279 -0.0735398 2.37632e-05 -0.0276837 -0.187364 2.53473e-05 -0.0223542 -0.0765428 -0.0792027 -0.0969941 -0.00995097 0.0503531 2.71609e-05 0.190888 -0.0804977 -0.051158 -0.0208857 -0.0888127
internal_weight=0 8.30662e+07 8.30637e+07 27487 17740 2532 11556 8.30629e+07 10177 1487 6184 2008 770 8587 8.29985e+07 4745 1051 8.29937e+07 6725 8418 4176 2914 64441 1045 8.2987e+07 1167 8076 2301 6699 546
internal_count=83093716 83066229 83063697 27487 17740 2532 11556 83062927 10177 1487 6184 2008 770 8587 82998486 4745 1051 82993741 6725 8418 4176 2914 64441 1045 82987016 1167 8076 2301 6699 546
is_linear=0
shrinkage=0.1


Tree=10
num_leaves=31
num_cat=0
split_feature=4 22 5 26 13 26 0 1 1 3 16 6 7 3 4 26 2 0 15 26 16 20 14 14 1 8 12 26 19 15
split_gain=6572.43 2637.94 1808.71 893.785 593.584 558.097 554.464 547.533 511.162 465.639 425.207 446.79 479.257 372.611 369.584 343.463 324.464 297.154 285.994 356.6 283.068 276.347 319.581 348.964 303.152 273.553 539.826 263.084 262.637 317.246
threshold=0.31070631742477423 1.0000000180025095e-35 1.0000000180025095e-35 243.43215179443362 0.0010905198287218811 193.01679229736331 -0.089349348098039613 1.5330837348038869e-05 0.00017995302846350003 2.5028109550476079 0.33388794958591467 0.52134644985198986 1.0000000180025095e-35 3.7290139198303227 1.0000000180025095e-35 159.65065765380862 -0.0022398011501233999 -0.040450789034366601 0.036378823220729835 161.5354919433594 0.80477145314216625 0.94167014956474315 0.83454889059066784 0.88117954134941112 0.070650786016459965 0.011934864800423385 0.15723580867052081 261.65092468261724 0.26619982719421392 0.036378823220729835
decision_type=2 2 2 2 2 2 2 2 2 2 2 2 2 2 2 2 2 2 2 2 2 2 2 2 2 2 2 2 2 2
left_child=1 2 6 10 5 -3 9 -5 -9 -1 11 12 17 -14 16 -4 -8 -2 -6 -20 -16 22 24 -24 -11 -18 -27 -28 29 -10
right_child=3 4 15 7 18 -7 14 8 28 21 -12 -13 13 -15 20 -17 25 -19 19 -21 -22 -23 23 -25 -26 26 27 -29 -30 -31
leaf_value=-0.017759453978790373 -0.1857833886633114 0.082972537184334755 -0.099014073479840342 -0.057046317886693114 0.00042744898116289396 0.1967266076658335 -0.0026813759134812205 -0.16219122256447338 -0.11782247722953508 -0.062481455528024678 0.015467940650001635 -0.077792659571986056 -0.026890318273675419 -0.077904649658326261 -0.020033378146572106 -0.23549301251282101 3.3987932617226899e-05 -0.010005669625853066 0.40880787386558953 0.063307648224477917 0.21166289318001497 0.15754308697943997 -0.44134916355996801 -0.084888873179003885 -0.29875482864057029 -0.014609480351703636 -0.085204071594996988 -0.27220863485878166 -0.0042739969531020291 -0.01200909522790568
leaf_weight=8272 98 947 464 4126 635 792 442854 1247 1470 572 1284 3158 2599 3188 10329 306 82600616 5159 40 118 53 40 57 53 60 4117 238 110 363 351
leaf_count=8272 98 947 464 4126 635 792 442854 1247 1470 572 1284 3158 2599 3188 10329 306 82600616 5159 40 118 53 40 57 53 60 4117 238 110 363 351
internal_value=0 1.4812e-05 1.17008e-05 -0.053399 0.102084 0.13478 1.31215e-05 -0.0815921 -0.11111 -0.0247322 -0.0396411 -0.0446235 -0.0351389 -0.0549936 1.58189e-05 -0.153251 1.81774e-05 -0.0132825 0.0303834 0.150776 -0.0188506 -0.0984897 -0.112292 -0.2696 -0.0849125 3.265e-05 -0.0247186 -0.144315 -0.081944 -0.0974268
internal_weight=0 8.30707e+07 8.30681e+07 23043 2532 1739 8.30674e+07 7557 3431 9054 15486 14202 11044 5787 8.30583e+07 770 8.30479e+07 5257 793 158 10382 782 742 110 632 8.26051e+07 4465 348 2184 1821
internal_count=83093716 83070673 83068141 23043 2532 1739 83067371 7557 3431 9054 15486 14202 11044 5787 83058317 770 83047935 5257 793 158 10382 782 742 110 632 82605081 4465 348 2184 1821
is_linear=0
shrinkage=0.1


Tree=11
num_leaves=31
num_cat=0
split_feature=4 22 5 26 8 0 8 16 26 7 6 4 4 3 1 1 26 1 26 16 1 16 6 7 0 3 1 21 9 3
split_gain=5326.6 2136.75 1465.05 749.819 500.292 494.603 469.578 508.592 454.031 438.39 591.683 360.413 344.85 334.161 331.726 436.092 309.963 298.847 293.822 304.86 276.023 274.735 317.926 296.342 273.338 264.94 264.412 248.476 245.272 233.94
threshold=0.34340474009513861 1.0000000180025095e-35 1.0000000180025095e-35 180.33281707763675 0.011934864800423385 -0.014273988548666237 0.011934864800423385 0.019555250182747844 48.906877517700202 0.58556854724884044 1.0000000180025095e-35 0.021004183217883114 0.98685157299041759 2.5028109550476079 2.3618336654080494e-05 6.2451215715937953e-05 32.900308609008796 1.5330837348038869e-05 118.47588348388673 0.066122770309448256 1.2666905803989707e-06 0.40589234232902532 0.47434714436531072 1.0000000180025095e-35 -0.19027723371982572 3.7290139198303227 0.0023825874081039003 1.0000000180025095e-35 0.0044783833436667928 0.3360114991664887
decision_type=2 2 2 2 2 2 2 2 2 2 2 2 2 2 2 2 2 2 2 2 2 2 2 2 2 2 2 2 2 2
left_child=1 2 5 21 8 24 7 9 -3 10 17 26 14 -14 -11 -16 -4 -5 -13 -20 -15 22 23 -2 -1 -12 -7 -6 -27 -10
right_child=3 4 16 6 27 11 -8 -9 29 12 25 18 13 20 15 -17 -18 -19 19 -21 -22 -23 -24 -25 -26 28 -28 -29 -30 -31
leaf_value=-0.043759070523175743 -0.0064432944113811431 0.01182476125381611 0.038702388078143656 -0.017501544732253807 0.049314517906011157 2.6026069292721058e-05 0.061096765581180074 -0.023897212686295077 0.14020029500545506 -0.094398124250384213 0.13370080789304772 0.00093486859666164354 0.31970988531307931 -0.17871267426668147 -0.26059962405099374 -0.12425247759931078 -0.1607168073375379 -0.076179567331857129 -0.04281721619604089 0.033530071233571053 0.079204522915894082 0.018563100773443208 -0.065378137082600332 -0.044208073652025177 -0.0065001911344695204 -0.12572059201232511 -0.0076875763874167989 -0.18839086648481695 0.027924939028241419 0.28361128086414861
leaf_weight=2013 3800 270 88 1923 999 82922315 267 1707 1090 1099 43 4055 29 82 368 647 682 1582 4866 586 84 966 2926 4585 90025 1873 44463 46 110 127
leaf_count=2013 3800 270 88 1923 999 82922315 267 1707 1090 1099 43 4055 29 82 368 647 682 1582 4866 586 84 966 2926 4585 90025 1873 44463 46 110 127
internal_value=0 1.3056e-05 1.02559e-05 -0.0490975 0.0918755 1.15345e-05 -0.0697035 -0.0733616 0.129139 -0.0841314 -0.0688529 1.96613e-05 -0.12073 0.0065145 -0.132467 -0.173687 -0.137926 -0.0439862 -0.0194498 -0.0346111 -0.0482004 -0.0326255 -0.0369972 -0.0270934 -0.0073151 -0.111873 2.18922e-05 0.0388509 -0.117198 0.155166
internal_weight=0 8.30716e+07 8.30691e+07 22091 2532 8.30683e+07 9814 9547 1487 7840 5531 8.29763e+07 2309 195 2114 1015 770 3505 9507 5452 166 12277 11311 8385 92038 2026 8.29668e+07 1045 1983 1217
internal_count=83093716 83071625 83069093 22091 2532 83068323 9814 9547 1487 7840 5531 82976285 2309 195 2114 1015 770 3505 9507 5452 166 12277 11311 8385 92038 2026 82966778 1045 1983 1217
is_linear=0
shrinkage=0.1


Tree=12
num_leaves=31
num_cat=0
split_feature=4 22 5 26 16 19 18 7 3 0 13 26 26 3 26 13 7 8 12 9 13 13 26 3 14 1 3 26 16 20
split_gain=4316.99 1730.8 1186.67 625.204 538.381 532.632 512.241 458.847 455.301 420.349 418.295 451.491 385.642 358.787 268.588 263.577 275.089 259.928 481.062 370.733 360.49 316.421 249.934 249.667 344.519 242.069 236.713 232.561 230.31 230.11
threshold=0.44697870314121252 1.0000000180025095e-35 1.0000000180025095e-35 75.456062316894545 0.4608485102653504 0.0089980079792439955 0.37069971859455114 0.098755661398172392 4.1433904170989999 -0.054218882694840424 0.13483144342899325 151.61057281494143 277.12652587890631 1.0986645221710207 79.769374847412124 0.042662667110562331 0.98685157299041759 0.5664392113685609 0.15723580867052081 0.71034300327301036 0.57855889201164257 0.12022032588720323 127.60327148437501 -0.024914499372243878 0.64189010858535778 0.070650786016459965 4.1433904170989999 3.4479532241821294 0.066122770309448256 0.93326175212860119
decision_type=2 2 2 2 2 2 2 2 2 2 2 2 2 2 2 2 2 2 2 2 2 2 2 2 2 2 2 2 2 2
left_child=1 2 7 -2 5 6 8 9 15 13 11 -3 -10 -1 -4 16 -5 26 19 20 21 -19 -20 24 -16 -15 27 -11 -9 -6
right_child=3 10 14 4 29 -7 -8 28 12 17 -12 -13 -14 25 23 -17 -18 18 22 -21 -22 -23 -24 -25 -26 -27 -28 -29 -30 -31
leaf_value=-0.0013125554523844723 -0.019448926271183387 0.05317411488459154 -0.034194974498201067 -0.068521869025776908 0.007011323681175536 -0.014887175385452362 -0.031087633161805572 -0.040366266888119333 -0.080976251120208065 -0.002679535381504893 0.018333324974459542 0.15356021447617318 -0.13416949704899533 -0.025216990620265618 -0.11464683086522026 0.065403020293577696 0.066359039855423893 -0.026431402922340148 -0.051152657425587944 -0.2850512670535667 0.06401195046981395 -0.28945354606876983 -0.26433394818060746 -0.19405964020535016 0.35381221367977561 -0.17299589523712972 -0.0049113278520034869 3.2955108276017803e-05 -0.0091105629498183811 -0.28790785718571255
leaf_weight=11349 5640 815 232 2090 1314 1766 2175 3926 3656 317297 722 995 2173 10744 73 185 163 1704 97 51 484 47 127 445 20 112 97353 82622033 5901 27
leaf_count=11349 5640 815 232 2090 1314 1766 2175 3926 3656 317297 722 995 2173 10744 73 185 163 1704 97 51 484 47 127 445 20 112 97353 82622033 5901 27
internal_value=0 1.09551e-05 8.4351e-06 -0.0474258 -0.0590716 -0.0656783 -0.0742683 9.58579e-06 -0.0856289 1.21421e-05 0.082688 0.108359 -0.100806 -0.0137448 -0.124133 -0.0493415 -0.0587635 1.58208e-05 -0.0321639 -0.0184599 -0.0123766 -0.0334914 -0.172019 -0.162917 -0.013903 -0.0267416 1.67935e-05 2.25781e-05 -0.0215976 0.00107335
internal_weight=0 8.30745e+07 8.3072e+07 19189 13549 12208 10442 8.30712e+07 8267 8.30614e+07 2532 1810 5829 22205 770 2438 2253 8.30392e+07 2510 2286 2235 1751 224 538 93 10856 8.30367e+07 8.29393e+07 9827 1341
internal_count=83093716 83074527 83071995 19189 13549 12208 10442 83071225 8267 83061398 2532 1810 5829 22205 770 2438 2253 83039193 2510 2286 2235 1751 224 538 93 10856 83036683 82939330 9827 1341
is_linear=0
shrinkage=0.1


Tree=13
num_leaves=31
num_cat=0
split_feature=4 22 5 26 4 2 16 18 8 0 26 2 1 6 8 26 0 26 0 18 9 3 19 2 15 12 13 2 1 3
split_gain=3509.01 1401.87 961.239 690.766 553.017 380.062 378.544 411.731 359.087 357.674 334.297 297.097 275.34 292.6 266.148 246.312 233.605 232.056 328.566 280.735 230.484 235.22 227.8 432.226 244.836 221.898 255.815 217.895 290.9 227.104
threshold=0.1594779044389725 1.0000000180025095e-35 1.0000000180025095e-35 82.839981079101577 0.75704458355903637 -1.0000000180025095e-35 0.13225658982992175 0.14669562131166461 0.011934864800423385 -0.014273988548666237 48.906877517700202 -0.0097486017193267483 0.029216446485834453 0.067786492407321944 0.28284921497106558 212.69825744628909 0.060295227915048606 68.13877105712892 -0.11629043892025946 0.90562623739242565 0.17202250659465793 -0.013741999864578245 0.61783882975578319 -0.13604505617114263 0.011049981694668533 1.0000000180025095e-35 0.37126667797565466 0.00055228668362705018 1.0000000180025095e-35 3.7290139198303227
decision_type=2 2 2 2 2 2 2 2 2 2 2 2 2 2 2 2 2 2 2 2 2 2 2 2 2 2 2 2 2 2
left_child=1 2 9 -2 6 11 7 14 10 17 -3 -6 16 -14 20 -4 -11 -1 19 -19 21 -5 -23 24 -24 -17 -27 28 -7 -29
right_child=3 8 15 4 5 27 -8 -9 -10 12 -12 -13 13 -15 -16 25 -18 18 -20 -21 -22 22 23 -25 -26 26 -28 29 -30 -31
leaf_value=0.0040281429502165133 -0.01200649662618021 0.0053248727942506475 -0.077311937109769413 0.10695428844127391 -0.065253872655475095 -0.058500234851225796 0.014242210339616403 0.0046696915135089039 0.029496534667724218 1.721191601313758e-05 0.12832192605496792 -0.13957352672474041 -0.018848727921267062 -0.35496155837407484 0.096914130704657694 -0.33018042569359146 0.014606286116873368 -0.034797937592661338 -0.0071036242757882249 -0.41040287412703036 0.026819387721503538 -0.060229207846492078 -0.028990787247365174 0.037609706992171955 -0.3260365571161466 0.031081295128659172 -0.25652003618387076 -0.010073662328825901 0.0084976690285103584 -0.14645376863386694
leaf_weight=17802 8488 270 562 90 1029 3049 1447 1723 1045 82953258 1217 1127 6751 26 124 84 10977 3945 70148 20 369 7952 55 546 56 59 65 169 823 440
leaf_count=17802 8488 270 562 90 1029 3049 1447 1723 1045 82953258 1217 1127 6751 26 124 84 10977 3945 70148 20 369 7952 55 546 56 59 65 169 823 440
internal_value=0 1.18215e-05 9.55333e-06 -0.0357238 -0.0463197 -0.0696039 -0.0338187 -0.0401901 0.0744192 1.05891e-05 0.105989 -0.104103 1.74958e-05 -0.0201382 -0.0485989 -0.11172 1.91422e-05 -0.00622403 -0.00868661 -0.0366925 -0.0505887 -0.0538722 -0.0555535 0.0010386 -0.178852 -0.204688 -0.119677 -0.0530051 -0.0442597 -0.108608
internal_weight=0 8.30662e+07 8.30637e+07 27487 18999 6637 12362 10915 2532 8.30629e+07 1487 2156 8.2971e+07 6777 9192 770 8.29642e+07 91915 74113 3965 9068 8699 8609 657 111 208 124 4481 3872 609
internal_count=83093716 83066229 83063697 27487 18999 6637 12362 10915 2532 83062927 1487 2156 82971012 6777 9192 770 82964235 91915 74113 3965 9068 8699 8609 657 111 208 124 4481 3872 609
is_linear=0
shrinkage=0.1


Tree=14
num_leaves=31
num_cat=0
split_feature=4 22 5 1 4 1 3 0 13 26 1 1 16 16 6 3 3 8 26 3 26 0 20 15 26 1 8 12 1 13
split_gain=2925.66 1135.6 778.565 549.299 433.337 349.116 304.489 302.616 297.717 351.202 249.103 258.527 288.852 243.398 267.235 240.611 527.55 229.989 226.388 271.91 223.773 222.108 222.716 217.986 288.862 215.454 215.106 387.369 361.875 226.895
threshold=0.57249891757965099 1.0000000180025095e-35 1.0000000180025095e-35 6.5751636807462798e-06 1.0000000180025095e-35 6.2451215715937953e-05 0.029376999475061897 -0.00042664555076044047 0.0010905198287218811 219.51232910156253 0.00070150694313955014 3.7229454683717583e-05 0.066122770309448256 0.56331124901771557 0.52134644985198986 0.10404749959707262 0.19816600531339648 0.011934864800423385 43.658098220825202 3.7290139198303227 350.07540893554693 -0.086512468755245195 0.93326175212860119 0.036378823220729835 161.5354919433594 1.2666905803989707e-06 0.5664392113685609 0.15723580867052081 6.0782147360469059e-06 0.75515198707580578
decision_type=2 2 2 2 2 2 2 2 2 2 2 2 2 2 2 2 2 2 2 2 2 2 2 2 2 2 2 2 2 2
left_child=1 2 4 13 7 6 -5 -1 9 -3 11 12 -6 14 -2 -4 -17 18 -7 -20 -16 -15 -23 -10 -25 -22 -9 28 29 -28
right_child=3 8 15 5 10 17 -8 26 23 -11 -12 -13 -14 21 20 16 -18 -19 19 -21 25 22 -24 24 -26 -27 27 -29 -30 -31
leaf_value=-0.0043118050275458781 -0.021290723956422654 0.052981013379549739 -0.13511609349481735 -0.33743929253858435 -0.018520109014085722 -0.014130540856852926 -0.10099314382653878 1.9676864649327444e-05 -0.0099545127846388595 0.14449254691171418 0.0086814677417862748 -0.040922987804642381 0.033866027277150823 -0.24288932527265242 -0.049474158768292614 0.39437644738437877 -0.071377846113330617 0.068491671993086742 -0.0099428452062289563 -0.077376497832616978 -0.17469981003649615 0.037633524874558746 -0.2486754701605865 0.35354152340441947 0.042582803119123935 0.066370705870348365 -0.019111996031704208 -0.15481866954027543 -0.12494870826086855 0.065045922184293337
leaf_weight=161675 5618 1033 557 57 8722 1005 1224 82892770 635 706 3434 4580 1197 31 1732 28 185 150 711 3761 269 916 28 40 118 43 1593 224 273 401
leaf_count=161675 5618 1033 557 57 8722 1005 1224 82892770 635 706 3434 4580 1197 31 1732 28 185 150 711 3761 269 916 28 40 118 43 1593 224 273 401
internal_value=0 8.11719e-06 6.07608e-06 -0.0433786 7.00809e-06 -0.0643977 -0.111514 1.03641e-05 0.0669773 0.0901329 -0.0155362 -0.021272 -0.0121983 -0.0265672 -0.0325556 -0.100548 -0.0101519 -0.0536716 -0.0570173 -0.0666553 -0.0635174 0.0204921 0.0291413 0.0161984 0.121307 -0.141475 1.87938e-05 -0.0293667 -0.0169709 -0.00218756
internal_weight=0 8.30782e+07 8.30756e+07 15545 8.30749e+07 6908 1281 8.30569e+07 2532 1739 17933 14499 9919 8637 7662 770 213 5627 5477 4472 2044 975 944 793 158 312 8.28953e+07 2491 2267 1994
internal_count=83093716 83078171 83075639 15545 83074869 6908 1281 83056936 2532 1739 17933 14499 9919 8637 7662 770 213 5627 5477 4472 2044 975 944 793 158 312 82895261 2491 2267 1994
is_linear=0
shrinkage=0.1


Tree=15
num_leaves=31
num_cat=0
split_feature=4 22 5 26 7 16 26 19 1 0 3 21 15 13 26 20 14 14 1 20 1 9 15 9 14 3 18 15 15 2
split_gain=2369.78 919.838 630.638 471.566 378.801 361.053 290.914 310.048 287.824 283.131 386.824 278.664 261.774 243.444 350.97 232.205 256.875 282.473 276.441 226.515 288.23 430.371 286.972 355.941 218.633 209.301 209.227 251.42 254.583 202.365
threshold=0.57249891757965099 1.0000000180025095e-35 1.0000000180025095e-35 449.00379943847662 0.098755661398172392 0.56331124901771557 52.780466079711921 0.0089980079792439955 7.5648036044634752e-06 -0.089349348098039613 2.5028109550476079 1.0000000180025095e-35 0.16871754825115207 0.13483144342899325 193.01679229736331 0.95064401626586925 0.83454889059066784 0.88117954134941112 0.070650786016459965 0.49189253151416784 0.070650786016459965 0.10814816877245904 0.0028804602334275846 0.6708754599094392 0.011502557899802925 0.89643099904060375 0.37069971859455114 0.0079181981272995489 0.034044088795781142 -0.038089963686641991
decision_type=2 2 2 2 2 2 2 2 2 2 2 2 2 2 2 2 2 2 2 2 2 2 2 2 2 2 2 2 2 2
left_child=1 2 4 5 9 6 -2 -8 -6 10 25 13 29 14 -3 16 18 -18 -12 -11 -21 -22 -23 -24 26 -1 -5 -28 -29 -9
right_child=3 11 -4 24 8 -7 7 12 -10 19 15 -13 -14 -15 -16 -17 17 -19 -20 20 21 22 23 -25 -26 -27 27 28 -30 -31
leaf_value=0.0070251633636100709 -0.011793748525242821 0.043932866231601815 -0.090493275752448324 -0.10901183010157556 -0.0068710342735020143 0.018726822501010862 -0.054246571562332417 -0.045946070231742797 -0.040392699392344807 1.6013886265994527e-05 -0.049521411016858002 -0.18360276849049589 -0.20645276144146921 0.014707526091498224 0.1329177275909916 0.17219150226891919 -0.39089940543237489 -0.070191508559685839 -0.26093187677687496 -0.0044813259084830999 -0.0028978215515132514 -0.072244653202360495 -0.34901206241372756 -0.040426434906420568 0.14375836845487355 -0.025082190451825692 0.029074245789183342 -0.30821617468819024 0.099994890205562126 0.036925466741035771
leaf_weight=3579 3190 976 770 1428 7598 1239 7989 459 3864 82969929 597 46 60 698 812 34 57 53 69 83250 666 320 102 59 40 4692 245 50 22 823
leaf_count=3579 3190 976 770 1428 7598 1239 7989 459 3864 82969929 597 46 60 698 812 34 57 53 69 83250 666 320 102 59 40 4692 245 50 22 823
internal_value=0 7.30606e-06 5.46907e-06 -0.0390407 6.30788e-06 -0.0327676 -0.0378632 -0.0467755 -0.0181717 8.81628e-06 -0.0176476 0.0602795 -0.00230011 0.0647922 0.0843443 -0.0835994 -0.0948067 -0.236377 -0.0714243 1.07468e-05 -0.00516728 -0.0549543 -0.127033 -0.235928 -0.0873985 -0.0111888 -0.0926972 -0.0192042 -0.183485 0.00725461
internal_weight=0 8.30782e+07 8.30756e+07 15545 8.30749e+07 13760 12521 9331 11462 8.30634e+07 9081 2532 1342 2486 1788 810 776 110 666 8.30543e+07 84397 1147 481 161 1785 8271 1745 317 72 1282
internal_count=83093716 83078171 83075639 15545 83074869 13760 12521 9331 11462 83063407 9081 2532 1342 2486 1788 810 776 110 666 83054326 84397 1147 481 161 1785 8271 1745 317 72 1282
is_linear=0
shrinkage=0.1


Tree=16
num_leaves=31
num_cat=0
split_feature=4 22 5 26 16 3 0 20 7 13 1 7 6 1 1 21 1 3 0 26 0 26 2 26 1 26 13 15 15 8
split_gain=1930.43 745.049 510.826 386.933 288.413 266.361 435.832 287.765 242.105 304.273 232.065 357.353 256.474 347.059 252.285 225.718 228.53 247.883 222.892 209.17 205.355 199.712 199.586 195.522 191.318 190.544 190.194 264.124 304.381 186.505
threshold=0.44697870314121252 1.0000000180025095e-35 1.0000000180025095e-35 271.84655761718756 0.0063950831536203631 1.8839390277862551 -0.086512468755245195 0.71420341730117809 0.012249965453520419 0.63029062747955333 2.3618336654080494e-05 0.39440751075744634 0.42564877867698675 1.2666905803989707e-06 6.2451215715937953e-05 1.0000000180025095e-35 1.6072558700752913e-06 0.0420490000396967 0.034713424742221839 85.949230194091811 -0.086512468755245195 31.762910842895511 -0.00090815666892474993 32.900308609008796 0.0065773731705465006 3.4479532241821294 0.13997181504964831 0.021840946748852733 0.069752547889947905 0.011934864800423385
decision_type=2 2 2 2 2 2 2 2 2 2 2 2 2 2 2 2 2 2 2 2 2 2 2 2 2 2 2 2 2 2
left_child=1 2 5 -2 10 18 19 8 -8 22 12 -12 -5 -14 -13 16 21 -18 25 -7 -6 -3 -10 -4 -16 -1 -23 -28 -29 -27
right_child=3 15 23 4 20 6 7 -9 9 -11 11 14 13 -15 24 -17 17 -19 -20 -21 -22 26 -24 -25 -26 29 27 28 -30 -31
leaf_value=-0.0024303054603340996 -0.022733686140717402 -0.029001008830670184 0.05883855273396793 -0.026226204228185442 -0.2759665521127837 0.014087412174024136 -0.0011313683720343009 -0.015475982402624011 -0.056877142060749765 -0.22870121107381933 -0.05571285377638803 -0.2220528938917323 -0.14397546027976704 0.057725476731001493 -0.11458144220428855 -0.16524249054491522 0.087401300110046737 -0.058770564033130412 0.009868288126925702 -0.056955713149600511 -0.0016631009336975291 0.10329179083589256 -0.010534086309708836 -0.099544916439530395 0.20037181228399278 3.4705461722919705e-05 -0.0062004399217601043 0.38455865048780674 0.039592915584730423 -0.020924119827869413
leaf_weight=315075 13707 174 88 1807 28 519 1047214 14451 1062 68 1200 263 437 106 541 46 188 303 23007 2057 1080 1311 7438 682 20 81656088 401 41 68 4246
leaf_count=315075 13707 174 88 1807 28 519 1047214 14451 1062 68 1200 263 437 106 541 46 188 303 23007 2057 1080 1311 7438 682 20 81656088 401 41 68 4246
internal_value=0 7.32415e-06 5.67081e-06 -0.031714 -0.054168 6.42578e-06 -0.00155907 -0.00146018 -0.00126834 -0.0180098 -0.0657123 -0.0905318 -0.0443358 -0.104601 -0.141239 0.0542516 0.058313 -0.00280252 2.69076e-05 -0.0426423 -0.00859496 0.0733545 -0.0163242 -0.0814439 -0.103353 2.41455e-05 0.0831348 0.0313193 0.169351 3.36157e-05
internal_weight=0 8.30745e+07 8.3072e+07 19189 5482 8.30712e+07 1.07281e+06 1.07023e+06 1.05578e+06 8568 4374 2024 2350 543 824 2532 2486 491 8.19984e+07 2576 1108 1995 8500 770 561 8.19754e+07 1821 510 109 8.16603e+07
internal_count=83093716 83074527 83071995 19189 5482 83071225 1072809 1070233 1055782 8568 4374 2024 2350 543 824 2532 2486 491 81998416 2576 1108 1995 8500 770 561 81975409 1821 510 109 81660334
is_linear=0
shrinkage=0.1


Tree=17
num_leaves=31
num_cat=0
split_feature=4 22 26 5 9 16 18 3 8 4 19 13 2 13 7 15 8 26 3 3 14 13 3 13 12 0 7 4 26 2
split_gain=1588.9 603.446 559.526 413.789 355.204 271.09 360.645 294.566 328.435 263.022 465.744 256.982 244.136 238.752 220.282 208.388 190.162 231.619 189.708 416.925 204.63 216.925 201.104 211.606 258.349 189.106 186.333 208.93 184.284 179.252
threshold=0.067786492407321944 1.0000000180025095e-35 197.12699890136722 1.0000000180025095e-35 1.0000000180025095e-35 0.019555250182747844 0.016976296901702884 4.1433904170989999 0.011934864800423385 0.72271147370338451 0.61783882975578319 0.042662667110562331 -0.0022398011501233999 0.0017797229811549189 0.98685157299041759 0.0033909804187715058 0.011934864800423385 342.69412231445318 0.10404749959707262 0.19816600531339648 0.44083394110202795 0.21962033212184909 -0.0028364999452605839 0.78986126184463512 1.0000000180025095e-35 -0.098759829998016344 0.26424887776374822 0.98685157299041759 147.72883605957034 -0.019336473726990048
decision_type=2 2 2 2 2 2 2 2 2 2 2 2 2 2 2 2 2 2 2 2 2 2 2 2 2 2 2 2 2 2
left_child=1 3 9 12 5 6 7 11 -9 10 -2 13 25 26 -11 -15 17 -3 22 -20 21 -21 23 24 -5 -1 -4 -28 -24 -8
right_child=2 16 4 18 -6 -7 29 8 -10 14 -12 -13 -14 15 -16 -17 -18 -19 19 20 -22 -23 28 -25 -26 -27 27 -29 -30 -31
leaf_value=-0.046411526336631502 -0.006277644261164045 0.05304267613465577 0.026785103009447832 -0.0028526578879549723 0.041356495688875748 -0.0092513908544445741 -0.047117797511453549 -0.074026129179706815 0.11154782116873979 -0.032872069073041563 0.10244934121273462 0.071872491282191073 2.0101872347488783e-05 -0.32763935036129421 0.02846392496148753 -0.087947747111320501 0.016135470750853063 0.15484008097606475 0.36658910524898342 0.21853585931184216 -0.17341426752605721 -0.071336172193066399 -0.078359864709655891 -0.19658521452011207 0.39948633193969729 -0.0022323625343645889 -0.05448542997769279 0.21735782407481097 -0.21163716510273323 0.017553444210069734
leaf_weight=971 10727 1213 474 79 519 1955 732 5678 97 6255 409 233 82615391 45 646 187 1045 274 28 42 76 67 230 39 20 443905 1127 29 189 1034
leaf_count=971 10727 1213 474 79 519 1955 732 5678 97 6255 409 233 82615391 45 646 187 1045 274 28 42 76 67 230 39 20 443905 1127 29 189 1034
internal_value=0 8.32964e-06 -0.0229534 6.84149e-06 -0.0395798 -0.0432039 -0.0500923 -0.0592566 -0.0709091 -0.0117905 -0.00228435 -0.0271357 7.52106e-06 -0.039525 -0.0271304 -0.13444 0.0488264 0.0718002 -0.0732996 0.0069671 -0.0474622 0.0403576 -0.103994 0.000706836 0.0784279 -0.00232879 -0.0260157 -0.0476658 -0.138478 -0.00925253
internal_weight=0 8.30636e+07 30147 8.3061e+07 12110 11591 9636 7870 5775 18037 11136 2095 8.30603e+07 1862 6901 232 2532 1487 770 213 185 109 557 138 99 444876 1630 1156 419 1766
internal_count=83093716 83063569 30147 83061037 12110 11591 9636 7870 5775 18037 11136 2095 83060267 1862 6901 232 2532 1487 770 213 185 109 557 138 99 444876 1630 1156 419 1766
is_linear=0
shrinkage=0.1


Tree=18
num_leaves=31
num_cat=0
split_feature=4 22 1 5 3 1 0 3 26 4 1 0 16 1 9 13 4 26 9 6 19 8 18 21 1 3 26 4 9 0
split_gain=1315.72 488.837 373.329 335.148 241.559 238.96 218.603 211.071 201.829 196.675 270.42 284.256 281.338 256.316 459.429 239.985 232.37 191.184 207.148 196.369 190.018 182.409 182.181 176.83 180.175 199.003 172.394 166.949 166.553 166.309
threshold=0.57249891757965099 1.0000000180025095e-35 6.5751636807462798e-06 1.0000000180025095e-35 4.1433904170989999 6.2451215715937953e-05 -0.027642710134387013 0.029376999475061897 104.97269439697267 1.0000000180025095e-35 0.0021402018536994505 0.029804895631968979 0.80477145314216625 0.070650786016459965 0.10814816877245904 0.23866202682256701 0.22048421949148181 122.00301361083986 0.18354328721761706 0.18064829707145694 0.61783882975578319 0.011934864800423385 0.79550775885581981 1.0000000180025095e-35 1.6072558700752913e-06 0.0420490000396967 95.30853652954103 0.40880481898784643 0.99864530563354503 -0.086512468755245195
decision_type=2 2 2 2 2 2 2 2 2 2 2 2 2 2 2 2 2 2 2 2 2 2 2 2 2 2 2 2 2 2
left_child=1 3 -2 4 6 7 8 -4 -1 13 11 12 26 -6 29 28 17 -12 19 -19 -18 -7 -10 24 -3 -26 -11 -22 -16 -15
right_child=2 23 5 -5 9 21 -8 -9 22 10 16 -13 -14 14 15 -17 20 18 -20 -21 27 -23 -24 -25 25 -27 -28 -29 -30 -31
leaf_value=0.0029443444941699842 -0.015230734516231579 0.060894282273717695 -0.27350123609628596 -0.065969597851833359 -0.0028224426596978251 -0.040523983378979354 1.4864183893810432e-05 -0.076639604298201033 -0.010281604604196741 -0.0071852076024958014 0.030244193315692815 0.34269303934914724 0.21580631648733595 -0.23126974694785618 -0.090683673967589223 -0.44848377853631977 0.029097051207259129 -0.10929358983634128 0.1744680350762792 0.15650969524246952 0.015060152893192045 0.071250859870885808 -0.23853849087442672 -0.15033179001639718 0.074094933034614369 -0.056874633027031635 -0.036667592041809242 0.24658482236787679 -0.37862127267179035 0.060807342543343759
leaf_weight=16034 8637 1995 57 770 92631 5477 82917553 1224 36769 2960 329 21 48 21 463 21 1109 378 32 30 51 150 35 46 188 303 6011 80 21 272
leaf_count=16034 8637 1995 57 770 92631 5477 82917553 1224 36769 2960 329 21 48 21 463 21 1109 378 32 30 51 150 35 46 188 303 6011 80 21 272
internal_value=0 5.44338e-06 -0.0290902 4.10422e-06 4.71571e-06 -0.0464185 1.07667e-05 -0.0853993 -0.00641931 -0.00480064 -0.0174172 -0.0247922 -0.0256479 -0.00330859 -0.0597404 -0.117536 0.0157686 -0.0274179 -0.0705334 -0.0897492 0.0425512 -0.0375444 -0.0104987 0.0439438 0.0475386 -0.00672743 -0.0269398 0.156449 -0.103177 0.0398735
internal_weight=0 8.30782e+07 15545 8.30756e+07 8.30749e+07 6908 8.29704e+07 1281 52838 104478 11049 9040 9019 93429 798 505 2009 769 440 408 1240 5627 36804 2532 2486 491 8971 131 484 293
internal_count=83093716 83078171 15545 83075639 83074869 6908 82970391 1281 52838 104478 11049 9040 9019 93429 798 505 2009 769 440 408 1240 5627 36804 2532 2486 491 8971 131 484 293
is_linear=0
shrinkage=0.1


Tree=19
num_leaves=31
num_cat=0
split_feature=4 22 15 13 3 7 16 5 1 1 1 0 18 3 3 2 26 18 0 26 3 14 13 3 3 13 15 26 26 3
split_gain=1100.93 395.976 313.387 435.56 336.775 287.951 282.497 271.484 270.062 242.288 199.759 193.989 190.518 177.405 309.02 185.584 169.291 227.182 159.034 158.607 157.54 341.785 465.576 194.142 158.442 175.018 183.167 160.634 157.351 156.866
threshold=0.75704458355903637 1.0000000180025095e-35 0.0023713601985946302 0.044330276548862464 4.1433904170989999 0.098755661398172392 0.89584308862686168 1.0000000180025095e-35 7.5648036044634752e-06 5.8739640547442292e-05 0.00011787766154520002 -0.068669687956571565 0.016976296901702884 2.9375464916229252 2.5028109550476079 -0.0038985490211725995 279.79098510742193 0.61531996726989757 0.19705608487129214 63.92273139953614 0.16051850467920306 0.44083394110202795 0.21962033212184909 0.46141399443149572 -0.0028364999452605839 0.39574067294597631 0.03585259988904 103.36304473876955 3.4479532241821294 1.2253984808921816
decision_type=2 2 2 2 2 2 2 2 2 2 2 2 2 2 2 2 2 2 2 2 2 2 2 2 2 2 2 2 2 2
left_child=1 5 4 6 -2 7 -4 10 -7 19 18 12 13 14 -12 -16 -6 -18 28 -10 24 22 23 -22 25 26 -9 -26 -1 -20
right_child=2 -3 3 -5 16 8 -8 20 9 -11 11 -13 -14 -15 15 -17 17 -19 29 -21 21 -23 -24 -25 27 -27 -28 -29 -30 -31
leaf_value=-0.0022063177624190703 0.0067534104573637593 0.039549407162558288 -0.099734797024724528 0.057289882507589131 -0.028101313710490627 -0.0039974003834812146 0.16041521987076415 0.0071192860545124864 -0.010659974398636403 -0.023044768449525486 -0.019119249109981723 -0.0015324492228725914 -0.14420840381144512 0.064838659267646273 -0.19464892844510517 0.050613877432126753 -0.088137032526423756 0.0053342498218019807 -0.0022701787243693552 -0.1080895705006355 0.5828753569722176 -0.14947587830553716 -0.057605595881147179 0.19428949654102326 -0.04114502409871431 -0.1573704886477737 0.33681282421404668 -0.16549691894557328 2.8674153055908148e-05 0.099198703940470367
leaf_weight=316219 2376 2532 1426 225 4526 8987 43 72 229 4138 2140 736932 135 214 164 38 1150 336 290 618 20 76 67 36 173 44 22 260 82009907 321
leaf_count=316219 2376 2532 1426 225 4526 8987 43 72 229 4138 2140 736932 135 214 164 38 1150 336 290 618 20 76 67 36 173 44 22 260 82009907 321
internal_value=0 4.00981e-06 -0.033043 -0.0722749 -0.0251199 2.80461e-06 -0.0921198 5.21909e-06 -0.0143519 -0.033019 5.7695e-06 -0.00163031 -0.0284307 -0.0223157 -0.0302794 -0.14851 -0.0377165 -0.0670022 2.04681e-05 -0.0817479 -0.0593726 0.0172472 0.120263 0.33307 -0.0860755 0.00723311 0.0842816 -0.115814 2.00894e-05 0.0510384
internal_weight=0 8.30836e+07 10082 1694 8388 8.30811e+07 1469 8.30671e+07 13972 4985 8.30664e+07 739623 2691 2556 2342 202 6012 1486 8.23267e+07 847 770 199 123 56 571 138 94 433 8.23261e+07 611
internal_count=83093716 83083634 10082 1694 8388 83081102 1469 83067130 13972 4985 83066360 739623 2691 2556 2342 202 6012 1486 82326737 847 770 199 123 56 571 138 94 433 82326126 611
is_linear=0
shrinkage=0.1


Tree=20
num_leaves=31
num_cat=0
split_feature=4 22 7 7 5 1 26 15 1 0 0 6 0 3 3 12 13 14 20 1 2 9 3 26 20 26 8 26 3 14
split_gain=891.75 320.741 259.625 233.24 219.902 218.751 207.418 204.752 196.253 190.255 160.372 160.253 148.507 185.078 146.38 323.372 213.864 259.101 208.848 182.286 217.931 245.842 207.185 274.391 160.451 442.253 145.652 185.217 176.959 161.253
threshold=0.75704458355903637 1.0000000180025095e-35 0.98685157299041759 0.098755661398172392 1.0000000180025095e-35 7.5648036044634752e-06 277.12652587890631 0.0025485218502581124 5.8739640547442292e-05 -0.0017074979259632526 0.031413367018103606 0.044226281344890601 -0.19027723371982572 3.7290139198303227 0.62708550691604625 0.15723580867052081 0.97636666893959057 0.24665850400924685 0.71420341730117809 0.0074286826741851008 -0.13604505617114263 0.94691431522369396 4.1433904170989999 333.03433227539068 0.99999997019767772 195.05030059814456 0.011934864800423385 41.176034927368171 0.3360114991664887 0.95004814863204967
decision_type=2 2 2 2 2 2 2 2 2 2 2 2 2 2 2 2 2 2 2 2 2 2 2 2 2 2 2 2 2 2
left_child=1 3 6 4 9 -5 -2 -4 -7 12 14 -12 13 -1 15 -11 17 -17 -16 -20 21 24 -23 -24 -21 -26 27 -3 -29 -28
right_child=2 26 7 5 -6 8 -8 -9 -10 10 11 -13 -14 -15 18 16 -18 -19 19 20 -22 22 23 -25 25 -27 29 28 -30 -31
leaf_value=-0.02380630433529192 -0.025670902684576113 -0.026384279084570528 0.029940642205148998 -0.0035976604149517777 -0.053435374894413745 -0.073573128202789356 -0.059643180802412224 -0.26617751742402712 -0.020740291459106008 4.4172676379758148e-05 0.0069933286717292573 0.29015021175146105 -0.0031408296994567459 -0.16971658731677705 -0.00044925935069758363 -0.028975510479730751 -0.24824625705094899 -0.31094118526412384 -0.0061462554122473818 0.037743162120835339 -0.055210368328971582 0.11507447369653603 -0.076453496405566257 -0.42544517395171255 0.062580992830678445 -0.51579978674650195 0.00023071006481797238 0.058110169461452303 0.18133836164210851 0.23547473172346753
leaf_weight=1945 6745 232 863 8987 770 847 2450 24 4138 77603805 31226 20 152642 91 5241214 344 68 36 32344 756 1677 29 71 33 39 20 1015 1125 130 30
leaf_count=1945 6745 232 863 8987 770 847 2450 24 4138 77603805 31226 20 152642 91 5241214 344 68 36 32344 756 1677 29 71 33 39 20 1015 1125 130 30
internal_value=0 3.60987e-06 -0.0297387 2.5252e-06 4.69823e-06 -0.0129167 -0.0347228 0.0219284 -0.0297171 5.1936e-06 1.17304e-05 0.00717457 -0.00349869 -0.0303278 9.02996e-06 4.36822e-05 -0.0849156 -0.055688 -0.00050065 -0.00820311 -0.0335467 0.00477612 -0.121284 -0.187191 0.0253478 -0.13348 0.0355945 0.0557006 0.0708748 0.00698413
internal_weight=0 8.30836e+07 10082 8.30811e+07 8.30671e+07 13972 9195 887 4985 8.30664e+07 8.29117e+07 31246 154678 2036 8.28804e+07 7.76043e+07 448 380 5.27618e+06 34969 2625 948 133 104 815 59 2532 1487 1255 1045
internal_count=83093716 83083634 10082 83081102 83067130 13972 9195 887 4985 83066360 82911682 31246 154678 2036 82880436 77604253 448 380 5276183 34969 2625 948 133 104 815 59 2532 1487 1255 1045
is_linear=0
shrinkage=0.1


Tree=21
num_leaves=31
num_cat=0
split_feature=4 26 10 16 18 19 3 2 3 22 0 1 15 13 7 2 15 15 26 8 12 1 13 13 13 8 26 4 17 3
split_gain=735.97 413.269 420.131 287.89 351.735 345.61 333.071 260.315 298.083 259.761 255.207 211.283 222.756 262.862 222.559 207.227 321.316 202.826 196.449 185.434 268.005 261.41 231.345 213.161 195.104 289.693 188.114 181.284 178.878 309.709
threshold=0.067786492407321944 52.780466079711921 0.22492027282714847 0.066122770309448256 0.016976296901702884 0.0089980079792439955 0.12188100069761278 -0.03362212212173319 4.1433904170989999 1.0000000180025095e-35 -0.0034308360191062088 0.029216446485834453 0.030496896244585518 0.32607327401638037 0.91760551929473888 -0.13604505617114263 0.20530420541763308 0.044482378289103515 308.09318542480474 0.28284921497106558 0.15723580867052081 7.2728740389435496e-05 0.42873615026474005 0.12022032588720323 0.48284983634948736 0.74613162875175487 159.65065765380862 0.65088403224945079 0.57706825435161602 3.7290139198303227
decision_type=2 2 2 2 2 2 2 2 2 2 2 2 2 2 2 2 2 2 2 2 2 2 2 2 2 2 2 2 2 2
left_child=9 -2 3 4 5 7 -7 -3 -9 19 -10 12 18 14 -14 16 -8 -4 -12 28 21 22 23 -21 25 -22 -26 -16 -1 -30
right_child=1 2 17 -5 -6 6 15 8 10 -11 11 -13 13 -15 27 -17 -18 -19 -20 20 24 -23 -24 -25 26 -27 -28 -29 29 -31
leaf_value=6.1673762491475203e-06 0.0071165403334912964 0.050318873097092126 0.10709696722151055 0.0072797563252765627 0.00084575349845206693 -0.26492174581644384 -0.027434508016365877 -0.018565807358338255 -0.25980283841490748 0.032035019698614949 -0.046349203662004762 -0.32876435992894354 0.001109516332406279 -0.14327639039906284 0.049606936224435849 0.01631870264642166 -0.28989327532740744 0.45623931886628272 -0.081835652123931887 -0.012074000871524295 -0.039815536594068369 -0.15244661344438792 0.053958297200096483 -0.16715748320060339 -0.055002639563614231 0.37102285772562027 -0.18478789059906531 -0.24086955909218111 -0.028850487888936901 -0.25938477826910833
leaf_weight=83056424 6318 318 99 2840 3803 47 453 4106 58 2532 5616 27 1687 155 31 2287 52 20 2160 2419 121 125 548 92 236 20 212 70 777 63
leaf_count=83056424 6318 318 99 2840 3803 47 453 4106 58 2532 5616 27 1687 155 31 2287 52 20 2160 2419 121 125 548 92 236 20 212 70 777 63
internal_value=0 -0.0156217 -0.0216505 -0.0225912 -0.0266561 -0.0327843 -0.000927345 -0.0391409 -0.041186 5.66999e-06 -0.0506596 -0.0494149 -0.0486389 -0.0183526 -0.0075231 0.00351669 -0.05446 0.165776 -0.0562066 4.69362e-06 -0.0221641 -0.0107011 -0.00490891 -0.0177561 -0.0841305 0.0184594 -0.116419 -0.151713 5.70067e-06 -0.0461406
internal_weight=0 30147 23829 23710 20870 17067 2839 14228 13910 8.30636e+07 9804 9746 9719 1943 1788 2792 505 119 7776 8.3061e+07 3773 3184 3059 2511 589 141 448 101 8.30573e+07 840
internal_count=83093716 30147 23829 23710 20870 17067 2839 14228 13910 83063569 9804 9746 9719 1943 1788 2792 505 119 7776 83061037 3773 3184 3059 2511 589 141 448 101 83057264 840
is_linear=0
shrinkage=0.1


Tree=22
num_leaves=31
num_cat=0
split_feature=4 2 22 2 3 8 20 15 4 16 26 0 2 1 3 19 15 15 14 19 8 12 5 15 26 9 13 26 2 1
split_gain=639.931 238.156 210.436 196.555 188.078 183.715 180.167 345.746 189.461 373.295 282.861 206.93 177.046 249.818 175.314 165.927 164.554 264.577 202.967 179.047 163.828 199.086 187.46 180.349 226.838 171.737 192.229 162.257 159.639 222.139
threshold=0.75704458355903637 -1.0000000180025095e-35 1.0000000180025095e-35 -0.011087464974422199 4.1433904170989999 0.07163399271667005 0.52729755640029918 0.077714972198009505 1.0000000180025095e-35 0.64080783724784862 116.84602355957033 0.015748115722090009 0.00055228668362705018 1.0000000180025095e-35 2.0711144208908085 1.0000000180025095e-35 0.034605244174599654 0.26356908679008489 0.089962683618068709 0.7019123136997224 0.011934864800423385 0.15723580867052081 1.0000000180025095e-35 0.15604898333549502 92.143386840820327 0.75438639521598827 0.76834160089492809 356.75193786621099 -0.058934122107042346 0.029216446485834453
decision_type=2 2 2 2 2 2 2 2 2 2 2 2 2 2 2 2 2 2 2 2 2 2 2 2 2 2 2 2 2 2
left_child=2 3 4 -2 20 6 8 -8 -6 10 15 16 13 -3 -14 -10 19 -18 -19 -12 22 25 -1 24 -23 26 -22 -5 -21 -30
right_child=1 12 -4 27 5 -7 7 -9 9 -11 11 -13 14 -15 -16 -17 17 18 -20 28 21 23 -24 -25 -26 -27 -28 -29 29 -31
leaf_value=8.9792794275471017e-06 -0.021103137981142495 -0.019773519275503526 0.028831517741751328 -0.056206363519621078 -0.0016708446242956626 0.073211652527447629 -0.012478518598497893 -0.087451216410180291 -0.0059550473237851217 0.082434438667379512 -0.041204979084117958 0.2254968896857463 0.048548157230243652 0.028725285316509794 -0.076218367382871355 0.04523423268160795 0.013055788678725977 -0.052313530614340978 -0.34919157276550927 -0.047103455211553312 -0.014696014117959139 0.0047364262232257349 -0.095154319082247321 0.026855586118482312 -0.1459130718355931 -0.1694698710995379 0.055323865076530233 -0.13512789674727999 0.067736484198825095 0.43343676477670673
leaf_weight=82967252 1454 4702 2532 1364 87848 306 5072 700 4820 390 5850 32 133 1372 735 729 1733 569 24 90 4243 143 207 145 332 67 432 322 98 20
leaf_count=82967252 1454 4702 2532 1364 87848 306 5072 700 4820 390 5850 32 133 1372 735 729 1733 569 24 90 4243 143 207 145 332 67 432 322 98 20
internal_value=0 -0.0251922 3.05547e-06 -0.0480448 2.17689e-06 -0.00416278 -0.00438205 -0.0215708 -0.0034113 -0.0140624 -0.0167572 -0.0283136 -0.0148556 -0.00881857 -0.0571009 0.000769945 -0.0292823 -0.00667296 -0.0643288 -0.0379633 7.61222e-06 -0.0174714 8.74185e-06 -0.0707609 -0.10056 -0.010504 -0.00822573 -0.0712792 0.0532096 0.12972
internal_weight=0 10082 8.30836e+07 3140 8.30811e+07 108281 107975 5772 102203 14355 13965 8416 6942 6074 868 5549 8384 2326 593 6058 8.29728e+07 5362 8.29675e+07 620 475 4742 4675 1686 208 118
internal_count=83093716 10082 83083634 3140 83081102 108281 107975 5772 102203 14355 13965 8416 6942 6074 868 5549 8384 2326 593 6058 82972821 5362 82967459 620 475 4742 4675 1686 208 118
is_linear=0
shrinkage=0.1


Tree=23
num_leaves=31
num_cat=0
split_feature=4 15 13 3 16 22 26 3 0 20 26 0 20 3 14 14 15 3 14 0 7 26 2 14 12 13 14 3 26 3
split_gain=518.344 222.052 346.139 229.331 225.25 180.636 199.133 172.599 319.703 212.007 191.167 187.909 170.313 173.198 194.377 242.488 164.648 146.852 361.186 151.678 143.362 162.116 169.36 140.482 137.799 214.635 166.509 223.11 163.42 135.15
threshold=0.75704458355903637 0.0023713601985946302 0.041214259341359145 4.1433904170989999 0.93541446328163158 0.96153518557548534 422.63499450683599 1.6206545233726504 -0.075873900204896913 0.71420341730117809 61.123224258422859 0.067458502948284163 0.99589058756828319 2.5028109550476079 0.83454889059066784 0.88117954134941112 0.082161150872707381 1.4925720095634463 0.26724319159984594 0.19705608487129214 0.72271147370338451 149.61078643798831 0.0014152064075507002 0.86757710576057445 1.0000000180025095e-35 0.97414603829383861 0.20462840795516971 -0.0028364999452605839 210.62327575683597 4.1433904170989999
decision_type=2 2 2 2 2 2 2 2 2 2 2 2 2 2 2 2 2 2 2 2 2 2 2 2 2 2 2 2 2 2
left_child=5 3 4 -2 20 7 -7 11 10 -10 -9 24 13 -12 -15 23 -11 -13 19 -19 -3 -22 -23 -16 -1 26 -26 -28 -29 -18
right_child=1 2 -4 -5 -6 6 -8 8 9 16 12 17 -14 14 15 -17 29 18 -20 -21 21 22 -24 -25 25 -27 27 28 -30 -31
leaf_value=2.1467158544245813e-05 0.010298259160275609 -0.050986073186241425 0.055295536351772756 -0.026398478143914161 0.20677851678005288 0.027461325277737564 0.17173880890689114 0.01823656677144922 -0.00084590089023499489 -0.0090824449234883243 -0.027270986919577158 0.013070463094282002 0.20800122661249981 -0.060168044031247009 -0.2043301937339658 -0.049426122067326855 -0.024340959072339827 0.11943228074713895 -0.017912679880052945 0.31882301936484875 -0.054300590259030126 -0.13298961671424056 -0.34597847972597395 -0.51513873453323666 -0.010431036604027328 -0.1972599205906902 0.13032652392531888 -0.078831808226039787 -0.28607604268395032 -0.089955420176406717
leaf_weight=81525866 2376 785 241 6012 28 734 110 737 1527447 14951 2719 6051 28 737 33 55 1060 161 213 50 262 336 42 26 1943 70 33 104 60 446
leaf_count=81525866 2376 785 241 6012 28 734 110 737 1527447 14951 2719 6051 28 737 33 55 1060 161 213 50 262 336 42 26 1943 70 33 104 60 446
internal_value=0 -0.022673 -0.0556968 -0.0160037 -0.0741064 2.75164e-06 0.0462653 2.28168e-06 -0.00104368 -0.000967536 -0.0281624 2.21432e-05 -0.0376666 -0.0395934 -0.0789645 -0.200482 -0.012257 0.0170569 0.0739489 0.166681 -0.0796256 -0.114754 -0.156655 -0.341297 2.07903e-05 -0.0249493 -0.019313 -0.106915 -0.154653 -0.0437726
internal_weight=0 10082 1694 8388 1453 8.30836e+07 844 8.30828e+07 1.54824e+06 1.5439e+06 4335 8.15346e+07 3598 3570 851 114 16457 6475 424 211 1425 640 378 59 8.15281e+07 2210 2140 197 164 1506
internal_count=83093716 10082 1694 8388 1453 83083634 844 83082790 1548239 1543904 4335 81534551 3598 3570 851 114 16457 6475 424 211 1425 640 378 59 81528076 2210 2140 197 164 1506
is_linear=0
shrinkage=0.1


Tree=24
num_leaves=31
num_cat=0
split_feature=4 2 2 3 2 1 9 2 0 1 22 2 5 8 6 16 26 20 21 1 3 3 13 26 8 0 18 26 1 26
split_gain=430.833 229.799 241.694 179.541 169.053 227.471 159.352 151.894 156.706 158.378 150.79 147.361 149.684 145.095 136.029 183.946 175.42 169.165 135.028 140.87 165.12 155.219 153.783 152.47 144.523 134.606 156.99 189.591 144.375 132.823
threshold=0.57249891757965099 -1.0000000180025095e-35 -0.0017183350535578997 2.0711144208908085 0.00020163476052275002 1.0000000180025095e-35 0.99188458919525158 0.0021293424363931506 -1.0000000180025095e-35 0.00011163639738940002 1.0000000180025095e-35 -0.0021377268432001997 1.0000000180025095e-35 0.74613162875175487 0.52134644985198986 0.0063950831536203631 113.32949066162111 0.93326175212860119 1.0000000180025095e-35 1.6072558700752913e-06 -1.0000000180025095e-35 -0.29586949944496149 0.73468610644340526 31.762910842895511 0.28284921497106558 -0.098759829998016344 0.37069971859455114 163.4223327636719 0.070650786016459965 161.5354919433594
decision_type=2 2 2 2 2 2 2 2 2 2 2 2 2 2 2 2 2 2 2 2 2 2 2 2 2 2 2 2 2 2
left_child=10 2 6 -4 5 14 -2 8 -6 -10 11 13 -13 25 -3 16 -16 -17 19 21 24 -12 -22 -23 -21 28 -27 -28 -1 -14
right_child=1 4 3 -5 7 -7 -8 -9 9 -11 18 12 29 -15 15 17 -18 -19 -20 20 22 23 -24 -25 -26 26 27 -29 -30 -31
leaf_value=-0.026649249805703615 -0.025947849421537352 -0.002780539406136151 -0.22955171459913257 -0.067950247127506316 0.18219406791031362 0.028937442121012288 0.18540106012175483 -0.0082003819511709559 -0.11010258496978718 -0.014523567408432978 -0.16355455193567922 1.2748117499474886e-05 -0.011297252208118905 -0.18546105630176013 -0.01315794087125325 0.037308189817914686 -0.082992086555535971 -0.21643812553291875 -0.14535976816778598 0.0022559081370813576 -0.042961726513058608 -0.046729957159651919 -0.30612377251187961 0.051851238583743603 0.20841009811636935 -0.0017588927170197593 0.084478860295043048 -0.011085899836761726 -0.1614361684105691 -0.097476949770310795
leaf_weight=918 3946 5356 75 825 24 1781 36 828 505 264 37 82611976 464 43 659 426 792 28 46 123 297 172 24 1786 47 461021 462 377 87 291
leaf_count=918 3946 5356 75 825 24 1781 36 828 505 264 37 82611976 464 43 659 426 792 28 46 123 297 172 24 1786 47 461021 462 377 87 291
internal_value=0 -0.0166463 -0.0346151 -0.081417 -0.0084194 -0.00308812 -0.0240371 -0.0381575 -0.0694368 -0.07729 3.11533e-06 2.37156e-06 1.23412e-05 -0.00177686 -0.0109434 -0.0338939 -0.0512755 0.0216586 0.0244063 0.0275476 -0.0204355 0.039357 -0.0626374 0.0431914 0.0592515 -0.00175979 -0.00168024 0.0415374 -0.0383174 -0.0445135
internal_weight=0 15545 4882 900 10663 9042 3982 1621 793 769 8.30782e+07 8.30756e+07 8.26127e+07 462908 7261 1905 1451 454 2532 2486 491 1995 321 1958 170 462865 461860 839 1005 755
internal_count=83093716 15545 4882 900 10663 9042 3982 1621 793 769 83078171 83075639 82612731 462908 7261 1905 1451 454 2532 2486 491 1995 321 1958 170 462865 461860 839 1005 755
is_linear=0
shrinkage=0.1


Tree=25
num_leaves=31
num_cat=0
split_feature=7 4 4 26 8 13 10 15 9 16 6 20 13 2 7 0 26 1 14 1 3 17 3 2 0 7 22 26 26 1
split_gain=363.763 242.572 201.167 198.339 203.641 206.804 190.266 213.638 166.833 168.96 305.839 199.093 180.876 169.23 167.258 162.139 154.827 159.212 152.234 149.761 143.147 137.751 252.781 156.897 136.552 135.484 129.549 158.797 129.196 125.103
threshold=0.72271147370338451 0.98685157299041759 1.0000000180025095e-35 55.442037582397468 0.28284921497106558 0.16141875833272937 0.22492027282714847 0.00066440823138691496 0.0018839556141756477 0.066122770309448256 0.31070631742477423 0.93326175212860119 0.92628020048141491 -0.00027652748235769994 0.098755661398172392 1.0000000180025095e-35 402.04974365234381 0.00050419136834635003 0.38115081191062933 0.0039542978823803006 -0.013741999864578245 0.57706825435161602 3.7290139198303227 0.0007826589521061502 0.01454243063926697 0.26424887776374822 0.96153518557548534 462.82772827148443 5.3191337585449228 0.070650786016459965
decision_type=2 2 2 2 2 2 2 2 2 2 2 2 2 2 2 2 2 2 2 2 2 2 2 2 2 2 2 2 2 2
left_child=2 16 19 -4 6 -6 8 -8 9 10 12 13 14 18 29 -12 -2 -18 -11 21 -16 26 -23 -24 -22 -15 28 -28 -1 -5
right_child=1 -3 3 4 5 -7 7 -9 -10 11 15 -13 -14 25 20 -17 17 -19 -20 -21 24 22 23 -25 -26 -27 27 -29 -30 -31
leaf_value=-0.0014153763178670542 -0.021487854148439907 0.029345366342066651 0.0078527225679076891 0.00068307809955245888 0.034501123131561916 0.30551758358875913 0.040655613321737921 0.42628361485898503 0.018930557989847017 -0.024035357504825647 -0.04542898865640338 -0.28821542588147253 -0.27656018001815447 0.061447327194395843 0.087099216955731501 0.22677652791819791 -0.053607258691198895 -0.21897489041570695 -0.30548022940754893 -0.0069492856772244843 -0.029298863955047067 -0.024938254341180008 -0.3613653115732105 -0.038801709264516836 -0.29115511775016784 -0.00014823689535056262 0.024387049769321163 0.1663223911267282 1.8443587604280208e-05 -0.028267715965856272
leaf_weight=633263 5989 837 5920 7709 458 30 51 20 1383 492 4089 22 26 746 106 22 955 62 20 30956 4664 762 38 25 20 685 756 88 82391671 1851
leaf_count=633263 5989 837 5920 7709 458 30 51 20 1383 492 4089 22 26 746 106 22 955 62 20 30956 4664 762 38 25 20 685 756 88 82391671 1851
internal_value=0 -0.0215351 2.03377e-06 -0.00842555 -0.0127288 0.051162 -0.0141521 0.149283 -0.0146836 -0.0169566 -0.0199199 0.0109224 -0.0130418 0.0143094 -0.0125643 -0.0439723 -0.0276138 -0.0636887 -0.0350293 4.9067e-06 -0.0278164 7.49953e-06 -0.0408544 -0.233364 -0.030417 0.0319624 7.90556e-06 0.039186 7.50729e-06 -0.00492235
internal_weight=0 7843 8.30859e+07 28314 22394 488 21906 71 21835 20452 18487 1965 14376 1943 14350 4111 7006 1017 512 8.30576e+07 4790 8.30266e+07 825 63 4684 1431 8.30258e+07 844 8.30249e+07 9560
internal_count=83093716 7843 83085873 28314 22394 488 21906 71 21835 20452 18487 1965 14376 1943 14350 4111 7006 1017 512 83057559 4790 83026603 825 63 4684 1431 83025778 844 83024934 9560
is_linear=0
shrinkage=0.1


Tree=26
num_leaves=31
num_cat=0
split_feature=4 15 13 6 3 0 0 9 26 0 14 9 15 15 3 8 3 3 1 1 26 16 26 1 1 14 15 15 13 4
split_gain=312.829 172.494 275.641 194.322 172.081 137.958 125.083 131.285 124.809 180.622 174.251 150.989 138.062 117.174 117.172 138.998 115.748 276.113 183.309 178.805 147.633 164.893 115.238 152.429 155.487 112.056 118.33 111.81 111.069 110.719
threshold=0.75704458355903637 0.0023713601985946302 0.044330276548862464 0.898319572210312 4.1433904170989999 -0.00042664555076044047 0.087758697569370284 0.96917337179183971 104.97269439697267 -0.15790642052888867 0.0022936495952308182 0.10814816877245904 0.0052489330992102632 0.024503542110323909 4.1433904170989999 0.07163399271667005 0.45193150639534002 0.75289899110794078 5.4821445152959349e-06 3.7229454683717583e-05 329.87959289550787 0.0063950831536203631 144.0261154174805 3.7229454683717583e-05 1.8125423324538831e-06 0.31197458505630499 0.016741232946515087 0.10642334446310998 0.19089563190937045 1.0000000180025095e-35
decision_type=2 2 2 2 2 2 2 2 2 2 2 2 2 2 2 2 2 2 2 2 2 2 2 2 2 2 2 2 2 2
left_child=5 4 3 22 16 8 14 -8 -1 10 11 12 -10 -5 -7 29 19 -18 -19 20 21 -2 -3 24 -24 -12 -27 -25 -17 -16
right_child=1 2 -4 13 -6 6 7 -9 9 -11 25 -13 -14 -15 15 28 17 18 -20 -21 -22 -23 23 27 -26 26 -28 -29 -30 -31
leaf_value=0.0016331202077526576 -0.06956186123433282 -0.037784701767586575 0.056350566064938906 -0.065835271981855237 -0.020739990455490066 1.1156999697463646e-05 0.014153027555703216 0.17238174071184026 -0.067849298834540911 -0.0040937744362741744 0.034396950274910014 0.055169520248891796 -0.18668752320818913 0.094553237618750036 -0.0022254910646598569 0.04770145919264137 0.24328118314797231 0.047049326970918792 -0.016539368021846069 0.11464082014540003 -0.20255705620777809 0.085637987628579146 -0.073032357221542818 -0.16115006685455224 0.1797414344090682 -0.015655539281981639 -0.11542180358343064 0.023756222964988818 0.28603048700661887 -0.011680465587556501
leaf_weight=44048 286 479 225 75 6012 82809362 4942 53 509 116278 365 80 121 116 92369 284 55 924 890 72 59 90 380 357 26 758 141 36 21 14303
leaf_count=44048 286 479 225 75 6012 82809362 4942 53 509 116278 365 80 121 116 92369 284 55 924 890 72 59 90 380 357 26 758 141 36 21 14303
internal_value=0 -0.0176138 -0.0467201 -0.062507 -0.0117357 2.13675e-06 7.83762e-06 0.0158319 -0.00291052 -0.00460299 -0.0345985 -0.0742407 -0.0906738 0.0315735 6.88436e-06 -0.00330051 0.011048 0.0225436 0.0158509 -0.0313294 -0.05549 -0.032413 -0.0765675 -0.0998177 -0.0568449 -0.0123311 -0.031303 -0.144212 0.064111 -0.00349325
internal_weight=0 10082 1694 1469 8388 8.30836e+07 8.29213e+07 4995 162300 118252 1974 710 630 191 8.29163e+07 106977 2376 1869 1814 507 435 376 1278 799 406 1264 899 393 305 106672
internal_count=83093716 10082 1694 1469 8388 83083634 82921334 4995 162300 118252 1974 710 630 191 82916339 106977 2376 1869 1814 507 435 376 1278 799 406 1264 899 393 305 106672
is_linear=0
shrinkage=0.1


Tree=27
num_leaves=31
num_cat=0
split_feature=7 4 6 16 2 15 0 16 4 4 26 13 3 0 12 1 20 1 2 13 8 26 4 18 26 26 20 1 26 2
split_gain=269.871 182.738 138.491 334.932 194.391 172.667 131.045 149.962 150.959 126.775 124.825 133.286 121.633 187.815 170.295 155.028 151.486 248.624 154.486 144.107 223.033 185.174 136.046 194.053 132.197 125.169 187.546 118.635 194.594 115.515
threshold=0.72271147370338451 0.98685157299041759 1.0000000180025095e-35 0.066122770309448256 -0.13604505617114263 0.19735587388277057 -0.027642710134387013 0.019555250182747844 0.072617162019014372 0.22048421949148181 394.04655456542974 0.060290187597274787 0.64090400934219371 -0.047052979469299309 0.15723580867052081 0.070650786016459965 0.82058468461036693 0.070650786016459965 -0.13604505617114263 0.58586266636848461 0.74613162875175487 167.40383911132815 0.98685157299041759 0.37069971859455114 65.27469635009767 323.27096557617193 0.94167014956474315 0.011766311318164552 136.53020477294925 -1.0000000180025095e-35
decision_type=2 2 2 2 2 2 2 2 2 2 2 2 2 2 2 2 2 2 2 2 2 2 2 2 2 2 2 2 2 2
left_child=2 6 12 4 -4 -5 -2 10 -9 -10 11 -8 14 15 -1 24 22 18 -18 20 -16 -21 23 -15 -14 -19 -27 -6 -29 -24
right_child=1 -3 3 5 27 -7 7 8 9 -11 -12 -13 13 16 19 -17 17 25 -20 21 -22 -23 29 -25 -26 26 -28 28 -30 -31
leaf_value=3.5425400023106288e-05 -0.13985716361397257 0.025612890423073714 0.1956115030107044 0.020092440840250414 -0.018553171210498886 -0.054416353974392165 -0.034279506597192172 -0.020331167111345944 0.19844193771118071 0.018668686084357778 -0.088130778985214431 0.07201470135468839 0.0074356648924743286 -0.00039879796494875067 -0.020687170580428078 -0.1109961570877778 0.059347046250144822 -0.044413825118524097 -0.0075506918125959445 -0.032456902956040819 0.3189954717954 -0.1720520493964432 -0.11042629012800938 0.022031071906630902 -0.013736370885586458 -0.029683171429538302 -0.25013711753972745 0.010468683637240355 -0.1967861783844371 -0.015552882598844213
leaf_weight=77793476 96 837 42 3897 10428 338 2884 2535 41 907 420 123 3666 5227514 243 152 350 370 25146 234 21 160 201 3860 15082 70 86 85 97 355
leaf_count=77793476 96 837 42 3897 10428 338 2884 2535 41 907 420 123 3666 5227514 243 152 350 370 25146 234 21 160 201 3860 15082 70 86 85 97 355
internal_value=0 -0.0185488 1.75194e-06 -0.00964249 -0.0191002 0.0141458 -0.0238248 -0.0222128 -0.00760003 0.0264437 -0.0370643 -0.0299316 3.48027e-06 -0.000461128 3.49951e-05 -0.0104119 -0.00042536 -0.00803631 -0.00663234 -0.0508379 0.00633304 -0.0891453 -0.000387505 -0.000382248 -0.00959637 -0.0760888 -0.151215 -0.0199501 -0.0999913 -0.0498506
internal_weight=0 7843 8.30859e+07 14887 10652 4235 7006 6910 3483 948 3427 3007 8.3071e+07 5.27685e+06 7.77941e+07 18900 5.25795e+06 26022 25496 658 264 394 5.23193e+06 5.23137e+06 18748 526 156 10610 182 556
internal_count=83093716 7843 83085873 14887 10652 4235 7006 6910 3483 948 3427 3007 83070986 5276852 77794134 18900 5257952 26022 25496 658 264 394 5231930 5231374 18748 526 156 10610 182 556
is_linear=0
shrinkage=0.1


Tree=28
num_leaves=31
num_cat=0
split_feature=4 3 26 1 22 13 3 3 1 21 26 3 3 3 7 15 9 26 26 13 0 4 3 8 0 26 13 15 13 26
split_gain=226.351 159.936 137.522 119.858 113.084 114.441 142.995 225.484 138.729 138.6 141.286 118.334 185.987 117.306 112.93 131.46 120.994 110.471 108.434 106.865 106.619 116.227 106.037 129.99 118.919 105.499 104.189 102.459 173.068 191.821
threshold=0.80852606892585765 4.1433904170989999 614.63195800781261 0.00011787766154520002 1.0000000180025095e-35 0.60636949539184581 -0.2216365039348602 -0.1225450001657009 5.6660420142234267e-06 1.0000000180025095e-35 30.538149833679203 0.24876549839973452 0.13415650278329852 0.015909499488770965 0.81283089518547069 0.02984606567770243 0.99999997019767772 5.3191337585449228 175.89697265625003 0.51599514484405529 0.024501848965883258 0.021004183217883114 1.0630374550819399 0.07163399271667005 -0.046048661693930619 279.79098510742193 0.69244447350502025 0.036378823220729835 0.060290187597274787 201.59741973876956
decision_type=2 2 2 2 2 2 2 2 2 2 2 2 2 2 2 2 2 2 2 2 2 2 2 2 2 2 2 2 2 2
left_child=3 -2 14 4 17 6 -6 25 9 10 -9 12 13 -7 15 16 -3 -1 -13 -10 -19 -22 -5 24 -24 -8 -16 -12 -29 -30
right_child=1 2 -4 22 5 11 7 8 19 -11 27 18 -14 -15 26 -17 -18 20 -20 -21 21 -23 23 -25 -26 -27 -28 28 29 -31
leaf_value=-0.0013060778016388544 0.0057408712699078823 -0.019180790231566588 -0.096260402345414997 -0.00045788278253492342 -0.087443225766823757 -0.072838126877156489 0.12460515014827252 -0.046993831347360654 -0.056149275836211689 -0.13723654580237563 0.045032815169658506 0.28594540038279126 -0.2518307604486259 0.06666756314324572 -0.048473961717469288 0.057174433848261833 0.17606072197086178 2.0192751236696117e-05 -0.039404084458947185 0.17890363289486796 0.0051644191256208644 0.12088635387220259 -0.024346124223346324 0.054427263864112244 -0.0028915379027300305 0.39104114216954811 0.10930215889631317 0.056115578458859373 0.52249518364667891 0.12771078307414427
leaf_weight=630593 2354 3919 259 510891 99 168 42 153 245 43 1361 21 41 94 1571 250 32 81673093 20 21 36201 87 2613 393 228930 23 43 104 20 32
leaf_count=630593 2354 3919 259 510891 99 168 42 153 245 43 1361 21 41 94 1571 250 32 81673093 20 21 36201 87 2613 393 228930 23 43 104 20 32
internal_value=0 -0.0163873 -0.0249631 1.66124e-06 1.30691e-05 0.0213364 0.0299309 0.0356159 0.0295965 0.0400298 0.0445942 -0.0322045 -0.0537793 -0.0227865 -0.0217875 -0.0131497 -0.0175995 1.2425e-05 0.127238 -0.0375925 2.26006e-05 0.00544186 -0.0012629 -0.00303612 -0.00313366 0.218883 -0.0442705 0.0538315 0.130594 0.279551
internal_weight=0 8428 6074 8.30853e+07 8.23425e+07 2487 2143 2044 1979 1713 1670 344 303 262 5815 4201 3951 8.234e+07 41 266 8.17094e+07 36288 742827 231936 231543 65 1614 1517 156 52
internal_count=83093716 8428 6074 83085288 82342461 2487 2143 2044 1979 1713 1670 344 303 262 5815 4201 3951 82339974 41 266 81709381 36288 742827 231936 231543 65 1614 1517 156 52
is_linear=0
shrinkage=0.1


Tree=29
num_leaves=31
num_cat=0
split_feature=7 1 1 13 26 14 3 3 16 6 7 13 14 20 2 26 1 9 4 1 4 20 15 26 1 14 9 26 13 2
split_gain=200.593 155.518 272.234 198.575 143.287 167.24 137.777 116.313 129.149 277.868 166.04 179.171 159.925 139.092 127.102 127.359 127.923 212.374 149.951 139.423 123.14 120.8 289.117 161.727 141.236 246.898 171.399 157.191 153.808 116.385
threshold=0.58556854724884044 6.3589836407593299e-06 7.4126805337459454e-05 0.060290187597274787 552.19836425781261 0.011502557899802925 3.343134999275208 4.1433904170989999 0.066122770309448256 0.29005666077136999 0.012249965453520419 0.37126667797565466 0.38115081191062933 0.93326175212860119 -0.019336473726990048 47.610410690307624 0.00017566708744820003 0.30995082855224615 0.65088403224945079 1.2666905803989707e-06 0.51241087913513195 0.52729755640029918 0.077714972198009505 144.0261154174805 0.070650786016459965 0.024926848709583286 0.92614740133285534 333.03433227539068 0.0017797229811549189 0.0075731335057381008
decision_type=2 2 2 2 2 2 2 2 2 2 2 2 2 2 2 2 2 2 2 2 2 2 2 2 2 2 2 2 2 2
left_child=7 -2 -3 4 -4 6 -6 20 9 10 21 29 13 -10 -11 -16 19 18 -18 -17 -1 -9 24 -24 -23 26 28 -28 -26 -12
right_child=1 2 3 -5 5 -7 -8 8 12 14 11 -13 -14 -15 15 16 17 -19 -20 -21 -22 22 23 -25 25 -27 27 -29 -30 -31
leaf_value=5.5662409714968981e-06 -0.0048021191514566568 -0.062666670509097119 -0.0092461975228797719 0.085490808074457067 0.088589044237001383 0.15898354379903704 -0.18247299229975528 -0.0011651035529621166 0.015415825300428388 0.043679508230285762 -0.027444650493909196 -0.1808553773783953 -0.24466234799474479 -0.21220095775745534 0.00064110232718187529 -0.042660205840264406 -0.043913689513556564 0.074076829413442236 -0.12690354315519153 -0.0020163987184317477 0.029268866104421289 -0.0030830015601783405 -0.0042024361405926143 -0.11284116007199281 0.025906391906687337 -0.39873133542991823 -0.06917031998806572 -0.32230776093072366 -0.20171298175392782 0.079572238242429386
leaf_weight=82971050 6827 1526 1834 207 22 21 127 91636 4736 259 2461 74 24 27 1227 2178 458 95 415 1378 1438 4545 198 445 234 21 77 36 34 106
leaf_count=82971050 6827 1526 1834 207 22 21 127 91636 4736 259 2461 74 24 27 1227 2178 458 95 415 1378 1438 4545 198 445 234 21 77 36 34 106
internal_value=0 -0.0137789 -0.0301784 -0.00775549 -0.0173872 -0.105214 -0.14245 1.75231e-06 -0.00323807 -0.00396447 -0.00270773 -0.0274479 0.0128281 0.0141255 -0.0248474 -0.0279336 -0.0356836 -0.0679134 -0.0833648 -0.0269102 6.0734e-06 -0.0020357 -0.0163072 -0.0793879 -0.00810813 -0.0649221 -0.0465232 -0.149816 -0.00297069 -0.0230256
internal_weight=0 10564 3737 2211 2004 170 149 8.30832e+07 110664 105877 99867 2641 4787 4763 6010 5751 4524 968 873 3556 8.29725e+07 97226 5590 643 4947 402 381 113 268 2567
internal_count=83093716 10564 3737 2211 2004 170 149 83083152 110664 105877 99867 2641 4787 4763 6010 5751 4524 968 873 3556 82972488 97226 5590 643 4947 402 381 113 268 2567
is_linear=0
shrinkage=0.1


Tree=30
num_leaves=31
num_cat=0
split_feature=7 1 1 13 0 17 3 2 26 0 4 1 0 2 4 8 15 16 4 19 2 9 18 4 1 1 15 15 5 26
split_gain=165.993 193.25 204.176 117.774 108.707 107.552 199.047 116.573 104.3 126.713 101.969 101.949 99.9403 98.5591 146.889 121.731 120.653 129.27 118.901 234.371 133.808 125.372 155.323 271.629 184.89 125.135 122.025 118.635 114.93 118.325
threshold=0.26424887776374822 7.5648036044634752e-06 7.4126805337459454e-05 0.054830383509397514 -0.075873900204896913 0.57706825435161602 3.7290139198303227 0.0007826589521061502 115.07026672363283 -0.0010669850744307039 0.98685157299041759 0.00025506191624340006 -0.089349348098039613 -0.0022398011501233999 0.62018048763275158 0.74613162875175487 0.0065626760479062804 0.89584308862686168 0.27964606881141668 0.61783882975578319 -0.13604505617114263 0.39351110160350805 0.21915384382009509 0.48933163285255438 0.070650786016459965 0.014622739945749553 0.0023713601985946302 0.3780872523784638 1.0000000180025095e-35 35.285516738891609
decision_type=2 2 2 2 2 2 2 2 2 2 2 2 2 2 2 2 2 2 2 2 2 2 2 2 2 2 2 2 2 2
left_child=5 4 8 10 -2 13 12 -8 -3 -10 -4 -5 -7 14 15 18 17 -16 -1 21 -21 22 27 24 25 -24 -26 -20 -15 -30
right_child=1 2 3 11 -6 6 7 -9 9 -11 -12 -13 -14 28 16 -17 -18 -19 19 20 -22 -23 23 -25 26 -27 -28 -29 29 -31
leaf_value=-0.0014214862445768998 -0.17283466853000023 -0.020945170178695991 -0.019949337298325268 0.0092428160526101932 -0.001110996776284781 -0.12138982455382186 -0.30971305305371066 -0.034445466101169588 0.15728358599543571 -0.069946600485685101 0.069741242743012577 0.12160125275974912 -0.0087760084012738528 1.0720768315512085e-05 -0.011525127103992385 -0.16957725657280101 -0.067358050554777671 -0.22776772874806608 -0.0099034256654340781 -0.076005193064718146 0.18677970849780171 0.16352192698805423 0.045779511305902687 -0.030892092721295956 0.10909577939272957 0.29807112354672322 -0.027184795937731421 -0.23953577668770501 0.065973494963799714 -0.0539344357759882
leaf_weight=446007 37 839 3192 283 9994 89 40 25 25 1336 132 113 688 82625479 2180 43 531 28 1031 23 123 54 28 263 188 66 101 23 94 661
leaf_count=446007 37 839 3192 283 9994 89 40 25 25 1336 132 113 688 82625479 2180 43 531 28 1031 23 123 54 28 263 188 66 101 23 94 661
internal_value=0 -0.0102002 -0.0245279 -0.0102462 -0.00174441 1.95774e-06 -0.0357378 -0.203841 -0.0486771 -0.0657726 -0.0163876 0.0413047 -0.0216751 2.31997e-06 -0.00147246 -0.0013313 -0.0245598 -0.0142673 -0.00131514 0.0236476 0.145382 0.0135146 0.0087497 0.0473595 0.101094 0.22292 0.0614683 -0.0149144 1.03643e-05 -0.0390055
internal_weight=0 15951 5920 3720 10031 8.30778e+07 842 65 2200 1361 3324 396 777 8.30769e+07 450689 447950 2739 2208 447907 1900 146 1754 1700 646 383 94 289 1054 8.26262e+07 755
internal_count=83093716 15951 5920 3720 10031 83077765 842 65 2200 1361 3324 396 777 83076923 450689 447950 2739 2208 447907 1900 146 1754 1700 646 383 94 289 1054 82626234 755
is_linear=0
shrinkage=0.1


Tree=31
num_leaves=31
num_cat=0
split_feature=7 4 16 6 7 26 0 1 1 3 2 0 26 2 3 26 4 4 0 10 2 1 2 6 1 9 13 20 26 1
split_gain=144.002 161.572 113.639 247.974 159.563 121.223 110.204 117.172 149.316 113.457 110.081 108.806 106.142 102.252 101.817 104.809 100.514 138.002 146.4 127.636 124.08 113.095 111.946 201.137 129.206 152.474 238.004 124.765 110.077 108.473
threshold=0.81283089518547069 0.98685157299041759 0.13225658982992175 0.31070631742477423 0.098755661398172392 55.442037582397468 0.01454243063926697 2.3618336654080494e-05 5.8739640547442292e-05 0.015909499488770965 -0.019336473726990048 -0.035956382751464837 47.610410690307624 -0.0020093086143538499 0.52048450708389293 245.86995697021487 0.27964606881141668 0.98685157299041759 -0.048567943274974816 0.22492027282714847 -1.0000000180025095e-35 0.0039542978823803006 -0.058934122107042346 1.0000000180025095e-35 0.070650786016459965 0.39351110160350805 0.009611194487661125 0.24840288609266284 296.42016601562506 0.0004328880914582001
decision_type=2 2 2 2 2 2 2 2 2 2 2 2 2 2 2 2 2 2 2 2 2 2 2 2 2 2 2 2 2 2
left_child=2 11 3 4 16 -6 7 -7 9 -9 -5 -2 -12 -3 15 -15 21 18 28 -20 -19 -1 24 -24 -23 -26 -27 -25 -18 -22
right_child=1 13 -4 10 5 6 -8 8 -10 -11 12 -13 -14 14 -16 -17 17 20 19 -21 29 22 23 27 25 26 -28 -29 -30 -31
leaf_value=4.1128159844654219e-06 -0.14156187484661739 0.16864661412670257 0.011842231822343556 0.042187896797715299 0.01028671278968285 -0.0070586234871975739 -0.24913803470276652 -0.25444300297456673 -0.025623020865439012 -0.074390816680071026 0.0028768969755474131 -0.020238494382055994 -0.030010286013639781 0.053537993247692407 0.0019303590719773262 0.28471114599704744 -0.14541152691468598 -0.095074259309660444 0.018144182220697649 0.22845007258242578 -0.019634847157815501 0.009330557551350321 -0.0095431581169295853 -0.066103838001274395 -0.0057544751538438953 -0.027083701677362466 -0.19612701666964727 -0.29745676036219337 0.043047854459702807 0.14259109263645206
leaf_weight=83026755 75 47 8104 271 1612 3392 21 39 2519 341 1247 5134 4607 91 674 25 95 212 5904 29 335 7715 20922 63 2904 343 110 37 46 47
leaf_count=83026755 75 47 8104 271 1612 3392 21 39 2519 341 1247 5134 4607 91 674 25 95 212 5904 29 335 7715 20922 63 2904 343 110 37 46 47
internal_value=0 -0.0154324 1.12218e-06 -3.28572e-08 1.45061e-06 -0.0141882 -0.0204388 -0.0196754 -0.0344377 -0.0928699 -0.0201203 -0.0219853 -0.0230048 0.0253491 0.0168238 0.10336 2.80423e-06 0.01228 0.0167788 0.0191721 -0.0337233 1.81861e-06 -0.00593325 -0.0102194 0.00220471 -0.0141718 -0.0681317 -0.151704 -0.0839283 0.000324889
internal_weight=0 6046 8.30877e+07 8.30796e+07 8.30734e+07 7924 6312 6291 2899 380 6125 5209 5854 837 790 116 8.30655e+07 6668 6074 5933 594 8.30588e+07 32094 21022 11072 3357 453 100 141 382
internal_count=83093716 6046 83087670 83079566 83073441 7924 6312 6291 2899 380 6125 5209 5854 837 790 116 83065517 6668 6074 5933 594 83058849 32094 21022 11072 3357 453 100 141 382
is_linear=0
shrinkage=0.1


Tree=32
num_leaves=31
num_cat=0
split_feature=4 3 26 7 0 3 0 12 13 17 3 16 26 20 1 2 1 26 15 20 9 6 22 3 3 14 3 13 21 8
split_gain=117.938 129.043 99.8206 99.0625 96.3326 100.129 146.094 142.252 138.184 103.343 279.779 100.461 99.9753 97.3153 107.388 126.901 118.594 109.722 134.422 134.243 178.64 94.3049 92.9946 237.754 135.977 275.793 100.882 123.311 100.53 96.1504
threshold=0.82193505764007579 4.1433904170989999 614.63195800781261 0.98685157299041759 0.031413367018103606 0.62708550691604625 -0.0049581765197217456 1.0000000180025095e-35 0.97636666893959057 1.0000000180025095e-35 3.7290139198303227 0.93541446328163158 123.84985351562501 0.77479118108749401 0.070650786016459965 -0.13604505617114263 0.0074286826741851008 195.05030059814456 0.33198542892932897 0.99852940440177929 0.99999997019767772 0.044226281344890601 1.0000000180025095e-35 0.53070998191833507 0.078506000339984908 0.90142375230789196 0.24876549839973452 0.87723731994628917 1.0000000180025095e-35 0.74613162875175487
decision_type=2 2 2 2 2 2 2 2 2 2 2 2 2 2 2 2 2 2 2 2 2 2 2 2 2 2 2 2 2 2
left_child=4 -2 -3 -4 5 7 9 11 -9 -7 -11 22 -10 -8 15 -15 -17 -16 19 -19 -21 -6 -1 24 28 26 -26 -28 29 -24
right_child=1 2 3 -5 21 6 13 8 12 10 -12 -13 -14 14 17 16 -18 18 -20 20 -22 -23 23 -25 25 -27 27 -29 -30 -31
leaf_value=2.8179451835451289e-05 0.008174615269128039 -0.017325515310014084 -0.10266891005406856 0.12460866868495941 0.0054103970073595799 -0.0042022174951655122 -0.00031819098411609665 -0.023407508459848299 -0.030779072046279912 -0.030281522727213541 -0.33612426407635215 -0.08236000533561802 -0.27359544734160107 0.049618056677050201 -0.0087587357854379197 -0.0045796643918244442 -0.035765101715785397 -0.041605325089767581 -0.33171104423024439 -0.44313623823580289 -0.025539662837982181 0.22262602075934412 0.040443804910169849 0.24264282156178296 -0.086688750442710127 0.33019329711794854 -0.021624285582902619 0.23245130926370622 -0.13542585651818159 -0.026663714099483895
leaf_weight=77661437 2247 5506 221 21 31264 87520 5270613 1558 30 458 32 148 39 417 326 27982 1275 210 22 21 20 20 1535 47 275 20 145 22 37 248
leaf_count=77661437 2247 5506 221 21 31264 87520 5270613 1558 30 458 32 148 39 417 326 27982 1275 210 22 21 20 20 1535 47 275 20 145 22 37 248
internal_value=0 -0.012145 -0.0200883 -0.0829465 1.16968e-06 -9.20111e-07 -0.000417753 2.80023e-05 -0.0295406 -0.00445862 -0.0502549 2.86217e-05 -0.168023 -0.000350663 -0.00600419 -0.00515798 -0.0059387 -0.0479245 -0.0946938 -0.0739194 -0.239431 0.00554926 2.87787e-05 0.0200107 0.0154254 -0.0330241 -0.0494593 0.0118468 0.0277241 0.0311097
internal_weight=0 7995 5748 242 8.30857e+07 8.30544e+07 5.3889e+06 7.76655e+07 1627 88010 490 7.76639e+07 69 5.30089e+06 30273 29674 29257 599 273 251 41 31284 7.76638e+07 2329 2282 462 442 167 1820 1783
internal_count=83093716 7995 5748 242 83085721 83054437 5388896 77665541 1627 88010 490 77663914 69 5300886 30273 29674 29257 599 273 251 41 31284 77663766 2329 2282 462 442 167 1820 1783
is_linear=0
shrinkage=0.1


Tree=33
num_leaves=31
num_cat=0
split_feature=7 4 16 6 7 13 26 20 1 4 10 4 0 15 4 15 26 2 15 2 26 2 19 2 26 1 26 0 9 19
split_gain=110.032 112.103 99.0983 184.915 113.061 110.715 97.7372 93.964 92.7965 91.3597 109.442 101.511 115.035 105.341 184.77 168.184 126.253 100.867 98.1142 118.144 100.174 141.256 125.557 94.1885 91.3758 91.0851 90.57 88.5725 113.266 88.2619
threshold=0.72271147370338451 0.98685157299041759 0.13225658982992175 0.31070631742477423 0.098755661398172392 0.52838325500488292 449.00379943847662 0.93326175212860119 0.00050419136834635003 0.27964606881141668 0.22492027282714847 0.98685157299041759 -0.048567943274974816 0.0065626760479062804 0.68211069703102123 0.20530420541763308 689.37832641601574 -1.0000000180025095e-35 0.017359019257128242 -0.13604505617114263 353.12794494628912 -0.049488690185407844 0.7019123136997224 -0.00094240578005334993 3.4479532241821294 0.029216446485834453 15.923797130584719 0.087758697569370284 0.96917337179183971 0.61783882975578319
decision_type=2 2 2 2 2 2 2 2 2 2 2 2 2 2 2 2 2 2 2 2 2 2 2 2 2 2 2 2 2 2
left_child=2 6 3 4 9 -6 -2 -4 -8 24 11 12 25 -14 18 16 -16 -13 29 -20 21 -21 23 -22 -1 -11 -5 -26 -29 -15
right_child=1 -3 7 26 5 -7 8 -9 -10 10 -12 17 13 14 15 -17 -18 -19 19 20 22 -23 -24 -25 27 -27 -28 28 -30 -31
leaf_value=-0.0016913938948367197 -0.011732642084053748 0.022745210085315364 0.012334196829979133 0.031386216219082767 -0.011690308139434764 -0.15815865417512565 -0.040067632635373295 -0.16500628689924879 -0.18076212109625342 -0.025709552373917938 0.20554903176581038 -0.083901311043333621 0.024785944987850247 -0.021660243085300266 -0.027367120643627563 -0.28332015013900297 -0.27157611183144831 0.0021123802581928786 -0.028379954368851726 0.19313784591280497 -0.092601297866730464 0.053489610630048201 -0.11065435437620551 0.16387958430581623 7.1944287826954425e-06 -0.20685309508423272 -0.020456583938914887 0.011892640292433662 0.16469195008049817 -0.24522453319458737
leaf_weight=317622 6205 837 7322 358 6854 52 751 30 50 103 29 212 4369 111 561 29 22 382 210 91 21 355 69 45 82736297 38 5740 4881 49 21
leaf_count=317622 6205 837 7322 358 6854 52 751 30 50 103 29 212 4369 111 561 29 22 382 210 91 21 355 69 45 82736297 38 5740 4881 49 21
internal_value=0 -0.011844 1.11962e-06 9.22469e-08 1.37047e-06 -0.0127932 -0.0159763 0.0116106 -0.0488501 2.4342e-06 0.0117072 0.0108605 0.0147366 0.0168684 -0.00566681 -0.0482744 -0.0365826 -0.0285861 0.0225844 0.0359031 0.059138 0.0819829 -0.0163348 0.082272 1.49454e-06 -0.0745284 -0.017413 7.99309e-06 0.0134113 -0.0572273
internal_weight=0 7843 8.30859e+07 8.30785e+07 8.30724e+07 6906 7006 7352 801 8.30655e+07 6668 6639 6045 5904 1535 612 583 594 923 791 581 446 135 66 8.30588e+07 141 6098 8.27412e+07 4930 132
internal_count=83093716 7843 83085873 83078521 83072423 6906 7006 7352 801 83065517 6668 6639 6045 5904 1535 612 583 594 923 791 581 446 135 66 83058849 141 6098 82741227 4930 132
is_linear=0
shrinkage=0.1


Tree=34
num_leaves=31
num_cat=0
split_feature=3 4 8 16 14 26 4 1 9 9 20 15 19 13 14 1 20 26 2 8 20 9 15 19 1 9 2 26 4 2
split_gain=102.068 124.074 135.253 96.606 136.203 99.6887 204.937 168.718 237.791 135.349 156.955 116.207 219.923 261.004 195.636 135.57 127.398 122.358 121.571 118.145 117.553 112.667 104.282 145.455 126.517 138.018 136.958 103.209 144.803 99.764
threshold=4.1433904170989999 0.82193505764007579 0.46194367110729223 0.066122770309448256 0.38115081191062933 118.47588348388673 0.021004183217883114 0.070650786016459965 0.10814816877245904 0.25023169815540319 0.95064401626586925 0.036378823220729835 0.7019123136997224 0.041214259341359145 0.0043829001951962718 0.00066844576584345011 0.18512071669101718 253.69451904296878 -0.13604505617114263 0.07163399271667005 0.35723876953125006 0.8930654525756837 0.00066440823138691496 0.7019123136997224 0.029216446485834453 0.086834520101547255 0.017341762829063405 210.62327575683597 0.68211069703102123 -0.058934122107042346
decision_type=2 2 2 2 2 2 2 2 2 2 2 2 2 2 2 2 2 2 2 2 2 2 2 2 2 2 2 2 2 2
left_child=-1 2 3 5 -5 -2 7 -7 -9 -10 21 16 13 14 17 -15 19 -13 -14 22 -18 -11 23 27 25 26 -24 -8 -29 -25
right_child=1 -3 -4 4 -6 6 11 8 9 10 -12 12 18 15 -16 -17 20 -19 -20 -21 -22 -23 24 29 -26 -27 -28 28 -30 -31
leaf_value=4.1353514828322524e-06 0.001288548496620879 -0.017291855915115846 0.09267198459338398 0.01055821939506099 -0.24454302791328658 -0.0027286178129575537 -0.0041398944255761662 0.028782722132630868 -0.34162447818595432 -0.07274352304968569 -0.20815521004664547 0.016952258430039443 -0.22118471056736749 -0.052214493062247791 -0.12840078114317013 0.065494093522429464 -0.28409086028113961 0.083354887963249094 -0.049881767368522185 0.099603396009555784 -0.072063000617757236 0.15518634223456806 -0.028729628139243981 -0.014548787782059133 -0.14272028408106757 -0.24512969232164325 -0.27552606302273014 -0.046859426626647042 0.0072539428822828217 0.11812978054337678
leaf_weight=82978157 34694 5748 150 6248 21 59680 1762 202 23 225 85 556 58 656 65 115 32 554 145 76 143 24 1006 103 137 32 23 2235 635 126
leaf_count=82978157 34694 5748 150 6248 21 59680 1762 202 23 225 85 556 58 656 65 115 32 554 145 76 143 24 1006 103 137 32 23 2235 635 126
internal_value=0 -0.0029699 -0.00222022 -0.00235002 0.00970368 -0.00308088 -0.00528753 -0.00324081 -0.0579236 -0.106984 -0.0908264 -0.0198628 0.000221292 0.0105535 0.0402196 -0.0346574 -0.0267029 0.0500938 -0.0988255 -0.0243031 -0.110834 -0.0507744 -0.0258573 -0.0193444 -0.0522838 -0.0406063 -0.034246 -0.0231906 -0.0348866 0.0584534
internal_weight=0 115559 109811 109661 6269 103392 68698 60239 559 357 334 8459 2149 1946 1175 771 6310 1110 203 6135 175 249 6059 4861 1198 1061 1029 4632 2870 229
internal_count=83093716 115559 109811 109661 6269 103392 68698 60239 559 357 334 8459 2149 1946 1175 771 6310 1110 203 6135 175 249 6059 4861 1198 1061 1029 4632 2870 229
is_linear=0
shrinkage=0.1


Tree=35
num_leaves=31
num_cat=0
split_feature=7 4 0 2 16 4 2 3 26 16 0 17 2 10 3 4 4 22 26 26 13 13 2 13 20 0 6 3 12 26
split_gain=88.8291 107.914 90.5906 85.0233 82.4809 87.7508 115.707 80.8162 99.938 89.815 80.0746 117.173 79.572 76.6566 85.7895 83.8383 76.2508 75.8099 119.987 78.5732 75.1177 127.422 92.23 87.5759 74.6371 74.5767 94.0614 78.5768 115.247 120.883
threshold=0.81283089518547069 0.98685157299041759 -0.027642710134387013 -0.0020093086143538499 0.0063950831536203631 0.072617162019014372 0.0026143326242449505 3.343134999275208 264.32841491699224 1.0000000180025095e-35 -0.19027723371982572 1.0000000180025095e-35 -0.13604505617114263 0.90908744931221019 -1.0000000180025095e-35 0.65088403224945079 0.22048421949148181 0.96153518557548534 422.63499450683599 28.343158721923832 0.066720958799123778 0.011947933584451677 -0.0012889602343956997 0.031204333528876308 0.86856701970100414 0.023515846580266956 0.067786492407321944 0.62708550691604625 1.0000000180025095e-35 109.92773056030275
decision_type=2 2 2 2 2 2 2 2 2 2 2 2 2 2 2 2 2 2 2 2 2 2 2 2 2 2 2 2 2 2
left_child=10 2 -2 -3 13 -6 16 8 -5 -9 11 12 -1 14 -4 -16 -7 25 19 -19 21 22 -17 -23 -24 27 -27 28 -12 -30
right_child=1 3 4 7 5 6 -8 9 -10 -11 17 -13 -14 -15 15 20 -18 18 -20 -21 -22 23 24 -25 -26 26 -28 -29 29 -31
leaf_value=-0.12351226072306887 -0.11986650316291214 0.15187650107372397 -0.15586320026605219 0.035764034706390585 -0.015384264083825408 0.17304885875847606 -0.18353323265910149 0.0014690896745511814 0.25605934099717576 -0.13954358165170633 2.5048562111197654e-05 -0.15843895665859267 -0.011895771853139558 0.15625630505383015 0.036964662263854225 -0.07875322630564309 0.023986385164096284 -0.070521498908118541 0.12736889880319888 0.027837625074891559 0.05926355578184847 -0.18440478846747826 -0.015051944653906767 -0.048261131048202517 -0.13270279991307429 0.0039783880809320668 0.16797834020107985 -0.00037065254261079708 0.010969828456290999 -0.046387294518763798
leaf_weight=66 85 47 54 322 1973 36 26 395 22 51 77657688 59 1980 22 181 317 734 93 110 641 83 94 1453 95 56 44150 35 5381222 561 1065
leaf_count=66 85 47 54 322 1973 36 26 395 22 51 77657688 59 1980 22 181 317 734 93 110 641 83 94 1453 95 56 44150 35 5381222 561 1065
internal_value=0 -0.0121207 -0.0174761 0.021208 -0.0157776 -0.00407701 0.0239496 0.013434 0.0498527 -0.0146557 8.80626e-07 -0.0195028 -0.0154963 -0.029535 -0.031287 -0.0283352 0.0309555 1.37476e-06 0.0299716 0.0153752 -0.0339688 -0.0378092 -0.0297188 -0.115973 -0.019418 1.07031e-06 0.0041083 -1.1151e-06 2.44911e-05 -0.026598
internal_weight=0 6046 5209 837 5124 2769 796 790 344 446 8.30877e+07 2105 2046 2355 2333 2279 770 8.30856e+07 844 734 2098 2015 1826 189 1509 8.30847e+07 44185 8.30405e+07 7.76593e+07 1626
internal_count=83093716 6046 5209 837 5124 2769 796 790 344 446 83087670 2105 2046 2355 2333 2279 770 83085565 844 734 2098 2015 1826 189 1509 83084721 44185 83040536 77659314 1626
is_linear=0
shrinkage=0.1


Tree=36
num_leaves=31
num_cat=0
split_feature=17 10 3 0 0 0 3 4 8 9 13 18 0 26 1 20 0 15 15 1 13 9 9 26 2 2 13 16 15 1
split_gain=79.2111 273.419 204.605 136.648 95.8324 87.6848 78.2147 90.9418 109.546 91.5088 83.1564 83.4232 97.4554 82.3426 128.667 80.1368 177.791 157.858 109.181 108.486 219.24 82.7438 80.9021 84.8065 77.1441 86.5001 77.1408 76.8575 133.111 80.735
threshold=1.0000000180025095e-35 0.12400152161717416 3.343134999275208 0.0028101481730118398 -0.15790642052888867 -0.051950640976428979 4.1433904170989999 0.82193505764007579 0.46194367110729223 0.99999997019767772 0.96344175934791576 0.79550775885581981 0.007995928172022106 277.12652587890631 0.0039542978823803006 0.64979323744773876 -0.055982585996389382 0.094903208315372481 0.17258822917938235 0.0074286826741851008 0.1670627444982529 0.52569144964218151 0.99999997019767772 182.42417144775393 -0.015957623089464145 -0.081241258522397927 0.014511157758533956 0.0063950831536203631 0.027418841607868675 1.2666905803989707e-06
decision_type=2 2 2 2 2 2 2 2 2 2 2 2 2 2 2 2 2 2 2 2 2 2 2 2 2 2 2 2 2 2
left_child=6 2 -2 4 -4 -6 -1 8 15 10 11 12 13 -9 27 -8 -17 22 21 -20 -21 -19 -18 -24 25 -16 -10 29 -29 -15
right_child=1 -3 3 -5 5 -7 7 9 26 -11 -12 -13 -14 14 24 16 17 18 19 20 -22 -23 23 -25 -26 -27 -28 28 -30 -31
leaf_value=4.1623646574030972e-06 -0.0015289951320336444 -0.33411464492479959 -0.23130887265388786 -0.18335904255509378 0.17110695829614997 -0.045602186494490327 -0.0014920640269199031 -0.016318182207516675 0.055313801767949304 0.12717927225761944 0.11941630530688499 0.0069261159267127691 0.13025996299778544 -0.10007414720701546 0.052884756495703511 -0.24594689720507823 -0.0034402735960922673 -0.21546710119308796 0.0043101529197822393 0.022358109950259025 -0.28516427759419788 -0.075386373224450062 -0.019973100410548575 -0.14245168901113578 0.15351700091903861 -0.1620099859742018 0.26627417594194414 -0.03261879085691112 0.21887078521152339 -0.039476424144907589
leaf_weight=82975602 2117 27 26 95 20 281 104789 3248 130 45 45 1154 41 459 67 33 4070 68 237 49 44 111 165 86 44 26 20 171 24 422
leaf_count=82975602 2117 27 26 95 20 281 104789 3248 130 45 45 1154 41 459 67 33 4070 68 237 49 44 111 165 86 44 26 20 171 24 422
internal_value=0 -0.0175694 -0.0142033 -0.0777849 -0.0471135 -0.0312029 5.41829e-07 -0.00259938 -0.00195761 -0.0148631 -0.0159843 -0.0170616 -0.0232104 -0.0246209 -0.0468526 -0.00207444 -0.0146236 -0.0130431 -0.0657167 -0.0316066 -0.123136 -0.128601 -0.00683831 -0.0619379 0.0444217 -0.00719334 0.0834419 -0.058474 -0.00166623 -0.0710478
internal_weight=0 2566 2539 422 327 301 8.30912e+07 115548 109802 5746 5701 5656 4502 4461 1213 109652 4863 4830 509 330 93 179 4321 251 137 93 150 1076 195 881
internal_count=83093716 2566 2539 422 327 301 83091150 115548 109802 5746 5701 5656 4502 4461 1213 109652 4863 4830 509 330 93 179 4321 251 137 93 150 1076 195 881
is_linear=0
shrinkage=0.1


Tree=37
num_leaves=31
num_cat=0
split_feature=1 6 2 2 2 26 0 14 3 3 3 3 1 16 26 15 4 0 18 3 3 2 26 2 1 14 7 1 26 1
split_gain=74.0976 100.152 118.592 86.6851 87.0361 77.7191 82.67 101.913 214.464 108.051 89.0197 85.8775 76.1775 72.9849 83.3515 123.972 81.6215 71.2059 92.7661 173.121 181.061 136.133 104.943 71.3094 83.8441 75.4559 67.351 170.898 151.758 152.36
threshold=0.00011787766154520002 0.52134644985198986 -0.008747229335895149 -1.0000000180025095e-35 -0.00037245852377104991 3.4479532241821294 0.19705608487129214 0.005693660583347083 1.2253984808921816 1.6206545233726504 2.2194035053253178 2.2194035053253178 0.00093380336056365009 0.33388794958591467 79.769374847412124 0.046776629984378822 0.62018048763275158 -0.068669687956571565 0.016976296901702884 2.9375464916229252 2.5028109550476079 -0.0038985490211725995 26.044394493103031 -0.13604505617114263 0.0011448066418240502 0.80809500813484203 0.58556854724884044 8.1491879270779327e-06 517.29415893554699 3.4737169443349844e-05
decision_type=2 2 2 2 2 2 2 2 2 2 2 2 2 2 2 2 2 2 2 2 2 2 2 2 2 2 2 2 2 2
left_child=5 17 12 4 13 -1 26 8 -8 -10 -9 -11 -3 14 -4 16 -16 18 19 20 -2 23 -20 -22 -25 -26 -7 -28 29 -29
right_child=1 2 3 -5 -6 6 7 10 9 11 -12 -13 -14 -15 15 -17 -18 -19 22 -21 21 -23 -24 24 25 -27 27 28 -30 -31
leaf_value=-0.0015554267550836687 -0.011541617711723436 0.057495108170180831 -0.019865197541561269 0.0080274136105448392 -0.23130373816038002 1.5679118412104446e-05 -0.028418379474212142 0.022056637885901384 0.28066079106980135 0.0022978176567249181 -0.14512257605791093 0.23462414959302316 -0.020424287065732842 0.0070521378539768172 -0.023906158067357658 0.012637768781194129 -0.14909591271492248 -0.00088021228292366194 0.083392052575945855 0.073684349487329909 0.021977006111826219 0.059965650884336558 -0.12183936889707841 -0.11211230934104499 -0.18531298262900431 -0.42528129190206532 -0.0015531252687370613 -0.13015383672018563 -0.12927139062982101 -0.018214117246342115
leaf_weight=316341 2143 220 217 233 29 82022855 85 354 56 41 35 26 292 153 65 83 262 740907 30 215 21 38 147 85 38 20 6892 132 159 1542
leaf_count=316341 2143 220 217 233 29 82022855 85 354 56 41 35 26 292 153 65 83 262 740907 30 215 21 38 147 85 38 20 6892 132 159 1542
internal_value=0 -0.000992682 -0.0263528 -0.0457172 -0.0611961 8.98256e-06 1.50154e-05 0.0372272 0.0937302 0.178142 0.00701481 0.0924543 0.0130567 -0.0548716 -0.0699822 -0.0965075 -0.124211 -0.000939687 -0.0170395 -0.0121986 -0.0200727 -0.110578 -0.0870544 -0.150095 -0.175364 -0.268061 1.47446e-05 -0.00877075 -0.0359087 -0.0270409
internal_weight=0 745198 1554 1042 809 8.23485e+07 8.20322e+07 597 208 123 389 67 512 780 627 410 327 743644 2737 2560 2345 202 177 164 143 58 8.20316e+07 8725 1833 1674
internal_count=83093716 745198 1554 1042 809 82348518 82032177 597 208 123 389 67 512 780 627 410 327 743644 2737 2560 2345 202 177 164 143 58 82031580 8725 1833 1674
is_linear=0
shrinkage=0.1


Tree=38
num_leaves=31
num_cat=0
split_feature=0 26 4 0 3 1 0 3 4 7 3 3 14 14 3 3 14 14 3 3 15 2 26 3 15 3 1 1 1 22
split_gain=70.1775 91.6771 106.619 103.811 111.581 89.1656 238.756 113.291 214.655 84.3331 79.8505 87.3229 101.002 76.0835 119.262 166.12 256.37 109.599 160.855 114.93 86.2276 78.756 76.0306 75.1566 74.2812 123.153 70.021 237.218 68.3717 63.4339
threshold=-0.00042664555076044047 68.13877105712892 0.98685157299041759 -0.11629043892025946 0.89643099904060375 0.070650786016459965 -0.048567943274974816 2.9375464916229252 0.31070631742477423 0.81283089518547069 0.75289899110794078 0.4713869988918305 0.99078932404518139 0.76542666554451 2.9375464916229252 2.5028109550476079 0.88970136642456066 0.0016890290426090362 1.1838999986648562 1.0986645221710207 0.0052489330992102632 -0.015957623089464145 573.91049194335949 -0.73734748363494862 0.014089099131524565 1.9652274847030642 0.00021880788508005003 0.00025506191624340006 5.7752248042506218e-06 1.0000000180025095e-35
decision_type=2 2 2 2 2 2 2 2 2 2 2 2 2 2 2 2 2 2 2 2 2 2 2 2 2 2 2 2 2 2
left_child=1 -1 3 4 10 23 -7 -8 -9 13 11 -3 -13 17 15 24 22 18 19 -6 -20 -19 -17 -5 -15 -26 -23 -28 -21 -2
right_child=29 2 -4 5 9 6 7 8 -10 -11 -12 12 -14 14 -16 16 -18 21 20 28 -22 26 -24 -25 25 -27 27 -29 -30 -31
leaf_value=0.0029675760389145638 3.5892202239652822e-06 0.013340407177869638 0.13008210437993209 -0.1186704419486757 -0.054007122808590879 -0.090239260881616365 0.056405711108042544 0.49681338849275014 0.084514502422618015 -0.22090507706870205 0.058241988285086477 -0.031944815503160189 -0.23037042343722924 -0.032056309333141471 0.15726502815447749 -0.4770640416691701 0.011293027978954893 0.11201725788414479 -0.0093547574378359723 -0.3434344994225379 -0.089686750005986776 0.0048048499388138148 -0.2196951397419484 -0.0027969732766621649 -0.0084013315480808894 -0.24258683457019484 -0.39124862341210248 0.0033072677615564317 -0.14895949435109895 0.015841324366597364
leaf_weight=29521 82928431 716 60 56 86 57 48 23 28 23 234 306 28 503 25 24 33 63 685 29 166 906 22 128892 43 47 20 64 48 2529
leaf_count=29521 82928431 716 60 56 86 57 48 23 28 23 234 306 28 503 25 24 33 63 685 29 166 906 22 128892 43 47 20 64 48 2529
internal_value=0 -0.00207446 -0.00319162 -0.00325167 -0.0189744 -0.00275589 0.072801 0.166673 0.270453 -0.0302116 0.00541657 -0.00635596 -0.0485793 -0.0286248 -0.0571961 -0.0651746 -0.201394 -0.0189905 -0.0424559 -0.133462 -0.0250247 0.00360586 -0.353975 -0.0028473 -0.0470273 -0.130698 -0.00329304 -0.0906346 -0.222203 4.0722e-06
internal_weight=0 162756 133235 133175 4071 129104 156 99 51 2787 1284 1050 334 2764 697 672 79 2067 1014 163 851 1053 46 128948 593 90 990 84 77 8.2931e+07
internal_count=83093716 162756 133235 133175 4071 129104 156 99 51 2787 1284 1050 334 2764 697 672 79 2067 1014 163 851 1053 46 128948 593 90 990 84 77 82930960
is_linear=0
shrinkage=0.1


Tree=39
num_leaves=31
num_cat=0
split_feature=3 0 20 20 9 2 20 3 26 0 3 14 26 1 3 1 20 26 1 26 1 15 20 3 3 14 3 15 14 20
split_gain=63.8343 148.275 117.96 104.392 156.17 267.775 157.809 247.976 104.104 96.5984 104.665 269.75 115.995 91.7528 87.8086 280.723 483.253 518.66 173.611 84.189 81.7329 149.976 120.508 76.8046 94.4991 153.037 242.885 202.498 258.922 86.4312
threshold=1.6206545233726504 -0.075873900204896913 0.99589058756828319 0.71420341730117809 0.19026243686676028 -0.13604505617114263 0.99999997019767772 2.5028109550476079 47.610410690307624 0.067458502948284163 1.4925720095634463 0.26724319159984594 76.842178344726577 6.0782147360469059e-06 2.5028109550476079 0.011766311318164552 0.82344812154769909 245.86995697021487 4.0531073169965098e-05 390.12046813964849 0.0074286826741851008 0.021033662371337417 0.93326175212860119 1.7505649924278261 2.5028109550476079 0.73385402560234081 2.9375464916229252 0.042126815766096122 0.91090703010559093 0.045707475394010551
decision_type=2 2 2 2 2 2 2 2 2 2 2 2 2 2 2 2 2 2 2 2 2 2 2 2 2 2 2 2 2 2
left_child=9 2 8 -3 5 6 -5 -8 -2 -1 -11 12 -12 -14 15 -7 17 -17 -16 -19 -6 -22 -23 -10 -25 29 27 28 -27 -26
right_child=1 3 -4 4 20 14 7 -9 23 10 11 -13 13 -15 18 16 -18 19 -20 -21 21 22 -24 24 25 26 -28 -29 -30 -31
leaf_value=1.1145435429740259e-05 0.017482276113901716 -0.00049628180530630938 0.16400884459061282 0.062375447548792123 0.0004631682793417468 -0.0094106366146877382 0.1048307679431594 -0.35466778158831103 -0.066699133515379996 0.0088603226503787685 -0.034964561720698839 -0.019131265509821162 0.20766704378428158 0.029052423282215994 -0.079362730760589001 -0.041274149879449752 -0.039097116598104303 -0.38952172243346772 -0.010011167182842744 -0.65173220956325539 -0.010041670990300957 -0.07434217159525823 -0.294257322814444 -0.011235627928559547 -0.021335846418841398 -0.48212636932730679 0.11694001080147153 -0.068233096097329901 -0.055017283872108573 -0.14630555088787031
leaf_weight=81529639 626 1536394 35 470 10713 2603 23 24 423 6051 32 213 143 36 880 41 296 24 612 25 836 177 29 2451 713 40 29 56 22 60
leaf_count=81529639 626 1536394 35 470 10713 2603 23 24 423 6051 32 213 143 36 880 41 296 24 612 25 836 177 29 2451 713 40 29 56 22 60
internal_value=0 -0.000634146 -0.0188516 -0.000581891 -0.00843301 -0.0232399 0.0449043 -0.129807 -0.0202996 1.21154e-05 0.0122258 0.0602558 0.140395 0.171745 -0.0311022 -0.021212 -0.100795 -0.303712 -0.0509156 -0.523303 -0.00213738 -0.0288741 -0.105301 -0.0265335 -0.0214935 -0.0488218 -0.142348 -0.206072 -0.330572 -0.031036
internal_weight=0 1.5576e+06 4455 1.55315e+06 16753 4998 517 47 4420 8.15361e+07 6475 424 211 179 4481 2989 386 90 1492 49 11755 1042 206 3794 3371 920 147 118 62 773
internal_count=83093716 1557602 4455 1553147 16753 4998 517 47 4420 81536114 6475 424 211 179 4481 2989 386 90 1492 49 11755 1042 206 3794 3371 920 147 118 62 773
is_linear=0
shrinkage=0.1


Tree=40
num_leaves=31
num_cat=0
split_feature=17 10 3 0 0 0 0 3 3 0 26 5 3 3 14 13 3 3 14 26 26 0 18 1 6 2 16 26 15 1
split_gain=61.8358 221.902 163.876 111.9 69.9988 70.1811 71.8192 96.6295 62.2023 72.0218 61.0389 62.6079 144.015 266.507 122.452 121.857 122.797 115.24 128.495 89.874 65.5713 61.5919 65.4504 64.8099 85.9085 93.0064 73.528 96.7064 115.022 63.2136
threshold=1.0000000180025095e-35 0.12400152161717416 3.343134999275208 0.0028101481730118398 -0.15790642052888867 -0.051950640976428979 -0.00042664555076044047 3.7290139198303227 1.3185999989509585 -0.086512468755245195 5.3191337585449228 1.0000000180025095e-35 0.16051850467920306 0.23601249605417254 0.33344189822673803 0.21962033212184909 2.0711144208908085 -0.024914499372243878 0.64189010858535778 20.479997634887699 245.86995697021487 0.023515846580266956 0.016976296901702884 0.00011787766154520002 0.52134644985198986 -0.008747229335895149 0.33388794958591467 63.92273139953614 0.046776629984378822 0.00093380336056365009
decision_type=2 2 2 2 2 2 2 2 2 2 2 2 2 2 2 2 2 2 2 2 2 2 2 2 2 2 2 2 2 2
left_child=10 2 8 4 -4 -6 7 -7 -2 -10 -1 21 17 -14 15 -15 -17 18 -13 -19 -16 23 -23 -12 -25 29 27 -27 -29 -26
right_child=1 -3 3 -5 5 6 -8 -9 9 -11 11 12 13 14 20 16 -18 19 -20 -21 -22 22 -24 24 25 26 -28 28 -30 -31
leaf_value=-0.00097715805406226302 0.023582485152203101 -0.30069207651885571 -0.19906067935606608 -0.16493017210772165 0.15295466881245376 -0.036592622117742023 -0.015700441197802624 -0.30555903261358086 -0.1071025482850609 -0.0076752011108593178 1.4680306852368656e-05 -0.014088044358560673 0.33677630024375738 0.21703837483718591 -0.037856551874102209 0.13225189070734714 -0.16934567126962874 0.082660581485833981 0.26268452818505467 -0.091421986051007278 -0.24456450740496316 0.0039074786071834457 -0.096512942761182788 -0.00087899145249928454 0.050976296315191807 -0.005511832374444239 0.011393000724520989 -0.10164129178395516 0.014716748505653372 -0.020294188338267651
leaf_weight=633762 687 27 26 95 20 34 225 22 77 1353 81677351 104 27 37 57 27 27 32 20 405 21 43708 65 733983 218 261 205 445 105 290
leaf_count=633762 687 27 26 95 20 34 225 22 77 1353 81677351 104 27 37 57 27 27 32 20 405 21 43708 65 733983 218 261 205 445 105 290
internal_value=0 -0.0155233 -0.0124908 -0.0693931 -0.0416377 -0.0280397 -0.0409219 -0.142258 -0.00114798 -0.013029 4.7885e-07 7.9929e-06 -0.0287504 0.0450417 -0.00156681 0.0772405 -0.0185469 -0.0545316 0.0305527 -0.0786745 -0.0935087 8.25692e-06 0.00375836 6.26508e-06 -0.000928238 -0.0246461 -0.0421143 -0.0556396 -0.0794275 0.0102904
internal_weight=0 2566 2539 422 327 301 281 56 2117 1430 8.30912e+07 8.24574e+07 757 196 169 91 54 561 124 437 78 8.24566e+07 43773 8.24129e+07 735507 1524 1016 811 550 508
internal_count=83093716 2566 2539 422 327 301 281 56 2117 1430 83091150 82457388 757 196 169 91 54 561 124 437 78 82456631 43773 82412858 735507 1524 1016 811 550 508
is_linear=0
shrinkage=0.1


Tree=41
num_leaves=31
num_cat=0
split_feature=22 26 3 3 3 7 4 16 6 2 7 4 4 2 1 1 1 15 18 14 4 8 13 15 2 15 26 3 0 1
split_gain=54.4027 98.4973 97.0017 67.633 62.553 54.1505 83.3812 75.38 107.542 134.452 84.712 103.266 91.7201 115.298 120.167 114.699 162.371 105.113 100.049 98.7613 92.0379 94.0354 117.753 94.1103 170.24 171.289 89.9874 95.0018 88.997 86.0271
threshold=0.96153518557548534 50.184505462646491 0.53070998191833507 0.73574399948120128 0.008138999808579685 0.81283089518547069 0.98685157299041759 0.13225658982992175 1.0000000180025095e-35 -0.13604505617114263 0.098755661398172392 0.27964606881141668 0.48933163285255438 -0.0020857895332007498 3.2597294231681486e-05 0.0074286826741851008 0.070650786016459965 0.22606471180915835 0.21915384382009509 0.012838638853281738 0.98685157299041759 0.46194367110729223 0.16141875833272937 0.0065626760479062804 -0.081241258522397927 0.060289535671472556 55.442037582397468 -0.051509000360965722 0.01454243063926697 0.0018948985413918002
decision_type=2 2 2 2 2 2 2 2 2 2 2 2 2 2 2 2 2 2 2 2 2 2 2 2 2 2 2 2 2 2
left_child=5 -2 4 -4 -3 7 -7 8 10 -10 11 -1 15 20 17 -13 18 19 -17 -15 21 23 -23 -14 -25 -26 -12 -28 -29 -16
right_child=1 2 3 -5 -6 6 -8 -9 9 -11 26 12 13 14 29 16 -18 -19 -20 -21 -22 22 -24 24 25 -27 27 28 -30 -31
leaf_value=8.0684850555511197e-07 -0.044173733227873484 0.046824229279011143 0.21140237805205137 0.029040687305457665 -0.027543502456606611 -0.014171196932269804 0.019832673088053945 0.0096444268327093748 0.16660880028854971 -0.01056421510793513 0.010759763991351097 0.0085761665445426224 0.0021970300528633513 0.011885087346215503 0.16934939321034995 0.073512931630374437 0.036585944750088646 -0.1549291636895489 0.22831862228700806 0.14499283666934884 -0.073796875700618159 0.029960513884651527 0.26145869035411767 -0.091997526685530906 -0.057226397630504591 0.1854522413144318 0.069534359509998464 -0.016803831699358281 -0.22301775401546842 0.047616658710140231
leaf_weight=83053373 164 442 53 33 152 5209 837 8104 43 10988 1609 728 1343 2525 78 83 470 37 84 57 212 118 27 301 66 52 128 6152 21 227
leaf_count=83053373 164 442 53 33 152 5209 837 8104 43 10988 1609 728 1343 2525 78 83 470 37 84 57 212 118 27 301 66 52 128 6152 21 227
internal_value=0 0.0253885 0.0421652 0.141426 0.0277941 -2.58215e-07 -0.00946375 4.30417e-07 -5.10316e-07 -0.00987358 8.00781e-07 1.78626e-06 0.0126959 0.00647155 0.0193435 0.0356917 0.0666809 0.0124254 0.151379 0.0148236 -0.0112904 -0.00434155 0.0730671 -0.0107117 -0.0520875 0.0497167 -0.0103474 -0.0157372 -0.0175054 0.0787483
internal_weight=0 844 680 86 594 8.30929e+07 6046 8.30868e+07 8.30787e+07 11031 8.30677e+07 8.30598e+07 6408 5043 2924 1365 637 2619 167 2582 2119 1907 145 1762 419 118 7910 6301 6173 305
internal_count=83093716 844 680 86 594 83092872 6046 83086826 83078722 11031 83067691 83059781 6408 5043 2924 1365 637 2619 167 2582 2119 1907 145 1762 419 118 7910 6301 6173 305
is_linear=0
shrinkage=0.1


Tree=42
num_leaves=31
num_cat=0
split_feature=2 5 26 12 26 1 26 13 7 2 26 2 0 16 15 3 16 6 4 3 14 1 15 15 2 1 15 15 13 13
split_gain=52.4923 68.0186 85.5278 152.266 90.7596 67.2304 64.7156 64.0622 57.7409 134.908 101.486 130.613 122.714 115.437 77.542 76.8351 74.5131 83.5083 109.399 87.7825 86.7427 86.4482 106.288 77.1235 73.7327 113.207 177.878 73.2816 105.079 92.5518
threshold=-0.0021377268432001997 1.0000000180025095e-35 212.69825744628909 1.0000000180025095e-35 371.70451354980474 0.014622739945749553 356.75193786621099 0.37126667797565466 0.58556854724884044 -0.0010923678423909497 398.01026916503912 -0.00035139888326994991 0.017339757643640045 0.56331124901771557 0.097358070313930525 3.7290139198303227 0.066122770309448256 0.34849354624748236 0.51241087913513195 2.2194035053253178 0.00038959860103204852 0.00020858085914425 0.0036709519336000089 0.26356908679008489 3.986900228217239e-05 7.6009874092407311e-05 0.0021066879853606228 0.024029564112424854 0.025005077943205837 1.0000000180025095e-35
decision_type=2 2 2 2 2 2 2 2 2 2 2 2 2 2 2 2 2 2 2 2 2 2 2 2 2 2 2 2 2 2
left_child=-1 5 -3 4 -4 8 -7 -5 16 -10 14 13 -13 15 24 -12 17 18 -2 -20 21 23 -23 -21 -11 26 -26 28 29 -19
right_child=1 2 3 7 -6 6 -8 -9 9 10 11 12 -14 -15 -16 -17 -18 27 19 20 -22 22 -24 -25 25 -27 -28 -29 -30 -31
leaf_value=-0.001057547627185037 6.6776087302786412e-06 -0.0096670622241836566 -0.12858730426856452 0.069152898032147928 -0.368639643135525 -0.0090819477101804543 -0.058268173386750277 -0.07897862436106573 -0.062295789473236267 0.0013201285850171643 -0.30999203355688798 -0.018361392126674002 -0.26798914909362792 0.036775379829729601 0.037824099789245502 -0.081443609545628237 0.011088483207999343 -0.018289755361698919 0.07289017565572746 0.0071910448656422503 0.14390966212004425 0.040879744798241358 0.22872868682093481 -0.17285072888868552 -0.023238855638490943 -0.00023127281108873589 -0.15113733648803493 0.018358569199815926 0.11885770790589352 -0.098830014157215221
leaf_weight=466713 82601665 553 63 53 21 1009 364 65 433 6007 38 1282 20 24 489 24 6068 3363 268 2752 50 264 34 24 370 749 154 594 54 149
leaf_count=466713 82601665 553 63 53 21 1009 364 65 433 6007 38 1282 20 24 489 24 6068 3363 268 2752 50 264 34 24 370 749 154 594 54 149
internal_value=0 5.97287e-06 -0.030009 -0.0856977 -0.1886 6.24713e-06 -0.0221219 -0.012445 6.61484e-06 -0.00775241 -0.00517326 -0.0300798 -0.0221959 -0.149439 -0.000723485 -0.221522 7.51551e-06 6.70157e-06 7.41507e-06 0.0179659 0.0132541 0.0111289 0.0623122 0.00563449 -0.00331274 -0.0251742 -0.0608273 -0.0141613 -0.0195782 -0.0217068
internal_weight=0 8.2627e+07 755 202 84 8.26262e+07 1373 118 8.26249e+07 9590 9157 1388 1302 86 7769 62 8.26153e+07 8.26092e+07 8.26051e+07 3392 3124 3074 298 2776 7280 1273 524 4160 3566 3512
internal_count=83093716 82627003 755 202 84 82626248 1373 118 82624875 9590 9157 1388 1302 86 7769 62 82615285 82609217 82605057 3392 3124 3074 298 2776 7280 1273 524 4160 3566 3512
is_linear=0
shrinkage=0.1


Tree=43
num_leaves=31
num_cat=0
split_feature=0 3 7 16 0 15 26 14 16 2 6 13 16 3 26 7 3 3 20 20 3 7 15 15 20 14 9 26 4 15
split_gain=51.3545 81.9588 96.4196 130.367 67.4338 84.2739 76.4923 71.1816 69.9243 125.318 84.8188 93.8347 71.7372 63.2018 57.3342 57.2993 70.8992 59.0429 159.405 91.7127 62.3779 55.569 55.3562 90.9561 130.527 54.0817 55.9806 52.9873 154.748 111.419
threshold=-0.00042664555076044047 0.78813800215721141 0.98685157299041759 0.4608485102653504 -0.15790642052888867 0.0070734850596636542 531.21240234375011 0.028885867446660999 0.066122770309448256 -1.0000000180025095e-35 0.18064829707145694 0.0056165677960962066 0.93541446328163158 -0.73734748363494862 20.479997634887699 0.34041561186313635 3.7290139198303227 2.9375464916229252 0.44704665243625646 0.25912688672542578 3.7290139198303227 0.81283089518547069 0.11106718331575395 0.034605244174599654 0.80011686682701122 0.35225833952426916 0.92828974127769481 217.15000915527347 0.067786492407321944 0.52380889654159557
decision_type=2 2 2 2 2 2 2 2 2 2 2 2 2 2 2 2 2 2 2 2 2 2 2 2 2 2 2 2 2 2
left_child=1 2 3 13 5 14 7 -7 10 21 15 -12 -11 -1 -3 17 -17 -6 19 -19 -21 -10 23 25 -25 26 -20 -2 -29 -30
right_child=27 4 -4 -5 8 6 -8 -9 9 12 11 -13 -14 -15 -16 16 -18 18 22 20 -22 -23 -24 24 -26 -27 -28 28 29 -31
leaf_value=-0.07838578627048301 -7.3469240858040609e-05 0.039074187678009895 0.22016187990084291 -0.16959076032042505 -0.0041454684130507865 -0.092362370228511292 -0.14530225671827793 0.011170962219382975 -0.017598719398180643 0.07387191533485836 -0.025137460034559758 -0.2939899492831457 -0.0090486023976814513 0.00077189841626659295 -0.018449167154291866 0.014342899026814848 -0.18892530293480769 0.010556434354956718 -0.13614247101909852 0.27497378953478557 0.034022882580757141 -0.24764844448793505 0.031592481145087413 -0.048855091417631641 -0.40183355104178187 0.01445145711186342 0.0029551357296960699 8.9703345135821783e-05 -0.011172719946262604 -0.13038254923576229
leaf_weight=101 43041350 193 20 45 79070 128 90 138 21 328 34 21 153 75816 1695 32 37 4470 93 22 21 21 51 22 20 72 42 39879146 10385 79
leaf_count=101 43041350 193 20 45 79070 128 90 138 21 328 34 21 153 75816 1695 32 37 4470 93 22 21 21 51 22 20 72 42 39879146 10385 79
internal_value=0 -0.00177458 0.000623528 0.000565726 -0.00387444 -0.020984 -0.0656123 -0.0386496 -0.00342023 0.0330313 -0.00364717 -0.12779 0.047496 0.000666587 -0.0125689 -0.00356584 -0.094656 -0.00349091 0.00726247 0.0119546 0.1573 -0.132624 -0.063323 -0.0827635 -0.21694 -0.0555393 -0.0928677 3.48179e-06 8.65129e-05 -0.0120727
internal_weight=0 162756 75982 75962 86774 2244 356 266 84530 523 84007 55 481 75917 1888 83952 69 83883 4813 4513 43 42 300 249 42 207 135 8.2931e+07 3.98896e+07 10464
internal_count=83093716 162756 75982 75962 86774 2244 356 266 84530 523 84007 55 481 75917 1888 83952 69 83883 4813 4513 43 42 300 249 42 207 135 82930960 39889610 10464
is_linear=0
shrinkage=0.1


Tree=44
num_leaves=31
num_cat=0
split_feature=26 0 26 3 3 26 17 10 3 0 0 0 0 3 3 0 1 3 12 8 26 20 1 2 0 1 2 14 26 9
split_gain=49.6487 54.9224 75.1453 152.785 277.846 65.8371 48.398 180.043 129.425 92.4969 48.8543 57.7862 57.3324 80.2985 48.7161 57.5058 52.9488 46.2543 96.8235 110.696 81.0667 79.7673 94.6475 109.956 75.7098 86.8738 80.5126 131.048 75.5553 115.821
threshold=3.4479532241821294 0.19705608487129214 226.29190826416018 1.6857554912567141 1.4925720095634463 350.07540893554693 1.0000000180025095e-35 0.12400152161717416 3.343134999275208 0.0028101481730118398 -0.15790642052888867 -0.051950640976428979 -0.00042664555076044047 3.7290139198303227 1.3185999989509585 -0.086512468755245195 9.8424693189437808e-05 0.64090400934219371 0.15723580867052081 0.96035403013229381 123.84985351562501 0.82058468461036693 0.070650786016459965 -0.13604505617114263 -0.040450789034366601 0.0015969188177035003 -0.03362212212173319 0.92320555448532116 43.658098220825202 0.10814816877245904
decision_type=2 2 2 2 2 2 2 2 2 2 2 2 2 2 2 2 2 2 2 2 2 2 2 2 2 2 2 2 2 2
left_child=-1 6 -3 4 -4 -6 17 8 14 10 -10 -12 13 -13 16 -16 -8 18 -2 -20 -21 24 23 28 25 26 27 -19 29 -23
right_child=1 2 3 -5 5 -7 7 -9 9 -11 11 12 -14 -15 15 -17 -18 21 19 20 -22 22 -24 -25 -26 -27 -28 -29 -30 -31
leaf_value=-0.0012475232586171806 2.4826399038501287e-05 0.0017278090603221744 0.041531189591982043 -0.017295916661507742 0.22667065049920765 0.45783985534852206 0.0037697038081632357 -0.2706265492571725 -0.16784069133349336 -0.14842052826167723 0.13926951877772809 -0.030872752359958695 -0.014120734968015717 -0.27605952485041185 -0.095457699024058013 -0.0065991797506853387 0.065940180278236157 0.02939156537651326 -0.023418324409781033 -0.032575340165446207 -0.2399154295890846 0.3142860739529133 -0.047001666253210485 -0.0056832495515663417 -0.00022869630713555656 -0.036905252764906207 -0.0054080877776254144 0.28558309064670045 0.032054649349725385 -0.0042749761293331785
leaf_weight=317794 77487570 419 104 116 28 22 491 27 26 95 20 34 225 22 77 1345 190 216 578 33 44 25 545 25518 5235244 875 21660 22 330 21
leaf_count=317794 77487570 419 104 116 28 22 491 27 26 95 20 34 225 22 77 1345 190 216 578 33 44 25 545 25518 5235244 875 21660 22 330 21
internal_value=0 4.79026e-06 0.0282382 0.0693784 0.134666 0.328385 4.55525e-06 -0.0137665 -0.0110199 -0.0615606 -0.036326 -0.024966 -0.0366553 -0.127196 -0.00087807 -0.0114108 0.0211154 4.97983e-06 2.45014e-05 -0.038423 -0.151055 -0.000281273 -0.00576027 -0.00489224 -0.000253723 -0.00600711 -0.00477248 0.0530731 0.048791 0.168856
internal_weight=0 8.27759e+07 689 270 154 50 8.27752e+07 2552 2525 422 327 301 281 56 2103 1422 681 8.27727e+07 7.74882e+07 655 77 5.28446e+06 26439 25894 5.25802e+06 22773 21898 238 376 46
internal_count=83093716 82775922 689 270 154 50 82775233 2552 2525 422 327 301 281 56 2103 1422 681 82772681 77488225 655 77 5284456 26439 25894 5258017 22773 21898 238 376 46
is_linear=0
shrinkage=0.1


Tree=45
num_leaves=31
num_cat=0
split_feature=22 14 8 3 21 26 15 15 8 13 3 8 3 1 3 13 14 8 1 26 15 15 3 0 6 9 3 0 9 15
split_gain=44.6719 84.4019 137.308 81.3694 84.5377 89.222 117.168 149.374 116.44 110.47 124.944 75.3749 100.662 63.2589 108.951 56.1854 51.8585 64.4176 47.394 77.1891 49.305 64.053 44.8578 43.3844 60.9944 61.1854 60.551 58.1756 70.6035 56.1029
threshold=1.0000000180025095e-35 0.95004814863204967 0.74613162875175487 -0.29586949944496149 1.0000000180025095e-35 311.14414978027349 0.048471070826053626 0.085452996194362654 0.28284921497106558 0.013128197286278011 -0.028119499795138832 0.28284921497106558 -1.0000000180025095e-35 5.4480269741181924e-06 0.56513798236846935 0.25734108686447149 0.70569849014282238 0.46194367110729223 1.8125423324538831e-06 134.91162872314456 0.0054431557655334481 0.097358070313930525 0.01087299967184663 0.023515846580266956 0.067786492407321944 0.94691431522369396 1.8119350075721743 0.087758697569370284 0.99999997019767772 0.25790771842002874
decision_type=2 2 2 2 2 2 2 2 2 2 2 2 2 2 2 2 2 2 2 2 2 2 2 2 2 2 2 2 2 2
left_child=23 2 3 -2 5 6 -5 8 -8 10 -7 -11 -13 14 -9 -6 17 -12 20 -20 22 -22 -4 -1 25 26 -25 -27 -29 -28
right_child=1 -3 18 4 15 9 7 13 -10 11 16 12 -14 -15 -16 -17 -18 -19 19 -21 21 -23 -24 24 -26 27 29 28 -30 -31
leaf_value=-2.0722041247975514e-06 -0.10646220228577755 0.18001762541631861 -0.10479676605424003 0.0065525636031560659 -0.23784432973712685 0.32058043946390569 0.073311568016097658 -0.050870278936166025 0.3899057514105852 -0.070479012107742697 0.076582642875289014 0.24176030441632737 -0.0026656771522192732 -0.10125165235389162 0.24791701293509938 -0.0062595089728182014 -0.072616764548278992 0.25074699495149699 -0.043817037152680191 -0.28765401352196934 0.11333114388196364 -0.040387985979517302 -0.0079998349543364544 0.0043326478762999738 0.13508998104504177 0.024926632709503224 -0.0068214091829677474 0.22195491242934678 -0.011254060288359014 0.044863408032661367
leaf_weight=83046962 49 30 105 1412 20 23 21 26 26 84 277 23 63 27 23 22 21 23 37 20 46 66 88 35794 35 537 7585 34 21 216
leaf_count=83046962 49 30 105 1412 20 23 21 26 26 84 277 23 63 27 23 22 21 23 37 20 46 66 88 35794 35 537 7585 34 21 216
internal_value=0 0.0132825 0.0112832 0.0209182 0.0239032 0.026782 0.0147068 0.108315 0.248449 0.062843 0.0954331 -0.00310405 0.0627041 0.0216535 0.0893768 -0.116538 0.079301 0.0899352 -0.0456749 -0.129374 -0.0300329 0.0227467 -0.0606614 -4.04778e-07 0.00313095 0.00302642 0.0025928 0.034959 0.132911 -0.00539032
internal_weight=0 2532 2502 2140 2091 2049 1535 123 47 514 344 170 86 76 49 42 321 300 362 57 305 112 193 8.30912e+07 44222 44187 43595 592 55 7801
internal_count=83093716 2532 2502 2140 2091 2049 1535 123 47 514 344 170 86 76 49 42 321 300 362 57 305 112 193 83091184 44222 44187 43595 592 55 7801
is_linear=0
shrinkage=0.1


Tree=46
num_leaves=31
num_cat=0
split_feature=26 3 8 16 7 4 20 16 13 8 1 5 26 14 14 26 9 3 3 3 1 26 13 1 1 14 8 26 22 3
split_gain=41.9597 44.6783 67.6211 65.8655 105.854 104.063 144.394 90.8479 63.3613 59.4775 147.415 114.394 108.865 102.578 123.618 109.611 101.178 136.51 155.697 158.517 204.764 135.633 129.603 266.405 130.953 109.687 91.3615 115.91 89.8267 100.841
threshold=5.3191337585449228 4.1433904170989999 0.07163399271667005 0.56331124901771557 0.81283089518547069 0.021004183217883114 0.85840713977813732 0.13225658982992175 0.18582776933908465 0.011934864800423385 1.8125423324538831e-06 1.0000000180025095e-35 299.24307250976568 0.99966749548912059 0.9945952594280244 201.59741973876956 0.75438639521598827 1.8839390277862551 -0.0028364999452605839 -0.14505600184202191 5.6660420142234267e-06 56.875080108642585 0.12022032588720323 5.3780389205397376e-06 6.0782147360469059e-06 0.040840884670615203 0.28284921497106558 178.14729309082034 1.0000000180025095e-35 0.3360114991664887
decision_type=2 2 2 2 2 2 2 2 2 2 2 2 2 2 2 2 2 2 2 2 2 2 2 2 2 2 2 2 2 2
left_child=-1 9 3 4 -3 -5 -7 -6 -4 11 13 28 -13 14 -11 -16 17 18 19 20 -12 -20 24 -24 -23 -22 -21 -28 -2 -30
right_child=1 2 8 5 7 6 -8 -9 -10 10 16 12 -14 -15 15 -17 -18 -19 21 26 25 22 23 -25 -26 -27 27 -29 29 -31
leaf_value=-0.00081055329126976784 9.4762732700486528e-06 -0.0021812776145165359 0.02962955949847533 0.0016024221458746579 -0.022451611116010364 0.045718520227744253 -0.1978320530653 -0.13955827108921781 0.20804115413200286 0.00091217407387067821 -0.23901816535255183 -0.050458933157375409 -0.29127212095828287 0.15790320494916382 -0.0037385793003652783 -0.27884534776210784 -0.18045500579807494 0.029615359251101286 0.00082787770979215591 -0.027663569787228611 -0.029866592941208164 -0.016114399473012336 -0.42173955559730536 -0.10268302514013357 -0.10739714353599633 0.2174869054555893 0.041826335392478445 0.21706805815462205 0.016084984354500346 0.10417524322401733
leaf_weight=633787 82336855 108642 382 3172 1659 926 25 69 21 4413 46 177 21 41 28 30 45 332 273 71 173 355 30 205 282 20 99 61 1332 144
leaf_count=633787 82336855 108642 382 3172 1659 926 25 69 21 4413 46 177 21 41 28 30 45 332 273 71 173 355 30 205 282 20 99 61 1332 144
internal_value=0 6.23083e-06 -0.00196434 -0.00210827 -0.00257185 0.0103013 0.039316 -0.0271277 0.0389264 8.98038e-06 -0.00955346 9.73572e-06 -0.0759997 0.000449782 -0.000994099 -0.146035 -0.0322114 -0.0287851 -0.0407907 0.00767197 -0.0494227 -0.0606837 -0.0799413 -0.143414 -0.0565253 -0.00423411 0.0667439 0.108637 9.9185e-06 0.0246792
internal_weight=0 8.24599e+07 114896 114493 110370 4123 951 1728 403 8.2345e+07 6504 8.23385e+07 198 4512 4471 58 1992 1947 1615 470 239 1145 872 235 637 193 231 160 8.23383e+07 1476
internal_count=83093716 82459929 114896 114493 110370 4123 951 1728 403 82345033 6504 82338529 198 4512 4471 58 1992 1947 1615 470 239 1145 872 235 637 193 231 160 82338331 1476
is_linear=0
shrinkage=0.1


Tree=47
num_leaves=31
num_cat=0
split_feature=17 10 3 0 3 0 1 0 0 0 3 0 9 3 3 0 26 16 14 26 14 26 15 26 3 14 3 14 1 1
split_gain=39.3727 145.831 104.522 74.5466 41.2151 46.2439 42.142 39.5558 46.8235 46.4071 65.0418 39.2785 69.6598 56.0698 67.6736 193.371 146.104 65.1293 57.0593 69.1203 63.279 57.7145 56.9141 53.328 49.5425 46.6813 44.8373 102.792 46.1734 44.827
threshold=1.0000000180025095e-35 0.12400152161717416 3.343134999275208 0.0028101481730118398 1.3185999989509585 -0.086512468755245195 9.8424693189437808e-05 -0.15790642052888867 -0.051950640976428979 -0.00042664555076044047 3.7290139198303227 0.087758697569370284 0.70165306329727184 1.6857554912567141 1.4925720095634463 0.19705608487129214 226.29190826416018 0.049932263791561134 0.031739909201860435 66.823066711425795 0.06765147298574449 95.30853652954103 0.09089644625782968 350.07540893554693 1.7505649924278261 0.64189010858535778 1.6206545233726504 0.64189010858535778 6.0782147360469059e-06 5.8549226438813595e-06
decision_type=2 2 2 2 2 2 2 2 2 2 2 2 2 2 2 2 2 2 2 2 2 2 2 2 2 2 2 2 2 2
left_child=11 2 4 7 6 -6 -2 -4 -9 10 -10 -1 13 14 18 26 -17 25 22 -20 21 -21 -13 -18 -14 -15 27 28 -16 -22
right_child=1 -3 3 -5 5 -7 -8 8 9 -11 -12 12 24 17 15 16 23 -19 19 20 29 -23 -24 -25 -26 -27 -28 -29 -30 -31
leaf_value=-1.4955763659774893e-07 0.0039472328920584455 -0.24356462988847249 -0.1510573609517171 -0.13335001844833114 -0.085922048874683202 -0.0062509577167502639 0.059318044204264876 0.12534182459115981 -0.027786216803360731 -0.012744631212256436 -0.24845430972901258 -0.0075863311212170858 -0.0023277895684753148 -0.031438847281610373 0.16287871457170697 -0.014131417193196036 0.20356937130647049 0.13335915878415108 -0.012700435728994484 0.22424317531544588 0.011002751896330019 0.054185954650165513 -0.15751494550361084 0.41162165193395178 0.14648659898929539 0.010853909201229452 -0.035956486830912016 -0.037057802185309623 0.040771553412390256 0.045779630452342707
leaf_weight=83086164 497 27 26 95 77 1353 190 20 34 225 22 967 35 712 64 22 28 30 586 29 1124 64 26 22 62 412 101 89 60 553
leaf_count=83086164 497 27 26 95 77 1353 190 20 34 225 22 967 35 712 64 22 28 30 586 29 1124 64 26 22 62 412 101 89 60 553
internal_value=0 -0.0123869 -0.00992852 -0.0553725 -0.000869788 -0.0105409 0.0192608 -0.0327184 -0.0224965 -0.0330187 -0.114477 3.83055e-07 0.00887579 0.00721088 0.0131636 0.0528122 0.200621 -0.0120554 0.00859372 0.0170678 0.0269233 0.107215 -0.011512 0.295112 0.0927907 -0.0159365 0.0189197 0.0449408 0.103795 0.0224706
internal_weight=0 2566 2539 422 2117 1430 687 327 301 281 56 8.30912e+07 4986 4889 3735 386 72 1154 3349 2356 1770 93 993 50 97 1124 314 213 124 1677
internal_count=83093716 2566 2539 422 2117 1430 687 327 301 281 56 83091150 4986 4889 3735 386 72 1154 3349 2356 1770 93 993 50 97 1124 314 213 124 1677
is_linear=0
shrinkage=0.1


Tree=48
num_leaves=31
num_cat=0
split_feature=2 1 2 2 26 15 16 3 8 8 14 12 20 0 14 26 3 3 18 14 26 4 18 8 1 26 5 26 3 8
split_gain=38.5757 53.6208 52.831 54.6821 62.4893 62.266 50.6802 48.7906 47.8988 50.3522 261.596 64.6596 47.4658 58.2815 162.836 92.7532 106.841 62.7037 46.2523 77.5857 53.9601 53.5892 109.573 52.4948 135.28 112.259 91.1939 98.3976 86.2342 257.388
threshold=-0.0021377268432001997 0.014622739945749553 -0.00035139888326994991 0.030816266808323754 277.12652587890631 0.026294136419892315 0.99031487107276928 0.23601249605417254 0.96035403013229381 0.011934864800423385 0.084311123937368407 1.0000000180025095e-35 0.14896758645772937 -0.033596245571970933 0.99966749548912059 453.58125305175787 2.5028109550476079 0.65560150146484386 0.37069971859455114 0.035776082426309593 410.09907531738287 0.24424228817224505 0.61531996726989757 0.011934864800423385 1.8125423324538831e-06 54.11700630187989 1.0000000180025095e-35 41.176034927368171 0.008138999808579685 0.96035403013229381
decision_type=2 2 2 2 2 2 2 2 2 2 2 2 2 2 2 2 2 2 2 2 2 2 2 2 2 2 2 2 2 2
left_child=6 12 -3 7 5 -5 8 -4 9 -1 11 -11 18 14 15 -14 17 -17 23 20 -20 -22 -23 26 28 -26 -2 -28 -25 -30
right_child=1 2 3 4 -6 -7 -8 -9 -10 10 -12 -13 13 -15 -16 16 -18 -19 19 -21 21 22 -24 24 25 -27 27 -29 29 -31
leaf_value=-0.00091873820722671951 8.2692193802603584e-06 -0.10375793255131011 0.099302092835433398 0.010361506479261685 -0.062280163484675313 -0.069724450204225769 -0.079515887130188145 0.0009577119671779782 -0.12724633472661179 0.038018577722123949 -0.31471361674013593 0.21745084509963084 -0.02637095314687786 -0.0022424247658812649 0.22482695884647824 -0.17988447131294955 -0.35078487761318683 0.0042858079903655586 0.0100561770688201 -0.091838939246885923 -0.0075044153532612002 0.21181409760223083 0.045452923087487662 -0.011411768347832698 0.013825298986527363 -0.046887562469158262 0.082935125354884398 -0.099341397212461352 0.0017780934147910502 0.11122384821027367
leaf_weight=466099 82535591 71 59 423 346 126 82 348 30 460 21 21 212 80743 21 38 20 36 2075 68 112 48 226 2695 395 1330 36 167 1568 249
leaf_count=466099 82535591 71 59 423 346 126 82 348 30 460 21 21 212 80743 21 38 20 36 2075 68 112 48 226 2695 395 1330 36 167 1568 249
internal_value=0 5.12178e-06 -0.0197567 -0.015176 -0.0289959 -0.00801888 -0.000906584 0.015214 -0.00089277 -0.000884646 0.030769 0.0458524 5.45016e-06 -0.00241306 -0.0445452 -0.0630316 -0.145713 -0.0902881 7.82547e-06 0.0135312 0.0164427 0.0507745 0.0745965 7.41112e-06 -0.00916649 -0.0329852 8.10437e-06 -0.0670165 -6.02675e-05 0.0167764
internal_weight=0 8.2627e+07 1373 1302 895 549 466713 407 466631 466601 502 481 8.26256e+07 81070 327 306 94 74 8.25446e+07 2529 2461 386 274 8.2542e+07 6237 1725 8.25358e+07 203 4512 1817
internal_count=83093716 82627003 1373 1302 895 549 466713 407 466631 466601 502 481 82625630 81070 327 306 94 74 82544560 2529 2461 386 274 82542031 6237 1725 82535794 203 4512 1817
is_linear=0
shrinkage=0.1


Tree=49
num_leaves=31
num_cat=0
split_feature=26 0 1 3 20 9 26 4 15 13 2 4 9 0 16 0 1 1 2 1 2 3 3 7 2 7 13 19 19 2
split_gain=37.1059 112.573 128.367 97.2464 98.6621 100 88.5982 85.7139 142.395 142.569 106.492 116.527 98.8278 90.9322 100.521 118.48 95.8014 173.096 89.2805 142.977 110.625 91.2059 101.901 139.947 89.118 86.9222 102.492 125.573 139.205 122.845
threshold=226.29190826416018 -0.011624074075371025 0.070650786016459965 0.34228551387786871 0.94167014956474315 0.87390509247779857 326.56831359863287 0.067786492407321944 0.034605244174599654 0.34864170849323278 0.0014152064075507002 0.40880481898784643 1.0000000180025095e-35 -0.0082774381153285486 0.64080783724784862 0.015265856869518759 0.00019030135610795005 9.7192795539576896e-05 -0.049488690185407844 0.029216446485834453 -0.058934122107042346 -0.013741999864578245 0.061491001397371299 0.54010647535324108 -1.0000000180025095e-35 0.91760551929473888 0.035317463800311096 0.7019123136997224 0.61783882975578319 -0.029150001330241947
decision_type=2 2 2 2 2 2 2 2 2 2 2 2 2 2 2 2 2 2 2 2 2 2 2 2 2 2 2 2 2 2
left_child=-1 -2 7 -4 5 -5 -6 -3 12 10 25 -12 13 -9 18 16 17 -16 20 21 -15 -20 23 -23 -25 26 27 28 29 -10
right_child=1 2 3 4 6 -7 -8 8 9 -11 11 -13 -14 14 15 -17 -18 -19 19 -21 -22 22 -24 24 -26 -27 -28 -29 -30 -31
leaf_value=-6.2388468184673159e-05 -0.0046753063085977183 8.1373945746179811e-05 -0.18739122582806483 -0.018549195026245531 0.0080193441713021871 0.18682924457825723 -0.1651585686626996 -0.17029281263359083 -0.086785715505007716 -0.11324868770877282 -0.011636255561159208 0.15696146944957276 0.04339918899829226 0.0098134048502850416 0.044151306236058147 -0.15254363934783377 0.16866825553946771 -0.19865468499192504 0.071141989147068846 -0.20862876518470486 0.19776732646124928 -0.14660462263288196 -0.019718426130206648 -0.20495714376802032 0.0042840056152919593 -0.091594632729691899 -0.014626565083852006 -0.042890210322220818 0.30217915658246386 0.058818500160195776
leaf_weight=44396918 49895 38635444 36 1947 45 24 86 39 63 83 65 111 272 178 356 34 52 32 105 41 38 154 5920 23 177 76 598 160 22 722
leaf_count=44396918 49895 38635444 36 1947 45 24 86 39 63 83 65 111 272 178 356 34 52 32 105 41 38 154 5920 23 177 76 598 160 22 722
internal_value=0 7.15767e-05 7.77051e-05 -0.0244248 -0.0216338 -0.0160484 -0.10567 7.90607e-05 -0.00950925 0.0149178 0.0207724 0.0946953 -0.0157633 -0.0180143 -0.017179 0.0273105 0.0412083 0.0241261 -0.0203568 -0.0224844 0.0428794 -0.021288 -0.0228349 -0.0749516 -0.0197787 0.0128441 0.0179158 0.0380403 0.054086 0.0471331
internal_weight=0 3.86968e+07 3.86469e+07 2138 2102 1971 131 3.86448e+07 9321 1900 1817 176 7421 7149 7110 474 440 388 6636 6420 216 6379 6274 354 200 1641 1565 967 807 785
internal_count=83093716 38696798 38646903 2138 2102 1971 131 38644765 9321 1900 1817 176 7421 7149 7110 474 440 388 6636 6420 216 6379 6274 354 200 1641 1565 967 807 785
is_linear=0
shrinkage=0.1


Tree=50
num_leaves=31
num_cat=0
split_feature=26 0 2 18 18 14 4 4 13 15 15 4 15 26 13 4 26 0 3 1 4 1 3 26 26 13 2 3 15 2
split_gain=34.2308 36.726 42.3076 40.8925 40.5273 92.5898 91.9307 123.948 114.636 111.055 104.235 85.2205 99.492 161.394 117.791 116.405 143.566 112.245 83.689 86.1496 102.077 82.6637 88.0348 72.0751 70.4408 66.9806 60.1692 58.9437 58.7143 92.757
threshold=3.4479532241821294 -0.19027723371982572 -0.13604505617114263 0.79550775885581981 0.37069971859455114 0.035776082426309593 0.48933163285255438 0.22048421949148181 0.0041316214483231315 0.043810537084937103 0.0019134719623252752 0.68211069703102123 0.0061740779783576736 597.89410400390636 0.56955620646476757 0.98685157299041759 84.378223419189467 -0.048567943274974816 0.82828798890113842 0.070650786016459965 1.0000000180025095e-35 1.2266425384136433e-05 3.7290139198303227 149.61078643798831 188.64375305175784 0.023063112981617454 -0.13604505617114263 4.1433904170989999 0.052073260769248016 -0.049488690185407844
decision_type=2 2 2 2 2 2 2 2 2 2 2 2 2 2 2 2 2 2 2 2 2 2 2 2 2 2 2 2 2 2
left_child=-1 2 3 -2 -3 6 7 10 28 11 18 -8 14 25 15 17 -17 -13 -6 21 -21 -20 -23 -11 -19 -14 -18 -26 29 -9
right_child=1 4 -4 -5 5 -7 9 8 -10 23 -12 12 13 -15 -16 16 26 24 19 20 -22 22 -24 -25 27 -27 -28 -29 -30 -31
leaf_value=-0.0010358653409124003 0.0087043619379401204 3.7991443309964854e-06 -0.010725209121767956 -0.15356324433190069 -0.13401938096753188 -0.066097553500619077 -0.036530969666591924 0.12959458696099055 0.29505370131338993 -0.002495697967708111 -0.03889845939124021 -0.16453475076062929 -0.048565472691216305 -0.30094827072074021 -0.16995584903394476 0.052444952456945818 -0.20252277708404059 0.01513531903049385 0.052637677985854496 0.25433989579860983 0.01537174552142846 0.026338489525414146 -0.15561509847640992 0.12246942591077337 0.17805166775244288 0.12308054487579144 -0.062285752563624633 0.052211957068552632 0.012971232965992839 0.035987550606035534
leaf_weight=317794 25 82769428 2002 41 28 156 610 194 21 75 311 29 181 24 34 112 38 804 314 39 33 65 45 120 40 26 157 536 201 233
leaf_count=317794 25 82769428 2002 41 28 156 610 194 21 75 311 29 181 24 34 112 38 804 314 39 33 65 45 120 40 26 157 536 201 233
internal_value=0 3.97789e-06 -0.0133222 -0.0920982 4.31082e-06 0.00957309 0.0123376 0.032442 0.0652231 0.00162879 0.00696301 -0.00384845 0.00621532 -0.0554676 0.0143575 0.0180094 -0.0377879 0.0301668 0.0341823 0.0436776 0.144813 0.0265037 -0.0480971 0.0744059 0.0342583 -0.0270061 -0.089614 0.0609508 0.0575377 0.0785163
internal_weight=0 8.27759e+07 2068 66 8.27739e+07 4426 4270 1484 649 2786 835 2591 1981 231 1750 1716 307 1409 524 496 72 424 110 195 1380 207 195 576 628 427
internal_count=83093716 82775922 2068 66 82773854 4426 4270 1484 649 2786 835 2591 1981 231 1750 1716 307 1409 524 496 72 424 110 195 1380 207 195 576 628 427
is_linear=0
shrinkage=0.1


Tree=51
num_leaves=31
num_cat=0
split_feature=3 1 26 8 13 13 1 0 20 26 20 3 3 1 2 1 14 14 16 0 4 15 14 6 15 18 3 20 3 13
split_gain=33.7594 86.5484 128.782 104.533 78.447 70.4788 67.6117 66.814 87.5013 68.7968 134.322 146.329 74.1227 73.4977 92.8852 91.5764 65.7398 174.336 64.9304 70.4901 68.5105 62.891 116.018 103.468 127.738 97.5232 81.8753 151.808 97.653 87.9542
threshold=1.6206545233726504 0.0014384478279482504 92.143386840820327 0.07163399271667005 0.23219675570726397 0.98583945631980907 0.0065773731705465006 -0.075873900204896913 0.99589058756828319 95.30853652954103 0.045707475394010551 4.1433904170989999 1.6857554912567141 0.0011448066418240502 -0.017768915179840597 0.00076514363264160005 0.69549220800399791 0.49141640961170202 0.80477145314216625 -1.0000000180025095e-35 0.9252023994922639 0.053594669327139861 0.51429548859596264 0.11898779869079591 0.14896724373102191 0.61531996726989757 4.1433904170989999 0.9280410408973695 2.0711144208908085 0.0023993502836674456
decision_type=2 2 2 2 2 2 2 2 2 2 2 2 2 2 2 2 2 2 2 2 2 2 2 2 2 2 2 2 2 2
left_child=18 7 6 5 -5 21 -3 8 9 -2 11 12 16 14 -14 -16 17 -11 -1 -20 -21 -4 23 25 -25 26 28 -28 -23 -30
right_child=1 2 3 4 -6 -7 -8 -9 -10 10 -12 -13 13 -15 15 -17 -18 -19 19 20 -22 22 -24 24 -26 -27 27 -29 29 -31
leaf_value=9.0199399341113002e-06 0.0078662942862362025 -0.0048802420756666465 -0.0137107580912301 0.032900552585636018 0.2325154397459257 0.10542186348913954 0.013855643602682511 -0.00032489526270564127 0.19038553876536235 -0.074693853211819483 -0.21400241945973703 0.077583323295234527 0.067640186688404977 -0.18489060575763386 -0.021308543771768617 -0.22177713370841481 0.0073961003334261479 -0.40013767631724478 -0.16466071963310244 -0.041983977760488206 0.07614611443704028 -0.023102638858601886 -0.091321566164719342 0.18599995474385866 -0.017949263069645637 0.092672328945315852 -0.020167248748985088 -0.24200386431766674 0.039645023876859697 -0.006925938649317182
leaf_weight=81535663 1040 3604 16975 315 21 52 4137 1524793 21 93 36 147 118 27 2463 23 48 20 40 354 57 733 132 68 56 112 857 32 994 685
leaf_count=81535663 1040 3604 16975 315 21 52 4137 1524793 21 93 36 147 118 27 2463 23 48 20 40 354 57 733 132 68 56 112 857 32 994 685
internal_value=0 -0.000461169 -0.00589478 -0.00995354 0.0453765 -0.0108518 0.00513272 -0.000358907 -0.0132083 -0.0142732 -0.0220127 -0.0196611 -0.024781 -0.0207504 -0.0190485 -0.0231632 -0.0906476 -0.132295 8.81006e-06 -0.0379344 -0.025601 -0.0111447 0.000727416 0.00416266 0.0938939 0.000902577 -0.00221109 -0.0281524 0.00735019 0.020645
internal_weight=0 1.5576e+06 28773 21032 336 20696 7741 1.52883e+06 4036 4015 2975 2939 2792 2631 2604 2486 161 113 8.15361e+07 451 411 20644 3669 3537 124 3413 3301 889 2412 1679
internal_count=83093716 1557602 28773 21032 336 20696 7741 1528829 4036 4015 2975 2939 2792 2631 2604 2486 161 113 81536114 451 411 20644 3669 3537 124 3413 3301 889 2412 1679
is_linear=0
shrinkage=0.1


Tree=52
num_leaves=31
num_cat=0
split_feature=0 9 18 4 2 14 3 26 0 9 3 13 0 3 1 8 3 3 13 14 4 14 9 3 3 14 15 3 3 3
split_gain=33.6249 46.9264 46.4129 45.9889 98.8978 44.3782 77.2787 39.7971 39.0568 53.1421 38.789 132.95 76.1452 55.3063 32.4619 136.21 178.267 180.746 156.582 104.342 93.1761 82.6074 109.569 124.231 130.576 105.184 111.82 76.1494 128.247 90.6139
threshold=0.023515846580266956 0.94691431522369396 0.016976296901702884 0.072617162019014372 0.0020053692164483006 0.047484435141086585 2.5028109550476079 285.02587890625006 0.087758697569370284 0.99999997019767772 2.2194035053253178 0.46743220090866094 0.19705608487129214 1.8119350075721743 1.2666905803989707e-06 0.5664392113685609 -0.0028364999452605839 3.7290139198303227 0.65933024883270275 0.87071818113327037 0.9252023994922639 0.83454889059066784 0.75438639521598827 0.15033400058746341 0.13099399954080584 0.35225833952426916 0.012041170150041582 4.1433904170989999 0.49990250170230871 1.6206545233726504
decision_type=2 2 2 2 2 2 2 2 2 2 2 2 2 2 2 2 2 2 2 2 2 2 2 2 2 2 2 2 2 2
left_child=14 2 3 5 -5 -2 10 -8 -3 -10 13 12 -12 -7 20 -16 18 21 19 -17 -1 22 23 24 -18 -25 -27 28 -22 -30
right_child=1 8 -4 4 -6 6 7 -9 9 -11 11 -13 -14 -15 15 16 17 -19 -20 -21 27 -23 -24 25 -26 26 -28 -29 29 -31
leaf_value=2.6450872395083544e-05 -0.0018923582549029054 0.022501947495114499 -0.081417804245244377 0.093074558067780283 -0.11411661191710405 0.0066336227909056236 -0.061326222570972859 -0.00083939757047070049 0.18823283735443563 -0.014093168159680709 0.026959916197862446 0.23137676369759347 -0.13620218242208162 -0.0067462265435777897 -0.00014179001223181453 0.081329682537100545 -0.10106898001961845 0.064110749650054283 -0.052513536119526673 0.33175035305321221 -0.064197113522398777 0.0057587616286483134 -0.27476093234687021 -0.017404329380667882 -0.30204123644492564 -0.072229090590862507 -0.32428826304773489 -0.034698940939918398 0.17415886945659068 0.019224641398289985
leaf_weight=69759879 15924 537 66 130 28 22784 264 185 34 21 614 31 30 3574 13286406 99 189 113 88 20 192 119 29 328 39 66 24 1386 41 476
leaf_count=69759879 15924 537 66 130 28 22784 264 185 34 21 614 31 30 3574 13286406 99 189 113 88 20 192 119 29 328 39 66 24 1386 41 476
internal_value=0 0.00275674 0.00237729 0.00250424 0.0563571 0.00230821 0.00474216 -0.036404 0.0307221 0.110981 0.00542557 0.0290963 0.0193592 0.00481939 -1.46792e-06 -0.000144722 -0.0351105 -0.0542211 0.0486254 0.123417 2.58175e-05 -0.0710618 -0.084605 -0.0760686 -0.135446 -0.043681 -0.139445 -0.0210631 0.00559323 0.0315115
internal_weight=0 44222 43630 43564 158 43406 27482 449 592 55 27033 675 644 26358 8.30495e+07 1.32875e+07 1114 907 207 119 6.9762e+07 794 675 646 228 418 90 2095 709 517
internal_count=83093716 44222 43630 43564 158 43406 27482 449 592 55 27033 675 644 26358 83049494 13287520 1114 907 207 119 69761974 794 675 646 228 418 90 2095 709 517
is_linear=0
shrinkage=0.1


Tree=53
num_leaves=31
num_cat=0
split_feature=22 9 14 8 3 21 26 15 15 3 26 26 3 13 3 13 14 8 3 3 3 13 14 13 17 10 3 9 9 0
split_gain=34.0595 77.8282 66.3422 101.494 68.8121 68.6071 74.2046 53.2561 94.5211 125.861 93.5641 89.3911 85.3602 91.28 56.5636 45.5706 45.2852 68.1924 33.6454 103.597 62.4372 60.4857 41.588 51.5567 30.5386 118.396 84.2256 60.8077 70.9856 90.5473
threshold=1.0000000180025095e-35 0.53051573038101207 0.95004814863204967 0.74613162875175487 -0.29586949944496149 1.0000000180025095e-35 27.16276836395264 0.049373248592019088 0.087472006678581252 0.56513798236846935 169.45611572265628 311.14414978027349 -1.0000000180025095e-35 0.17453056573867801 -0.1403744965791702 0.25734108686447149 0.66649928689003002 0.07163399271667005 0.08119750022888185 0.01087299967184663 0.15033400058746341 0.89936035871505748 0.74820527434349071 0.063485044986009612 1.0000000180025095e-35 0.12400152161717416 3.343134999275208 0.30526308715343481 0.080030526965856566 0.0028101481730118398
decision_type=2 2 2 2 2 2 2 2 2 2 2 2 2 2 2 2 2 2 2 2 2 2 2 2 2 2 2 2 2 2
left_child=24 2 3 4 -2 6 -6 11 10 -10 -9 -8 14 16 -13 -7 17 -14 19 22 -20 -22 -5 -24 -1 26 -26 28 29 -28
right_child=1 -3 -4 18 5 15 7 8 9 -11 -12 12 13 -15 -16 -17 -18 -19 20 -21 21 -23 23 -25 25 -27 27 -29 -30 -31
leaf_value=-1.7365239966403342e-08 -0.097352492710461425 -0.18011457217591151 0.16101820456484955 -0.1109662455385146 -0.040867952412812956 -0.21320718519389628 0.011606204616770975 0.32349303308874372 -0.047429155839074942 0.2222046672123606 0.084221656739034437 0.033905057609081267 0.072282827556133272 -0.037615290656685833 0.23823151110804508 -0.0046425329013304274 -0.043010622362295789 0.26417830383405089 -0.19961957820196405 0.11272939106449485 -0.078779150318209229 0.11640835963189602 -0.052792487249133137 0.099927157931961122 -0.00056258877817946969 -0.21920953994547882 -0.025271484306237352 0.019077376556592158 -0.24828155807086399 -0.14935659236274659
leaf_weight=83088618 49 21 30 69 157 20 1248 26 70 23 44 20 250 98 42 22 30 20 32 50 77 20 84 30 2117 27 222 99 21 80
leaf_count=83088618 49 21 30 69 157 20 1248 26 70 23 44 20 250 98 42 22 30 20 32 50 77 20 84 30 2117 27 222 99 21 80
internal_value=0 0.0115979 0.0132013 0.0114139 0.0197737 0.0225462 0.0251662 0.0307072 0.0853205 0.0192545 0.173094 0.0254953 0.0631771 0.046175 0.17232 -0.103959 0.0735465 0.0864973 -0.037521 -0.0148367 -0.0784934 -0.0385343 -0.0496908 -0.0126031 -3.54268e-07 -0.0109095 -0.00869439 -0.0494883 -0.0705037 -0.0581417
internal_weight=0 2532 2511 2481 2119 2070 2028 1871 163 93 70 1708 460 398 62 42 300 270 362 233 129 97 183 114 8.30912e+07 2566 2539 422 323 302
internal_count=83093716 2532 2511 2481 2119 2070 2028 1871 163 93 70 1708 460 398 62 42 300 270 362 233 129 97 183 114 83091184 2566 2539 422 323 302
is_linear=0
shrinkage=0.1


Tree=54
num_leaves=31
num_cat=0
split_feature=26 4 15 15 7 13 0 9 2 26 13 13 2 13 7 1 13 1 1 2 2 19 3 18 16 3 4 14 4 26
split_gain=30.064 97.3354 110.718 149.587 96.312 95.077 82.6973 77.632 78.4976 79.0691 75.4157 89.5542 75.5953 107.356 125.21 114.965 101.379 68.7846 108.656 139.736 141.401 96.3308 83.1174 78.4044 100.251 98.5874 155.488 108.57 91.0388 79.7744
threshold=299.24307250976568 0.067786492407321944 0.5405339002609254 0.034605244174599654 0.91760551929473888 0.12630172073841098 -0.024291174486279484 0.0044783833436667928 0.05144977637925361 999.93637084960949 0.145879901945591 0.0010905198287218811 0.0021293424363931506 0.0031703551067039375 0.027126056142151359 0.00022251299796670004 0.056825529783964164 5.4806743625438607e-05 1.0000000180025095e-35 0.0007826589521061502 0.00031802762916345004 0.7019123136997224 4.1433904170989999 0.21915384382009509 0.13225658982992175 4.1433904170989999 0.9252023994922639 0.011502557899802925 0.22048421949148181 308.09318542480474
decision_type=2 2 2 2 2 2 2 2 2 2 2 2 2 2 2 2 2 2 2 2 2 2 2 2 2 2 2 2 2 2
left_child=-1 6 3 7 5 -5 -2 8 9 10 11 17 13 -13 15 -15 -16 18 23 20 22 -19 -20 24 25 26 -3 29 -26 -27
right_child=1 2 -4 4 -6 -7 -8 -9 -10 -11 -12 12 -14 14 16 -17 -18 21 19 -21 -22 -23 -24 -25 28 27 -28 -29 -30 -31
leaf_value=-4.4717325088351779e-05 -0.0060624923417548918 -0.023365564636479388 -0.15973582224920393 0.034078668091359808 -0.12938661230944618 -0.035042635088681273 8.8317056916074543e-05 0.039701842338601662 0.13873205564675792 0.054188473231709791 0.070162593648054231 -0.25236473353579641 0.093484197437231034 -0.18682814653896329 0.0039279298515923862 -0.0018533567432314159 -0.2011907239754995 -0.04120750852550506 -0.019316337691383304 -0.10604794821291066 0.26929999898981166 0.045525381771469677 0.066707731187430119 0.021860187671081031 0.17456749048193587 0.087058318415213207 0.14221547662534498 -0.20330077445560552 0.0030373358223208247 -0.053453807054477914
leaf_weight=53515861 21875 403 50 1189 43 239 29548644 227 31 137 86 32 28 112 224 48 27 1777 181 68 27 138 296 376 34 42 66 47 344 1064
leaf_count=53515861 21875 403 50 1189 43 239 29548644 227 31 137 86 32 28 112 224 48 27 1777 181 68 27 138 296 376 34 42 66 47 344 1064
internal_value=0 8.09097e-05 -0.0114364 -0.0104187 0.0180698 0.02251 8.3767e-05 -0.0176254 -0.0199542 -0.0208394 -0.0227359 -0.0242337 -0.0658686 -0.0759406 -0.0622044 -0.131336 -0.0181366 -0.0202012 -0.0106157 0.0285124 0.0466673 -0.0349573 0.0340655 -0.0200354 -0.0279118 -0.0387199 -6.41814e-05 -0.0544437 0.018466 -0.0481179
internal_weight=0 2.95779e+07 7336 7286 1471 1428 2.95705e+07 5815 5588 5557 5420 5334 471 443 411 160 251 4863 2948 572 504 1915 477 2376 2000 1622 469 1153 378 1106
internal_count=83093716 29577855 7336 7286 1471 1428 29570519 5815 5588 5557 5420 5334 471 443 411 160 251 4863 2948 572 504 1915 477 2376 2000 1622 469 1153 378 1106
is_linear=0
shrinkage=0.1


Tree=55
num_leaves=31
num_cat=0
split_feature=0 9 9 15 26 1 3 3 0 26 1 16 3 1 14 3 14 26 3 3 14 26 14 3 15 14 2 1 3 6
split_gain=28.9957 48.5688 56.2582 61.2157 40.6022 46.5934 36.9816 53.8183 141.097 137.034 57.8272 48.4696 47.8262 47.2179 71.9138 38.3169 107.445 48.5904 34.4351 37.2038 42.396 75.3365 34.1063 31.0197 30.9594 30.7461 28.994 134.36 334.968 96.2153
threshold=0.087758697569370284 0.40843568742275244 0.26517866551876074 0.085452996194362654 71.020156860351577 1.8125423324538831e-06 1.6857554912567141 1.4925720095634463 0.19705608487129214 226.29190826416018 5.8223959556884881e-06 0.049932263791561134 1.5558925271034243 5.9154542463192372e-06 0.98461127281188976 1.6206545233726504 0.20462840795516971 180.33281707763675 0.97308099269866954 1.1838999986648562 0.060548339039087302 231.1708679199219 0.64189010858535778 0.072576999664306655 0.033473262563347823 0.77703565359115612 -0.058934122107042346 0.011766311318164552 -0.39716699719429011 1.0000000180025095e-35
decision_type=2 2 2 2 2 2 2 2 2 2 2 2 2 2 2 2 2 2 2 2 2 2 2 2 2 2 2 2 2 2
left_child=26 2 6 -4 -3 -6 7 10 15 -10 18 22 -11 14 -12 16 17 -9 -2 20 21 -20 -8 -15 25 -24 -1 -28 -29 -30
right_child=1 4 3 -5 5 -7 11 8 9 12 13 -13 -14 23 -16 -17 -18 -19 19 -21 -22 -23 24 -25 -26 -27 27 28 29 -31
leaf_value=0.0034431416184126911 0.0066978130653929423 -0.0025745660066604616 -0.019254734787218116 -0.22136835076592187 0.17712109986206759 0.028541130646585658 -0.02601671462736261 0.050252526886761184 -0.029274899415347888 0.17896797752806121 0.042476848842935608 0.11668196998536587 0.3759957479397682 -0.045987070677801972 0.21010827115087799 -0.032426341743575005 -0.0089442185925514405 0.22049862558120178 -0.048863021592929295 2.2382490451943557e-05 -0.020206212199924665 -0.25228095923364163 0.070308732907805191 0.024307998014387995 -0.074231869211563703 0.0031780816302122879 -2.7716604737571522e-07 -0.34701007892688118 -0.010515226491196713 -0.091706740426137148
leaf_weight=24443 1639 53 47 22 46 39 674 30 23 28 114 30 22 68 33 101 134 38 67 362 174 25 90 817 39 282 83056952 30 7145 149
leaf_count=24443 1639 53 47 22 46 39 674 30 23 28 114 30 22 68 33 101 134 38 67 362 174 25 90 817 39 282 83056952 30 7145 149
internal_value=0 0.00761726 0.0059558 -0.0836968 0.0661176 0.108949 0.00724725 0.0120871 0.0479325 0.172735 0.00800168 -0.00870479 0.26566 0.0276245 0.0801084 0.0178645 0.0430099 0.14539 -0.000931147 -0.0208418 -0.0492358 -0.10414 -0.0121717 0.0189068 0.0105328 0.0194194 -4.58134e-07 -1.47147e-06 -0.0135453 -0.0121738
internal_weight=0 4997 4859 69 138 85 4790 3675 376 73 3299 1115 50 1032 147 303 202 68 2267 628 266 92 1085 885 411 372 8.30887e+07 8.30643e+07 7324 7294
internal_count=83093716 4997 4859 69 138 85 4790 3675 376 73 3299 1115 50 1032 147 303 202 68 2267 628 266 92 1085 885 411 372 83088719 83064276 7324 7294
is_linear=0
shrinkage=0.1


Tree=56
num_leaves=31
num_cat=0
split_feature=26 4 1 6 3 2 2 1 26 2 16 1 26 6 2 3 4 0 18 3 3 1 1 2 14 26 1 14 15 14
split_gain=28.5784 44.1169 29.6252 61.2936 68.7548 71.3201 95.1157 69.8407 56.171 56.1206 55.8333 62.9925 68.2247 49.8619 47.3443 47.3146 111.24 47.7564 67.9473 120.777 130.745 127.834 117.797 103.114 92.6783 87.7933 73.9046 93.139 69.2567 138.996
threshold=5.3191337585449228 0.072617162019014372 0.00012079292371305001 0.5839887559413911 4.1433904170989999 -0.008747229335895149 -1.0000000180025095e-35 0.00093380336056365009 92.143386840820327 -0.00052660236427129979 0.33388794958591467 0.0065773731705465006 89.082893371582045 0.898319572210312 8.8704250177732924e-05 1.0630374550819399 0.82193505764007579 -0.046048661693930619 0.016976296901702884 2.9375464916229252 2.5028109550476079 0.00036413696963660005 0.00015151724106025001 -0.015957623089464145 0.0052619564812630424 350.07540893554693 0.0009740921802358001 0.91090703010559093 0.00066440823138691496 0.41404773294925695
decision_type=2 2 2 2 2 2 2 2 2 2 2 2 2 2 2 2 2 2 2 2 2 2 2 2 2 2 2 2 2 2
left_child=1 -1 -2 15 -5 7 9 13 -9 10 11 12 -7 -6 -8 16 -4 18 19 20 23 -22 -21 26 -20 -25 27 -17 29 -27
right_child=2 -3 3 4 5 6 14 8 -10 -11 -12 -13 -14 -15 -16 17 -18 -19 24 22 21 -23 -24 25 -26 28 -28 -29 -30 -31
leaf_value=-0.00068684849458139645 1.0825977959320598e-05 0.038191789188996371 -6.1810945153320727e-05 0.081406268624008682 0.008254495879881224 -0.025128103696064365 0.12475256906712757 0.02598504351871549 -0.073424851579161787 -0.17581467940017764 0.0084460197692423807 0.088413674818972748 -0.10568369104904998 0.11398781598485136 -0.0054025447850299495 0.049573688328229386 0.13076662508054424 -0.0016200811993870015 -0.10419261949372632 0.25892451533194011 0.014064664707844517 -0.13777887312713508 0.028855667108505529 -0.0016219177858126576 0.082429152706754397 -0.13292627348085848 -0.0028520977399123545 0.26691664917902513 -0.0096966458933193042 -0.011196131936224278
leaf_weight=633495 81724843 292 503238 61 106 161 34 101 130 41 113 24 303 77 157 190 65 227838 158 24 83 167 306 702 32 214 346 22 226 167
leaf_count=633495 81724843 292 503238 61 106 161 34 101 130 41 113 24 303 77 157 190 65 227838 158 24 83 167 306 702 32 214 346 22 226 167
internal_value=0 -0.000668936 5.14136e-06 -0.000626859 -0.0222549 -0.0273257 -0.0441854 0.00659734 -0.0299599 -0.0626166 -0.0548943 -0.0695612 -0.0777323 0.0527434 0.0177664 -0.000588306 -4.49149e-05 -0.00177494 -0.0151551 -0.0106822 -0.0194536 -0.0873668 0.0455879 -0.0103598 -0.0727616 -0.0257036 0.025635 0.0721281 -0.0535542 -0.0795695
internal_weight=0 633787 8.24599e+07 735086 1308 1247 833 414 231 642 601 488 464 183 191 733778 503303 230475 2637 2447 2117 250 330 1867 190 1309 558 212 607 381
internal_count=83093716 633787 82459929 735086 1308 1247 833 414 231 642 601 488 464 183 191 733778 503303 230475 2637 2447 2117 250 330 1867 190 1309 558 212 607 381
is_linear=0
shrinkage=0.1


Tree=57
num_leaves=31
num_cat=0
split_feature=22 9 14 8 3 3 26 26 21 15 15 26 3 26 3 22 13 26 13 3 3 3 3 13 13 14 3 3 26 3
split_gain=27.5933 62.9991 53.7341 82.2154 58.1482 133.073 100.433 57.0354 58.3912 48.5237 89.613 113.581 104.566 58.2357 44.7625 39.9333 57.2309 33.6822 29.1966 27.6279 69.3752 42.2844 78.0226 59.1815 56.5864 55.5198 58.2573 45.989 31.6606 27.5801
threshold=1.0000000180025095e-35 0.53051573038101207 0.95004814863204967 0.74613162875175487 -0.2216365039348602 -0.1225450001657009 149.61078643798831 27.16276836395264 1.0000000180025095e-35 0.048471070826053626 0.087472006678581252 169.45611572265628 0.56513798236846935 311.14414978027349 0.0028820000588893895 0.96153518557548534 0.086371324956417098 173.756462097168 0.17453056573867801 -0.09472199901938437 -0.087232500314712511 -0.022071499377489086 -1.0000000180025095e-35 0.060290187597274787 0.74128538370132457 0.41911613941192633 0.53070998191833507 0.16752150654792788 149.61078643798831 0.13415650278329852
decision_type=2 2 2 2 2 2 2 2 2 2 2 2 2 2 2 2 2 2 2 2 2 2 2 2 2 2 2 2 2 2
left_child=-1 2 3 4 15 6 -6 -7 9 13 11 -11 -12 19 -15 16 -2 -10 -16 -9 -21 -22 -23 25 -25 26 27 28 -24 -5
right_child=1 -3 -4 29 5 7 -8 8 17 10 12 -13 -14 14 18 -17 -18 -19 -20 20 21 22 23 24 -26 -27 -28 -29 -30 -31
leaf_value=-3.1855122239283275e-07 -0.020719366391398472 -0.1620449919719249 0.14491314808527631 -0.015652291301505368 0.0076170879795595453 -0.041831731709828179 0.25482094403178918 -0.10323948126963595 -0.0033083632588386536 0.36768999338150027 -0.046672197102623825 0.077013202268266828 0.19998703728551451 0.077450887727900417 0.048932454483487563 0.053791879891203001 -0.19266246173065157 -0.18463751091843561 -0.032673563885036859 0.19450597871094943 -0.094359253644943242 0.16174035527387098 0.030961547841752569 -0.05961240209907908 0.090152045210887655 0.13597920898740229 0.10959703396319559 -0.086955245562336025 -0.012424350228832395 -0.075822099221767775
leaf_weight=83091184 49 21 30 253 27 153 42 22 20 20 68 41 23 256 97 26 32 21 80 20 40 33 375 194 29 38 57 51 305 109
leaf_count=83091184 49 21 30 253 27 153 42 22 20 20 68 41 23 256 97 26 32 21 80 20 40 33 375 194 29 38 57 51 305 109
internal_value=0 0.0104391 0.0118816 0.010273 0.0177971 0.0216172 0.158089 0.0167708 0.0217799 0.0245452 0.0785351 0.172317 0.0156702 0.0194065 0.0507159 -0.0540361 -0.0886475 -0.0961843 0.0120484 0.00775962 0.00989795 0.00660726 0.0103398 0.00557701 -0.0401363 0.0179185 0.0122252 0.00463261 0.0115017 -0.0337697
internal_weight=0 2532 2511 2481 2119 2012 69 1943 1790 1749 152 61 91 1597 433 107 81 41 177 1164 1142 1122 1082 1049 223 826 788 731 680 362
internal_count=83093716 2532 2511 2481 2119 2012 69 1943 1790 1749 152 61 91 1597 433 107 81 41 177 1164 1142 1122 1082 1049 223 826 788 731 680 362
is_linear=0
shrinkage=0.1


Tree=58
num_leaves=31
num_cat=0
split_feature=20 3 1 3 2 3 1 14 1 14 2 26 3 3 13 20 9 15 3 3 2 1 1 20 4 13 26 16 20 1
split_gain=26.1221 66.8228 57.1753 166.935 55.879 191.58 146.226 174.457 133.967 102.857 93.4021 121.299 143.506 417.506 92.8049 87.8976 79.5541 78.8066 163.107 278.759 76.1481 75.543 71.5546 70.4152 67.4706 91.4007 73.3959 67.0941 64.2434 86.7539
threshold=0.50538161396980297 0.94279950857162487 0.011766311318164552 0.10698499903082849 -0.13604505617114263 3.343134999275208 0.070650786016459965 0.021788221783936027 0.0074286826741851008 0.003786049317568541 -0.025553262607634599 226.29190826416018 2.0711144208908085 1.9652274847030642 0.13997181504964831 0.99852940440177929 0.5678025782108308 0.0083443182520568388 1.4342429637908938 1.6857554912567141 -0.029150001330241947 5.2297933495915244e-06 0.014622739945749553 0.96679237484931957 0.087801903486251845 0.0017797229811549189 545.27511596679699 0.89584308862686168 0.90277221798896801 0.029216446485834453
decision_type=2 2 2 2 2 2 2 2 2 2 2 2 2 2 2 2 2 2 2 2 2 2 2 2 2 2 2 2 2 2
left_child=-1 2 -2 -4 5 22 -7 15 21 10 11 -10 13 17 20 24 -16 18 -13 -20 -14 27 23 -3 25 26 -8 -6 29 -24
right_child=1 4 3 -5 8 6 7 -9 9 -11 -12 12 14 -15 16 -17 -18 -19 19 -21 -22 -23 28 -25 -26 -27 -28 -29 -30 -31
leaf_value=1.7842512901113697e-06 0.00054379315455893021 -0.0093680313349013104 0.28904176265001297 0.021884870986882649 -0.0085184181261182233 0.038466380439621875 -0.0009852725603032408 -0.30625442689657212 -0.021619174419133341 0.061658599761386337 -0.0032348023629849734 -0.021639119042730373 -0.018037890027938357 -0.44244666921022618 -0.033935326151549816 -0.17707111501112216 -0.27820077300071716 0.019071676906336238 -0.45495190615615533 -0.030871075836400832 -0.19848953869938851 0.00048975285962763284 0.22995916086180912 0.18625700324773789 0.07380366770581144 -0.1210013509592385 -0.17883538663387299 -0.17583321637163563 0.011571951522086184 0.075876597192161305
leaf_weight=83009706 44382 230 25 363 17486 297 323 25 757 117 648 72 362 39 24 41 30 54 31 31 25 17906 41 20 61 103 25 24 132 336
leaf_count=83009706 44382 230 25 363 17486 297 323 25 757 117 648 72 362 39 24 41 30 54 31 31 25 17906 41 20 61 103 25 24 132 336
internal_value=0 -0.00176246 0.000877929 0.0390986 -0.00477495 0.0133285 -0.0185623 -0.047866 -0.00556156 -0.0295636 -0.0347122 -0.0490261 -0.0800846 -0.144688 -0.0468309 -0.0361847 -0.169638 -0.0829184 -0.124019 -0.242911 -0.029695 -0.00407735 0.0500934 0.00628197 -0.0249028 -0.0382534 -0.0137619 -0.00874775 0.0716117 0.0926336
internal_weight=0 84010 44770 388 39240 1634 875 578 37606 2190 2073 1425 668 227 441 553 54 188 134 62 387 35416 759 250 512 451 348 17510 509 377
internal_count=83093716 84010 44770 388 39240 1634 875 578 37606 2190 2073 1425 668 227 441 553 54 188 134 62 387 35416 759 250 512 451 348 17510 509 377
is_linear=0
shrinkage=0.1


Tree=59
num_leaves=31
num_cat=0
split_feature=0 9 3 15 17 3 2 15 26 2 13 3 20 20 14 26 0 3 26 10 26 2 3 1 1 4 14 15 3 22
split_gain=26.0323 31.0383 36.0823 49.3246 36.56 39.0483 36.351 39.7792 35.281 46.5299 44.8641 67.9916 33.8932 58.7885 37.4947 32.3637 45.11 136.192 99.892 35.8636 35.0854 31.5663 39.924 31.4212 31.1555 41.0118 30.2899 42.0017 82.8667 48.6759
threshold=0.033357899636030204 0.93486592173576366 1.6857554912567141 0.25790771842002874 1.0000000180025095e-35 2.2194035053253178 -0.0011310388869960998 0.055289354175329215 238.39286804199222 0.0044296970774854007 0.53564187884330761 2.5028109550476079 0.13921163976192477 0.96679237484931957 0.88117954134941112 46.229627609252937 0.19705608487129214 1.4925720095634463 350.07540893554693 0.60498732328414928 226.29190826416018 0.0065219292226826008 1.7505649924278261 5.8549226438813595e-06 0.00050419136834635003 0.087801903486251845 0.91969251632690441 0.00044526625424623495 2.9375464916229252 1.0000000180025095e-35
decision_type=2 2 2 2 2 2 2 2 2 2 2 2 2 2 2 2 2 2 2 2 2 2 2 2 2 2 2 2 2 2
left_child=26 2 15 4 5 6 -4 12 9 24 -10 -12 14 -14 -8 -2 19 23 20 -17 -19 22 -9 -18 25 -7 -1 29 -29 -28
right_child=1 -3 3 -5 -6 8 7 21 10 -11 11 -13 13 -15 -16 16 17 18 -20 -21 -22 -23 -24 -25 -26 -27 27 28 -30 -31
leaf_value=5.4289688040792337e-07 -0.0044388352859843685 0.030842310489255561 -0.04128541734837856 0.051603517293309177 -0.088820585547588204 -0.014724265439765358 -0.010375133083706575 -0.1192471214197576 0.017276610594980688 0.077178331511884427 0.23553658820067847 -0.0050696631164654444 0.16695316225290299 -0.045547171483707169 0.013675310196610722 0.0056339241415064778 -0.0100933602660717 -0.015753425061702728 0.34273128590800545 -0.11931635708264683 0.1576628278674824 -0.14228500532917679 -0.0032615696302736585 0.058244761063792561 -0.085533603300051442 0.10941587533535702 -0.001556325793555891 -0.010091354479194112 -0.17679623606304329 0.1024926127327813
leaf_weight=83007614 3389 395 327 156 52 537 3363 40 804 59 24 23 30 23 803 18196 210 20 22 23 28 32 115 99 58 28 52247 4924 30 45
leaf_count=83007614 3389 395 327 156 52 537 3363 40 804 59 24 23 30 23 803 18196 210 20 22 23 28 32 115 99 58 28 52247 4924 30 45
internal_value=0 0.00300305 0.00261668 -0.00394505 -0.00531662 -0.00462364 -0.00911635 -0.00672886 0.0092472 -0.00769899 0.0228281 0.117793 -0.00472844 0.074736 -0.00573939 0.00454876 0.00618652 0.040333 0.16628 0.00547618 0.0854061 -0.0518614 -0.0331933 0.0118014 -0.0157371 -0.00857219 -1.04292e-06 -0.00230051 -0.0111009 -0.00146679
internal_weight=0 28856 28461 6474 6318 6266 4733 4406 1533 682 851 47 4219 53 4166 21987 18598 379 70 18219 48 187 155 309 623 565 8.30649e+07 57246 4954 52292
internal_count=83093716 28856 28461 6474 6318 6266 4733 4406 1533 682 851 47 4219 53 4166 21987 18598 379 70 18219 48 187 155 309 623 565 83064860 57246 4954 52292
is_linear=0
shrinkage=0.1


Tree=60
num_leaves=31
num_cat=0
split_feature=3 12 26 13 15 13 14 8 4 7 1 26 8 5 2 16 7 4 0 16 20 16 20 1 2 20 1 3 2 4
split_gain=24.9365 65.2453 96.1342 116.828 140.98 78.8631 68.8055 84.013 58.7625 79.367 113.617 62.429 56.1079 56.0682 51.5633 80.4272 76.3506 104.899 82.6491 75.2123 74.4777 66.935 122.925 66.2669 80.144 62.5129 61.1269 166.496 73.7965 57.7907
threshold=0.64090400934219371 1.0000000180025095e-35 109.92773056030275 0.58586266636848461 0.27594251930713659 0.15468687564134601 0.12240617722272874 0.5664392113685609 0.98685157299041759 0.81283089518547069 9.525102986616698e-05 96.896739959716811 0.96035403013229381 1.0000000180025095e-35 -9.9284895444660078e-05 0.066122770309448256 0.91760551929473888 0.021004183217883114 -0.098759829998016344 0.99031487107276928 1.0000000180025095e-35 0.64080783724784862 0.85840713977813732 7.5648036044634752e-06 0.0016804147046444501 0.49189253151416784 0.0002021364214458 3.343134999275208 0.0022290392630554003 0.22048421949148181
decision_type=2 2 2 2 2 2 2 2 2 2 2 2 2 2 2 2 2 2 2 2 2 2 2 2 2 2 2 2 2 2
left_child=1 8 -3 4 6 -6 13 -8 9 -1 -11 -10 -5 -4 19 25 17 20 -19 -2 -17 -20 26 -18 -25 -16 28 -28 29 -23
right_child=14 2 3 12 5 -7 7 -9 11 10 -12 -13 -14 -15 15 16 23 18 21 -21 -22 22 -24 24 -26 -27 27 -29 -30 -31
leaf_value=1.4915121645433966e-05 -0.0012621955092505831 0.013020714619900295 -0.030506095561417753 -0.073698406935657171 0.00098796684028846864 0.20535827203676471 -0.23619812819011071 0.022096730880439282 -0.014241720924153926 -0.045569634329570279 0.095032858836745462 0.13295388377613135 -0.19481442091257678 0.091617375481873764 -0.00010703711487628382 0.0042754470793538221 -0.0034355298201837799 -0.13772741375224931 0.020132199256651051 -0.073797958271278372 0.092782519168965169 0.16456671365589468 -0.16606039122367899 -0.12515456659484256 0.015997830973091452 -0.0044924099561351131 0.16631043584396443 -0.17769925633774086 0.20890326425433159 0.056057462621875935
leaf_weight=77794068 409576 576 625 227 35 41 34 20 50 655 63 68 46 40 4846310 4793 1290 28 1201 143 97 53 24 103 66 32725 24 34 37 664
leaf_count=77794068 409576 576 625 227 35 41 34 20 50 655 63 68 46 40 4846310 4793 1290 28 1201 143 97 53 24 103 66 32725 24 34 37 664
internal_value=0 1.42943e-05 -0.0199071 -0.0376659 -0.0182845 0.11124 -0.0319755 -0.140533 1.47153e-05 1.46083e-05 -0.0332326 0.0705829 -0.0941062 -0.0231603 -0.000209939 -0.000119605 0.00964886 0.0140118 0.0329105 -0.00128751 0.00603111 0.0352561 0.0569831 -0.0111493 -0.07003 -0.000136451 0.0635755 -0.0353504 0.0711852 0.0640784
internal_weight=0 7.77965e+07 1644 1068 795 76 719 54 7.77949e+07 7.77948e+07 718 118 273 665 5.29717e+06 4.88745e+06 8414 6955 2065 409719 4890 2037 836 1459 169 4.87904e+06 812 58 754 717
internal_count=83093716 77796548 1644 1068 795 76 719 54 77794904 77794786 718 118 273 665 5297168 4887449 8414 6955 2065 409719 4890 2037 836 1459 169 4879035 812 58 754 717
is_linear=0
shrinkage=0.1


Tree=61
num_leaves=31
num_cat=0
split_feature=2 1 3 7 6 15 4 19 2 20 20 26 1 26 3 3 4 2 2 26 1 1 26 8 20 9 14 2 4 3
split_gain=25.8107 98.1745 272.45 86.4449 146.073 168.925 116.198 134.191 105.011 277.337 358.689 155.665 126.731 260.173 142.719 100.635 75.4093 118.228 61.4324 57.489 55.557 142.216 130.343 79.7277 69.5053 107.242 62.5765 73.7337 88.1535 68.1821
threshold=-0.058934122107042346 0.011766311318164552 -0.39716699719429011 0.39440751075744634 1.0000000180025095e-35 0.014833453577011825 0.9252023994922639 1.0000000180025095e-35 -0.049488690185407844 0.69166481494903576 0.83920091390609752 356.75193786621099 0.029216446485834453 453.58125305175787 3.7290139198303227 1.8119350075721743 1.0000000180025095e-35 -0.015083690928206349 -0.04365553592328409 201.59741973876956 0.070650786016459965 0.014622739945749553 147.72883605957034 0.28284921497106558 0.99999997019767772 0.99999997019767772 0.14089102298021319 -0.081241258522397927 0.65088403224945079 2.9375464916229252
decision_type=2 2 2 2 2 2 2 2 2 2 2 2 2 2 2 2 2 2 2 2 2 2 2 2 2 2 2 2 2 2
left_child=20 -2 -3 4 6 -6 7 8 9 12 11 -11 -4 14 15 -14 17 -9 19 -18 21 -1 -22 24 26 -26 27 29 -29 -24
right_child=1 2 3 -5 5 -7 -8 16 -10 10 -12 -13 13 -15 -16 -17 18 -19 -20 -21 22 -23 23 -25 25 -27 -28 28 -30 -31
leaf_value=0.001563372627512575 6.5077655256017033e-08 -0.31230458281313384 0.033489129054841811 0.15115561629786636 -0.061922536374322171 -0.35547433321674671 -0.13828595990342074 -0.16475637427398138 -0.0071000538349532101 -0.24292657876556573 -0.058226388633668982 -0.59648526966571802 0.060623404714128665 -0.40860894810230963 0.16618821664616978 -0.15889266557060183 0.08465598049030329 0.11093108665996365 0.037355575185301235 0.23802526303239771 0.010971810535146891 0.023457046260236904 0.0065991393814788836 0.045680728686618155 -0.3047513457861814 0.01118268512544178 0.057843335901208694 -0.15222097946002203 0.076577782347088771 -0.031425565810904457
leaf_weight=15382 83061903 30 261 33 107 24 69 35 6198 33 107 20 31 21 29 64 72 28 145 37 2513 3676 633 173 22 21 94 85 21 1849
leaf_count=15382 83061903 30 261 33 107 24 69 35 6198 33 107 20 31 21 29 64 72 28 145 37 2513 3676 633 173 22 21 94 85 21 1849
internal_value=0 -9.57143e-07 -0.0115624 -0.0103289 -0.0110608 -0.115703 -0.00914357 -0.00788516 -0.0108653 -0.0520971 -0.163603 -0.376345 -0.00815387 -0.0831113 -0.0279867 -0.0872611 0.0557045 -0.0422286 0.079995 0.136717 0.00324734 0.00578633 -0.00569521 -0.020148 -0.0243272 -0.150458 -0.022305 -0.0252161 -0.106893 -0.0217279
internal_weight=0 8.30692e+07 7344 7314 7281 131 7150 7081 6764 566 160 53 406 145 124 95 317 63 254 109 24469 19058 5411 2898 2725 43 2682 2588 106 2482
internal_count=83093716 83069247 7344 7314 7281 131 7150 7081 6764 566 160 53 406 145 124 95 317 63 254 109 24469 19058 5411 2898 2725 43 2682 2588 106 2482
is_linear=0
shrinkage=0.1


Tree=62
num_leaves=31
num_cat=0
split_feature=7 1 1 13 15 1 2 14 15 4 14 26 3 26 1 14 3 2 7 26 2 2 2 2 2 3 2 3 15 0
split_gain=25.0612 68.4983 140.254 190.794 63.2426 62.9659 83.8953 149.454 135.601 117.702 72.609 70.2178 93.4979 90.2706 67.3422 62.0759 61.9577 59.7617 67.5852 59.5579 59.4856 73.519 92.53 87.2935 62.3055 134.919 99.8328 112.651 87.2242 55.5669
threshold=0.012249965453520419 7.5648036044634752e-06 7.4126805337459454e-05 0.63029062747955333 0.44925495982170111 0.0023825874081039003 0.0028019598966353503 0.011502557899802925 0.040411073714494712 0.40880481898784643 0.037056377157568939 245.86995697021487 3.343134999275208 552.19836425781261 0.00027813873554210009 0.019761260598897937 -0.64398401975631703 -0.015957623089464145 0.34041561186313635 84.378223419189467 0.0031227550521294007 0.0020862498783650002 0.00085812832907095006 0.00090535619061465011 -0.0011310388869960998 0.015909499488770965 -0.0013998216389781999 3.343134999275208 0.015130863059312107 -0.0010669850744307039
decision_type=2 2 2 2 2 2 2 2 2 2 2 2 2 2 2 2 2 2 2 2 2 2 2 2 2 2 2 2 2 2
left_child=-1 4 3 20 16 6 7 11 14 -10 -7 -4 17 -14 -8 -9 -2 18 -13 -6 21 22 24 -24 26 -26 -3 -28 -29 -27
right_child=1 2 5 -5 19 10 8 15 9 -11 -12 12 13 -15 -16 -17 -18 -19 -20 -21 -22 -23 23 -25 25 29 27 28 -30 -31
leaf_value=8.6937011552499473e-07 -0.16763746091587978 -0.022708128665976417 -0.0065509233084717943 -0.31657380681970848 -0.033363152910689163 0.044181948695692613 0.027553035023932654 0.24545539652928713 0.042573951841266437 0.19541208629185958 -0.15091434688307348 -0.0061618514855702718 -0.039161587145087023 -0.12103986600999322 -0.024252532905373495 0.057362509134609801 0.00032290960416454648 0.015621785267370665 -0.24348233431577682 0.086858093662139702 -0.11056230759405228 0.038382302708869984 -0.19088652239739895 -0.052355952134241802 -0.14126814371959293 0.14556303068443582 0.069568791426718235 -0.22740410766372943 -0.031495756091493549 0.00031252208686549936
leaf_weight=83072899 22 472 2047 23 56 413 471 20 213 66 20 30 584 175 537 143 12881 358 20 156 83 173 50 504 68 27 25 73 33 1074
leaf_count=83072899 22 472 2047 23 56 413 471 20 213 66 20 30 584 175 537 143 12881 358 20 156 83 173 50 504 68 27 25 73 33 1074
internal_value=0 -0.00346926 -0.0109546 -0.0298306 0.000926641 -0.00130741 -0.00469398 -0.0129737 0.0170313 0.0787292 0.0351706 -0.0177113 -0.0372873 -0.05804 -4.57646e-05 0.0804414 3.65322e-05 0.00131886 -0.10109 0.0551015 -0.0272763 -0.0245101 -0.0291879 -0.0648587 -0.0180357 -0.00456833 -0.0441441 -0.121379 -0.166414 0.00387452
internal_weight=0 20817 7702 2605 13115 5097 4664 3377 1287 279 433 3214 1167 759 1008 163 12903 408 50 212 2582 2499 2326 554 1772 1169 603 131 106 1101
internal_count=83093716 20817 7702 2605 13115 5097 4664 3377 1287 279 433 3214 1167 759 1008 163 12903 408 50 212 2582 2499 2326 554 1772 1169 603 131 106 1101
is_linear=0
shrinkage=0.1


Tree=63
num_leaves=31
num_cat=0
split_feature=26 4 9 10 4 19 15 13 2 15 18 3 7 7 15 15 1 2 3 1 2 1 18 1 13 14 1 2 6 16
split_gain=24.9342 75.8773 126.537 98.6823 93.5601 270.664 96.0063 125.782 117.449 95.8132 216.278 101.9 92.9221 89.368 103.165 115.114 228.046 196.375 221.981 89.2797 113.898 88.2969 87.467 87.3417 84.625 105.575 107.595 116.478 81.2944 80.8356
threshold=206.14579010009768 0.067786492407321944 1.0000000180025095e-35 0.22492027282714847 0.19669672846794131 0.61783882975578319 0.034605244174599654 0.32607327401638037 0.0020053692164483006 0.00066440823138691496 0.8586067557334901 -1.0000000180025095e-35 0.54010647535324108 0.72271147370338451 1.0000000180025095e-35 0.12031837925314905 0.029216446485834453 -0.0054149958129167996 4.1433904170989999 0.00058952636993020002 0.0083331990598606524 0.029216446485834453 0.37069971859455114 0.00072573466080255017 1.0000000180025095e-35 0.069974821060895934 0.00025506191624340006 -0.0028157641639134996 0.898319572210312 0.13225658982992175
decision_type=2 2 2 2 2 2 2 2 2 2 2 2 2 2 2 2 2 2 2 2 2 2 2 2 2 2 2 2 2 2
left_child=-1 -2 3 4 5 13 9 8 22 -6 11 -11 24 14 -3 16 17 18 -16 20 -10 -12 28 29 -13 26 27 -26 -8 -14
right_child=1 2 -4 -5 6 -7 7 -9 19 10 21 12 23 -15 15 -17 -18 -19 -20 -21 -22 -23 -24 -25 25 -27 -28 -29 -30 -31
leaf_value=-5.4803034415812611e-05 5.7012155946760228e-05 -0.062894964638042936 0.041489416040241651 0.17399163348921415 -0.0070323914898548822 -0.25415320154618132 -0.00053492013958595253 -0.13923722717137832 0.10459690619388531 0.16395560279488564 -0.074286233733097715 0.010541215886961984 -0.073659317520911413 0.13783145088236778 0.046238352926004506 -0.047484340987712988 -0.25574209793754249 0.033573889838667902 0.51174466550350195 -0.013058700774972504 0.38133989663794643 -0.26395118059935391 0.078177044995475647 -0.22834012498778683 -0.24716854724859774 0.15102686720589797 0.042084393632585107 -0.066144457522597983 0.14948604814708233 0.046262378846086673
leaf_weight=41529005 41553112 533 494 29 6481 55 1520 53 58 28 45 627 349 32 21 265 23 205 20 37 20 54 172 31 43 24 71 205 37 67
leaf_count=41529005 41553112 533 494 29 6481 55 1520 53 58 28 45 627 349 32 21 265 23 205 20 37 20 54 172 31 43 24 71 205 37 67
internal_value=0 5.47548e-05 -0.0080322 -0.0102351 -0.0107175 -0.037667 -0.00758308 0.0126489 0.0170144 -0.0123657 -0.0347522 -0.0249558 -0.0286887 -0.0268328 -0.0317712 -0.000705754 0.0453772 0.0735307 0.273315 0.114872 0.175557 -0.17774 0.0105057 -0.0664118 -0.011305 -0.0512397 -0.0664573 -0.0975317 0.00303013 -0.054345
internal_weight=0 4.15647e+07 11599 11105 11076 1154 9922 1897 1844 8025 1544 1445 1417 1099 1067 534 269 246 41 115 78 99 1729 447 970 343 319 248 1557 416
internal_count=83093716 41564711 11599 11105 11076 1154 9922 1897 1844 8025 1544 1445 1417 1099 1067 534 269 246 41 115 78 99 1729 447 970 343 319 248 1557 416
is_linear=0
shrinkage=0.1


Tree=64
num_leaves=31
num_cat=0
split_feature=18 14 18 26 26 15 15 2 26 4 15 2 26 4 15 4 4 1 1 26 13 18 4 15 26 26 15 15 4 4
split_gain=26.4548 71.9567 51.7249 63.9018 72.8825 76.7006 82.6496 72.4696 60.0071 85.7121 107.2 138.259 99.1822 77.7109 167.454 58.4347 77.973 106.712 99.0509 59.6819 56.3469 53.2145 100.92 121.08 52.0168 50.6012 46.7777 46.1895 166.056 97.9537
threshold=0.37069971859455114 0.035776082426309593 0.90562623739242565 364.29214477539068 136.53020477294925 0.025823382660746578 0.0070734850596636542 -0.020986724422763097 163.4223327636719 0.48933163285255438 0.00044526625424623495 -0.049488690185407844 111.58505249023439 0.72271147370338451 0.019878485240042213 0.98685157299041759 0.9252023994922639 0.070650786016459965 3.0575672901077271e-05 193.01679229736331 0.0050630655605345973 0.61531996726989757 0.27964606881141668 0.092742435634136214 559.27777099609386 188.64375305175784 0.10850441828370096 0.011766261886805298 0.17585674673318866 0.44697870314121252
decision_type=2 2 2 2 2 2 2 2 2 2 2 2 2 2 2 2 2 2 2 2 2 2 2 2 2 2 2 2 2 2
left_child=-1 2 8 4 -4 6 15 -5 9 10 11 12 -2 24 25 16 18 19 -6 -18 -11 -12 -23 -24 27 -15 -3 29 -29 -10
right_child=1 26 3 7 5 -7 -8 -9 13 20 21 -13 -14 14 -16 -17 17 -19 -20 -21 -22 22 23 -25 -26 -27 -28 28 -30 -31
leaf_value=-4.2080920949111739e-07 0.098408453336848722 -0.036866525368874567 0.006174128984584284 -0.028644392894555445 0.019302989661261656 0.048128666009753941 -0.23805983306467537 0.10010316552030385 0.0084880627562065429 0.015951343764599259 -0.022635874160602268 0.046216034847658037 0.26679718380824469 -0.049079152840810519 -0.14309702996323084 -0.10934024255436202 -0.15580442686166085 0.14976864435462928 -0.14113507955816801 0.041346497570767124 -0.095633996512818467 -0.0092389116971753529 0.29034551640506834 -0.023306420594453814 0.040587427878252619 0.06626176204759944 -0.19403563880107622 -0.12122525451157024 0.059108377080978602 -0.068744844310010683
leaf_weight=83089099 82 136 665 73 69 75 25 109 294 791 177 242 61 42 47 117 28 49 87 34 48 80 32 20 164 403 22 68 205 372
leaf_count=83089099 82 136 665 73 69 75 25 109 294 791 177 242 61 42 47 117 28 49 87 34 48 80 32 20 164 403 22 68 205 372
internal_value=0 0.00756937 0.00991936 -0.00659172 -0.0153123 -0.0448338 -0.0618808 0.0484627 0.016945 0.0310729 0.0570716 0.0922816 0.170239 0.0033663 0.0364159 -0.0504108 -0.0245877 0.0394768 -0.0701721 -0.0476894 0.00956744 0.0132015 0.0612562 0.16971 -0.0113757 0.0553757 -0.0587508 -0.0204512 0.0141901 -0.034651
internal_weight=0 4617 4459 1331 1149 484 409 182 3128 1533 694 385 143 1595 492 384 267 111 156 62 839 309 132 52 1103 445 158 939 273 666
internal_count=83093716 4617 4459 1331 1149 484 409 182 3128 1533 694 385 143 1595 492 384 267 111 156 62 839 309 132 52 1103 445 158 939 273 666
is_linear=0
shrinkage=0.1


Tree=65
num_leaves=31
num_cat=0
split_feature=17 10 3 26 3 14 0 14 0 0 1 1 13 2 2 2 0 4 9 3 0 3 26 3 7 1 3 14 0 18
split_gain=24.0782 96.0165 74.6087 113.843 40.0216 48.8099 50.7848 35.7359 39.73 32.6287 41.0889 29.507 24.7983 28.9377 104.396 85.0516 24.1859 57.6182 33.3748 39.4558 46.1725 65.2641 96.5488 74.1145 46.0762 44.2764 39.2841 76.3795 160.647 27.1001
threshold=1.0000000180025095e-35 0.12400152161717416 3.7290139198303227 302.02037048339849 1.3185999989509585 0.018608746118843559 -0.048567943274974816 0.92320555448532116 -0.059016725048422806 -0.0049581765197217456 0.00019122674607185001 0.00014453689352085001 0.47499512135982519 0.00031802762916345004 7.1408479535594642e-05 0.00036294933106135004 0.019010799005627636 0.98685157299041759 0.94830453395843517 1.0630374550819399 0.19705608487129214 1.6857554912567141 226.29190826416018 1.5558925271034243 0.45547680556774145 1.8125423324538831e-06 1.139945983886719 0.0029176480602473025 0.070299223065376296 1.0000000180025095e-35
decision_type=2 2 2 2 2 2 2 2 2 2 2 2 2 2 2 2 2 2 2 2 2 2 2 2 2 2 2 2 2 2
left_child=16 2 4 -4 7 12 -7 8 -2 -5 -11 -8 13 14 -6 -15 -1 18 19 24 26 22 25 -24 -18 -22 27 28 -21 -28
right_child=1 -3 3 9 5 6 11 -9 -10 10 -12 -13 -14 15 -16 -17 17 -19 -20 20 21 -23 23 -25 -26 -27 29 -29 -30 -31
leaf_value=-1.0790502531902974e-06 0.095016320080074643 -0.19726997139277283 0.0012481276851238883 -0.26384227181022818 -0.0018315579401932108 -0.20826522512804893 -0.011283105411425685 0.1157515840445246 0.0046863553107238829 -0.043190823783797606 -0.21549876564741136 -0.1089437799466153 -0.086565156286028594 -0.20427510494796131 0.17350599257009369 -0.014993302822334782 0.0041763688030630212 0.15389039485156539 0.023250094703013775 -0.037016801000689548 -0.046129217140119652 -0.0066112903317018931 0.099281372285646499 0.31338019310073423 -0.14059471836821599 0.093872359717214429 -0.0007033028714913069 -0.0051919862953399452 -0.26951104456728159 -0.060138856568797076
leaf_weight=83036957 53 27 98 22 1140 21 99 35 599 31 25 45 37 26 35 273 30866 25 732 299 58 194 61 22 22 37 20702 1065 33 77
leaf_count=83036957 53 27 98 22 1140 21 99 35 599 31 25 45 37 26 35 273 30866 25 732 299 58 194 61 22 22 37 20702 1065 33 77
internal_value=0 -0.00968673 -0.00769195 -0.0705034 -0.00301366 -0.0113458 -0.0629883 0.0173134 0.0120291 -0.160653 -0.120114 -0.0418021 -0.00570649 -0.00367679 0.00339126 -0.0314526 2.99236e-07 0.00211217 0.00204212 0.0017516 -0.00142878 0.03351 0.0772377 0.15603 0.00407326 0.00839771 -0.00201487 -0.0182472 -0.0601262 -0.000923551
internal_weight=0 2566 2539 176 2363 1676 165 687 652 78 56 144 1511 1474 1175 299 8.30912e+07 54193 54168 53436 22548 372 178 83 30888 95 22176 1397 332 20779
internal_count=83093716 2566 2539 176 2363 1676 165 687 652 78 56 144 1511 1474 1175 299 83091150 54193 54168 53436 22548 372 178 83 30888 95 22176 1397 332 20779
is_linear=0
shrinkage=0.1


Tree=66
num_leaves=31
num_cat=0
split_feature=26 0 9 14 14 15 26 3 3 26 26 2 18 14 4 4 13 4 15 4 0 15 26 13 4 26 1 26 26 3
split_gain=23.48 23.7341 33.9748 52.0522 64.2166 56.0912 39.8993 38.1521 145.542 34.7297 33.7087 32.4902 30.7481 58.9167 53.8194 76.6597 81.5617 72.3648 63.9286 65.8268 63.6603 67.6629 122.47 94.9134 85.2908 99.4762 58.5116 55.3243 51.1796 49.0183
threshold=3.4479532241821294 -0.19027723371982572 0.086834520101547255 0.0016890290426090362 0.84551095962524425 0.0070734850596636542 802.76577758789074 1.1838999986648562 1.0986645221710207 402.04974365234381 173.756462097168 -0.0022398011501233999 0.37069971859455114 0.035776082426309593 0.48933163285255438 0.22048421949148181 0.0041316214483231315 0.021004183217883114 0.044482378289103515 0.68211069703102123 -0.048567943274974816 0.0061740779783576736 484.02932739257818 0.56955620646476757 0.98685157299041759 84.378223419189467 0.029216446485834453 188.64375305175784 235.93595123291018 2.9375464916229252
decision_type=2 2 2 2 2 2 2 2 2 2 2 2 2 2 2 2 2 2 2 2 2 2 2 2 2 2 2 2 2 2
left_child=-1 2 3 5 6 7 -5 8 9 -2 -7 -4 -3 14 15 17 -17 29 19 -16 -21 23 -23 24 27 -26 -24 -22 -29 -14
right_child=1 12 11 4 -6 10 -8 -9 -10 -11 -12 -13 13 -15 18 16 -18 -19 -20 20 21 22 26 -25 25 -27 -28 28 -30 -31
leaf_value=-0.00085791520710579096 -0.0039859798545505759 3.115604628231158e-06 0.14155128885198523 0.0094949745190779783 -0.032611971637057958 -0.049810033863869271 0.098419712141751214 -0.0048495232136323962 -0.25721386398879753 -0.14152394114505679 -0.15529781331618628 0.0094587967855234954 -0.010567550352543623 -0.052023904324055487 -0.030408415636830156 0.04522379334319189 0.24556758176712765 -0.042290620711767465 0.05802880899912756 -0.13508662332690533 0.013146307519326826 -0.0076404628467648047 -0.081626875769524349 -0.14924052470528029 0.046628777596301269 -0.071844873297477019 -0.32062165275216103 0.11762702110973955 0.039839377759815199 0.047283186004059757
leaf_weight=317794 146 82769428 27 769 423 69 54 414 31 21 54 60 246 156 613 628 21 227 192 31 804 190 21 34 112 193 20 103 473 362
leaf_count=317794 146 82769428 27 769 423 69 54 414 31 21 54 60 246 156 613 628 21 227 192 31 804 190 21 34 112 193 20 103 473 362
internal_value=0 3.29365e-06 -0.0107096 -0.0133957 -0.000945878 -0.034501 0.0153296 -0.0221165 -0.0582201 -0.0212812 -0.0961217 0.050453 3.56129e-06 0.00833829 0.0105436 0.0259261 0.0517064 0.00588853 0.00234983 -0.00177136 0.00709008 0.00935033 -0.0414644 0.0161788 0.0195167 -0.0283398 -0.19821 0.0300937 0.0537493 0.0238765
internal_weight=0 8.27759e+07 2068 1981 1246 735 823 612 198 167 123 87 8.27739e+07 4426 4270 1484 649 835 2786 2594 1981 1950 231 1719 1685 305 41 1380 576 608
internal_count=83093716 82775922 2068 1981 1246 735 823 612 198 167 123 87 82773854 4426 4270 1484 649 835 2786 2594 1981 1950 231 1719 1685 305 41 1380 576 608
is_linear=0
shrinkage=0.1


Tree=67
num_leaves=31
num_cat=0
split_feature=2 1 2 20 19 1 3 13 20 1 13 15 4 15 4 26 26 6 7 1 20 3 26 3 2 3 10 9 13 26
split_gain=22.9171 59.4234 95.6564 94.4017 78.441 74.2062 74.1295 68.9129 71.8504 104.56 69.9991 65.2111 148.373 66.0947 199.822 81.4113 56.0737 55.9322 57.6432 55.9118 84.6387 68.3206 54.1688 61.0076 106.726 54.1733 51.1257 50.1548 67.8626 47.759
threshold=-0.029150001330241947 0.0009740921802358001 0.0065219292226826008 0.019886780530214313 0.7019123136997224 0.029216446485834453 0.97308099269866954 0.98030883073806774 0.0071070231497287759 0.0015969188177035003 0.99366164207458507 0.012041170150041582 0.021004183217883114 0.14896724373102191 0.31070631742477423 217.15000915527347 8.4995489120483416 0.044226281344890601 0.39440751075744634 0.0074286826741851008 0.94167014956474315 -0.16519050300121305 245.86995697021487 1.0000000180025095e-35 0.085824421418069854 1.0986645221710207 0.41850791871547705 0.13399043679237368 0.31369188427925115 167.40383911132815
decision_type=2 2 2 2 2 2 2 2 2 2 2 2 2 2 2 2 2 2 2 2 2 2 2 2 2 2 2 2 2 2
left_child=26 -2 3 4 6 -6 27 8 11 -10 -9 16 -13 14 15 -14 -8 -18 29 -4 21 -21 25 24 -24 -23 -1 -3 -29 -19
right_child=1 2 19 -5 5 -7 7 10 9 -11 -12 12 13 -15 -16 -17 17 18 -20 20 -22 22 23 -25 -26 -27 -28 28 -30 -31
leaf_value=0.0021624235920152091 1.1443239839082354e-06 -0.0044146845427460064 0.003928658032386438 0.0055903012741368276 0.093834243559103928 -0.1089800789420094 0.038521354656808809 0.17740099418320154 -0.30873984877020122 0.0038954785741541695 -0.043631076054019939 -0.0070282771754054812 0.16419243409677789 0.0073991933863767449 0.043743775175376372 0.43038413852453233 -0.015366724510293681 -0.037154883092191227 0.0969799325039441 0.086981229783153868 -0.20244921776263614 -0.012511082644565666 -0.021800135951489212 -0.022132381126289867 -0.22632507013068315 0.028864007911602541 -0.061109295750793539 0.015841413793386893 0.15884370395115444 -0.12133492369006958
leaf_weight=56089 82964447 22141 21750 6718 128 21 189 38 20 23 23 4527 27 142 165 20 13491 167 22 71 23 1127 65 884 42 440 128 640 35 113
leaf_count=56089 82964447 22141 21750 6718 128 21 189 38 20 23 23 4527 27 142 165 20 13491 167 22 71 23 1127 65 884 42 440 128 640 35 113
internal_value=0 -1.3659e-06 -0.0028522 -0.00541498 -0.00717816 0.0652497 -0.00743644 -0.0120562 -0.0123986 -0.141516 0.094061 -0.0121042 -0.00215278 0.0601957 0.0955594 0.277465 -0.0155782 -0.0163195 -0.0588813 0.0022572 -0.011451 -0.00978009 -0.0124658 -0.0307646 -0.102081 -0.000893316 0.00201836 -0.00359605 0.0232563 -0.0711275
internal_weight=0 8.30375e+07 73052 48650 41932 149 41783 18967 18906 43 61 18863 4881 354 212 47 13982 13793 302 24402 2652 2629 2558 991 107 1567 56217 22816 675 280
internal_count=83093716 83037499 73052 48650 41932 149 41783 18967 18906 43 61 18863 4881 354 212 47 13982 13793 302 24402 2652 2629 2558 991 107 1567 56217 22816 675 280
is_linear=0
shrinkage=0.1


Tree=68
num_leaves=31
num_cat=0
split_feature=22 9 3 3 14 22 3 3 26 13 26 1 3 3 15 13 13 3 15 14 14 8 26 26 26 3 3 3 3 3
split_gain=21.4972 50.8735 45.6298 58.3551 116.92 103.523 192.243 55.6517 46.3268 46.7142 98.9397 63.7895 73.0431 72.6556 60.3889 128.908 107.446 57.9962 51.1246 56.0851 84.52 103.701 169.134 80.4804 52.2723 54.8781 45.6712 106.27 40.0612 40.814
threshold=1.0000000180025095e-35 0.53051573038101207 -0.29586949944496149 -0.087232500314712511 0.040840884670615203 0.96153518557548534 -0.2148490026593208 -0.31786899268627161 27.16276836395264 0.60636949539184581 106.50751113891603 1.8125423324538831e-06 0.015909499488770965 0.0420490000396967 0.036378823220729835 0.063485044986009612 0.41459876298904424 0.3360114991664887 1.0000000180025095e-35 0.92915076017379772 0.72279644012451183 0.46194367110729223 155.61902618408206 414.20875549316412 422.63499450683599 0.70372551679611217 -0.17093800008296964 -0.18869099766016004 0.53070998191833507 0.008138999808579685
decision_type=2 2 2 2 2 2 2 2 2 2 2 2 2 2 2 2 2 2 2 2 2 2 2 2 2 2 2 2 2 2
left_child=-1 2 7 4 5 6 -4 -2 -5 14 -11 12 -12 -14 18 17 -17 -16 19 20 21 24 -23 -24 28 -26 27 -6 29 -10
right_child=1 -3 3 8 26 -7 -8 -9 9 10 11 -13 13 -15 15 16 -18 -19 -20 -21 -22 22 23 -25 25 -27 -28 -29 -30 -31
leaf_value=-2.8054400044098738e-07 -0.0044412557346125451 -0.14578446784899349 0.038438402917236096 -0.043648474649526182 -0.09086734306599413 0.046782353785919384 0.46681325110522187 -0.21249083772301677 0.0063431631131510291 0.077651841062549007 -0.09128832070558679 -0.17164829308405902 0.13783023289747928 -0.038324966751894014 -0.01905834842699318 0.33293154994025831 0.052974400096214735 0.1241251492825074 -0.063527571497594609 0.15638427424543938 -0.078780484928559241 -0.047530249442825932 0.25673603109623255 0.0471484848746547 0.084675809815526012 -0.055613701372503245 -0.10233719314847674 0.18989380342312731 0.063059288913365263 -0.045168901546931393
leaf_weight=83091184 36 21 20 160 28 47 22 20 790 74 102 39 38 61 103 29 26 39 85 28 93 47 57 27 155 34 35 26 99 191
leaf_count=83091184 36 21 20 160 28 47 22 20 790 74 102 39 38 61 103 29 26 39 85 28 93 47 57 27 155 34 35 26 99 191
internal_value=0 0.0092141 0.0105104 0.0125463 0.0676887 0.148735 0.262825 -0.0787447 0.0082357 0.012157 -0.0234386 -0.0546082 -0.0318989 0.0292902 0.0183562 0.0706103 0.200588 0.0202667 0.0119464 0.0161642 0.0135345 0.0196669 0.104374 0.189369 0.0109225 0.0594385 -0.0133578 0.0443139 0.00243214 -0.0036862
internal_weight=0 2532 2511 2455 178 89 42 56 2277 2117 314 240 201 99 1803 197 55 142 1606 1521 1493 1400 131 84 1269 189 89 54 1080 981
internal_count=83093716 2532 2511 2455 178 89 42 56 2277 2117 314 240 201 99 1803 197 55 142 1606 1521 1493 1400 131 84 1269 189 89 54 1080 981
is_linear=0
shrinkage=0.1


Tree=69
num_leaves=31
num_cat=0
split_feature=1 8 3 1 3 2 4 14 14 3 3 14 15 3 18 5 14 13 3 3 26 3 16 26 15 26 2 20 3 9
split_gain=20.4494 110.294 135.042 131.108 124.051 106.033 71.4783 65.7952 60.4347 81.0454 91.7022 75.86 92.4164 59.2056 55.2847 53.7335 70.2073 53.0955 59.3969 111.138 78.9253 75.2109 73.3603 51.7399 50.7437 59.0754 47.2187 46.412 62.3625 127.804
threshold=1.2666905803989707e-06 0.5664392113685609 -0.0028364999452605839 0.070650786016459965 -0.35352151095867151 -0.0021377268432001997 0.9252023994922639 0.68857181072235119 0.83454889059066784 0.15033400058746341 0.13099399954080584 0.35225833952426916 0.012041170150041582 -0.3814955055713653 0.8586067557334901 1.0000000180025095e-35 0.010392715688794853 0.96925583481788646 4.1433904170989999 0.49990250170230871 435.28565979003912 1.0011849999427798 0.99031487107276928 308.09318542480474 0.0041583054699003705 199.33017730712893 -1.0000000180025095e-35 0.14896758645772937 1.6206545233726504 0.12666285783052447
decision_type=2 2 2 2 2 2 2 2 2 2 2 2 2 2 2 2 2 2 2 2 2 2 2 2 2 2 2 2 2 2
left_child=6 15 4 5 13 -4 14 -6 9 10 23 -11 -13 -3 27 -2 -17 18 19 22 26 -21 -8 -7 25 -23 -20 -1 -29 -30
right_child=1 2 3 -5 7 8 17 -9 -10 11 -12 12 -14 -15 -16 16 -18 -19 20 21 -22 24 -24 -25 -26 -27 -28 28 29 -31
leaf_value=2.412835119697349e-05 -0.0001113208355089783 0.0065990833371035659 -0.25321123384125932 0.03425281229751103 0.067014245226388228 -0.061714182419540443 -0.088250714419179685 0.24127563988169035 0.0069214715716280351 -0.019275336891154737 -0.25922315062668461 -0.06335954839127389 -0.29205218721181153 -0.16913288421928885 0.031165414189821796 0.23627168803729792 -0.022602978497743606 0.13269031417110694 -0.1722191394794555 0.21781182184815409 -0.09870735004520681 0.0079492127946154643 0.07965706850011503 -0.19633012070424027 -0.10604151472449304 0.091052671844980365 -0.020954884244761395 -0.00083484561002061027 -0.022960710921437397 -0.0021975988067054401
leaf_weight=69733272 13307559 73 29 159 78 138 162 30 119 296 39 67 24 26 570 22 20 23 21 20 158 352 31 36 30 113 1193 35369 4342 9345
leaf_count=69733272 13307559 73 29 159 78 138 162 30 119 296 39 67 24 26 570 22 20 23 21 20 158 352 31 36 30 113 1193 35369 4342 9345
internal_value=0 -0.000113598 -0.0315777 -0.0482109 0.0413027 -0.0657399 2.16641e-05 0.11542 -0.0581785 -0.07109 -0.12063 -0.0438239 -0.123674 -0.0395527 2.22197e-05 -0.000110964 0.112998 -0.0184141 -0.020085 0.00343901 -0.0322242 0.0276933 -0.0612811 -0.0895658 0.0200118 0.0281442 -0.0235715 2.19653e-05 -0.00305283 -0.00878439
internal_weight=0 1.33087e+07 1114 907 207 748 6.9785e+07 108 719 600 213 387 91 99 6.97829e+07 1.33076e+07 42 2103 2080 708 1372 515 193 174 495 465 1214 6.97823e+07 49056 13687
internal_count=83093716 13308715 1114 907 207 748 69785001 108 719 600 213 387 91 99 69782898 13307601 42 2103 2080 708 1372 515 193 174 495 465 1214 69782328 49056 13687
is_linear=0
shrinkage=0.1


Tree=70
num_leaves=31
num_cat=0
split_feature=26 7 2 2 0 2 1 14 1 16 0 0 3 9 3 9 20 3 14 14 26 1 2 1 4 2 3 1 26 4
split_gain=20.2983 59.792 74.4504 80.0436 71.8381 68.743 77.5169 66.6917 66.6373 63.9732 60.6427 54.8906 79.7182 75.4017 130.992 113.52 67.9847 58.3938 120.601 131.26 122.693 73.4723 53.804 82.569 103.511 103.992 87.4861 80.9974 66.5112 57.3175
threshold=299.24307250976568 0.58556854724884044 0.030816266808323754 0.017341762829063405 -0.037439074367284768 -0.008747229335895149 0.00050419136834635003 0.011502557899802925 0.00019040885066585003 1.0000000180025095e-35 -0.014273988548666237 -0.011839797254651783 2.9375464916229252 0.27040362358093267 3.343134999275208 0.073897648602724089 0.90433558821678173 2.5028109550476079 0.80809500813484203 0.88970136642456066 623.34228515625011 0.00022251299796670004 0.0027042415068525001 6.2838640327146926e-06 0.82193505764007579 -0.0014697364727771498 4.1433904170989999 5.6683410768037348e-05 676.51974487304699 0.82193505764007579
decision_type=2 2 2 2 2 2 2 2 2 2 2 2 2 2 2 2 2 2 2 2 2 2 2 2 2 2 2 2 2 2
left_child=-1 11 3 4 -3 9 7 10 -9 -6 -7 12 17 14 15 -14 -15 -2 21 20 -20 -19 23 28 25 -25 -26 -28 29 -12
right_child=1 2 -4 -5 5 6 -8 8 -10 -11 22 -13 13 16 -16 -17 -18 18 19 -21 -22 -23 -24 24 26 -27 27 -29 -30 -31
leaf_value=-3.6743816018404809e-05 -0.0041642711451070052 -0.15708617304052627 0.15031875943144163 -0.1847610102966428 0.1799221808569772 0.14686548891274825 -0.11282013379791869 -0.0078511580576499304 0.20869654521897987 -0.034769489518974142 -0.0031910822714604475 7.2710096776598793e-05 0.060918630024790768 0.0046857279377258447 0.015949655891611614 0.22732627768008437 -0.15109951840392477 0.0099985475147570686 -0.37872315431634584 -0.01675472510371195 -0.058967148624360567 -0.076417474243789918 0.061817225724568263 0.015833488161805818 0.090574948984355516 -0.10342517434619368 0.057053443027743657 -0.075894604710669361 0.043797352260167378 -0.05203185694321754
leaf_weight=53515861 35785 35 27 28 35 23 79 30 27 23 1013 29537337 125 823 457 61 29 331 30 46 20 140 85 93 77 342 67 145 227 315
leaf_count=53515861 35785 35 27 28 35 23 79 30 27 23 1013 29537337 125 823 457 61 29 331 30 46 20 140 85 93 77 342 67 145 227 315
internal_value=0 6.64823e-05 -0.0148947 -0.0165818 -0.0147817 -0.012852 -0.0153264 -0.012175 0.0947241 0.0947858 -0.0147277 6.78335e-05 -0.00373805 0.0188931 0.0447445 0.115493 -0.000616822 -0.00466877 -0.0365091 -0.138664 -0.250821 -0.0156877 -0.0162999 -0.0192134 -0.0471088 -0.0779285 -0.000719259 -0.033878 -0.00622547 -0.0147761
internal_weight=0 2.95779e+07 2671 2644 2616 2581 2523 2444 57 58 2387 2.95752e+07 37847 1495 643 186 852 36352 567 96 50 471 2364 2279 724 435 289 212 1555 1328
internal_count=83093716 29577855 2671 2644 2616 2581 2523 2444 57 58 2387 29575184 37847 1495 643 186 852 36352 567 96 50 471 2364 2279 724 435 289 212 1555 1328
is_linear=0
shrinkage=0.1


Tree=71
num_leaves=31
num_cat=0
split_feature=10 18 17 4 1 13 3 20 20 4 4 2 1 19 20 3 7 15 2 2 2 2 4 2 14 1 6 4 19 3
split_gain=20.138 91.4125 81.363 54.6686 26.8037 40.9656 29.9006 24.5382 22.6233 26.4208 24.6707 21.7636 54.0483 70.3136 75.6103 76.0998 71.9892 66.2517 76.6501 152.623 198.923 520.073 74.9826 66.8178 58.6018 131.449 56.8631 61.0513 56.375 55.4119
threshold=0.05694923177361489 0.21915384382009509 1.0000000180025095e-35 0.9252023994922639 0.0014384478279482504 0.18062395602464679 1.1838999986648562 0.87280812859535228 0.44704665243625646 1.0000000180025095e-35 0.27964606881141668 -0.029150001330241947 0.0023825874081039003 0.61783882975578319 1.0000000180025095e-35 2.2194035053253178 0.81283089518547069 0.0086138504557311552 -0.00094240578005334993 -0.0040520794056662984 -0.0032426253526769999 -0.0033225357981068494 0.82193505764007579 -0.0041333787769038495 0.005693660583347083 0.029216446485834453 0.11898779869079591 0.19669672846794131 0.032334839925169952 4.1433904170989999
decision_type=2 2 2 2 2 2 2 2 2 2 2 2 2 2 2 2 2 2 2 2 2 2 2 2 2 2 2 2 2 2
left_child=11 2 3 4 7 6 -6 8 10 -10 -2 -1 -13 14 15 -14 17 18 19 22 21 29 23 24 -17 -26 28 -28 -19 -21
right_child=1 -3 -4 -5 5 -7 -8 -9 9 -11 -12 12 13 -15 -16 16 -18 26 -20 20 -22 -23 -24 -25 25 -27 27 -29 -30 -31
leaf_value=0.0019721017220727297 -0.0037853812835841661 0.18727130460739139 -0.17754434609302769 0.11295514361932875 -0.12654459622502329 -0.16440885233814304 -0.010063785173109062 0.060263251798848318 -0.024924013483941451 -0.1550457012653351 0.058937584478703758 7.7624519077713441e-07 -0.0042666555949545442 0.05601241719343393 0.0063575615953711476 -0.017436264383132099 0.094278259562062372 -0.01058227438542381 -0.010092622077919756 -0.16070149903034056 -0.057644830947257066 -0.65937270181519647 -0.12214610751718283 0.10033364318725135 -0.041344251745737137 -0.31807229348591398 0.22392077422922566 0.032585373571441499 0.10755101225915409 0.024227569323892778
leaf_weight=55958 13560 25 27 40 25 23 186 60 71 20 63 82996353 17365 191 4908 1315 56 1058 1578 43 365 21 75 45 94 21 21 81 42 26
leaf_count=55958 13560 25 27 40 25 23 186 60 71 20 63 82996353 17365 191 4908 1315 56 1058 1578 43 365 21 75 45 94 21 21 81 42 26
internal_value=0 -0.00377887 -0.00411821 -0.00378489 -0.00411824 -0.037679 -0.0238648 -0.00354809 -0.00382727 -0.0535222 -0.00349532 6.41548e-07 -6.87218e-07 -0.00444903 -0.00487494 -0.00735757 -0.0184449 -0.0197641 -0.0265794 -0.0395551 -0.0904779 -0.223634 -0.0246068 -0.0196472 -0.0234228 -0.0918772 0.000551454 0.071978 -0.00607173 -0.0910181
internal_weight=0 14100 14075 14048 14008 234 211 13774 13714 91 13623 8.30796e+07 8.30237e+07 27305 27114 22206 4841 4785 3583 2005 455 90 1550 1475 1430 115 1202 102 1100 69
internal_count=83093716 14100 14075 14048 14008 234 211 13774 13714 91 13623 83079616 83023658 27305 27114 22206 4841 4785 3583 2005 455 90 1550 1475 1430 115 1202 102 1100 69
is_linear=0
shrinkage=0.1


Tree=72
num_leaves=31
num_cat=0
split_feature=0 9 26 26 3 3 3 2 1 26 0 16 26 13 26 0 3 9 15 14 15 3 14 2 3 3 3 14 26 14
split_gain=19.5716 49.5592 43.3444 38.0542 34.7292 38.6219 95.9007 45.2392 66.1728 43.6023 40.2 36.7707 37.2419 59.3452 36.5913 69.295 96.2291 51.7028 145.044 32.2341 60.4722 36.3648 41.0292 30.3876 30.3096 29.414 36.449 71.6648 28.6082 27.5508
threshold=0.061640901491045959 0.5027131736278535 69.55389785766603 125.75331115722658 1.6857554912567141 0.39577649533748632 0.41802349686622625 -0.0057905781615676492 0.00088545100318140012 69.55389785766603 0.087758697569370284 0.049932263791561134 405.92428588867193 0.46743220090866094 217.15000915527347 0.19705608487129214 1.5558925271034243 0.065363019704818739 0.011766261886805298 0.19879025965929034 0.027418841607868675 1.8119350075721743 0.82985010743141185 -0.00097980870721794977 1.2253984808921816 1.0630374550819399 1.0011849999427798 0.83454889059066784 3.4479532241821294 0.65213611721992504
decision_type=2 2 2 2 2 2 2 2 2 2 2 2 2 2 2 2 2 2 2 2 2 2 2 2 2 2 2 2 2 2
left_child=-1 4 -3 -4 5 7 9 8 -2 -7 -11 12 19 -14 17 25 24 28 -19 23 21 22 29 -6 -17 26 -16 -28 -8 -21
right_child=1 2 3 -5 11 6 14 -9 -10 10 -12 -13 13 -15 15 16 -18 18 -20 20 -22 -23 -24 -25 -26 -27 27 -29 -30 -31
leaf_value=-5.4894103658486698e-07 0.17911890301620589 -0.0071167429924895199 0.15620214350754397 0.04847823178989219 -0.095206943618998466 0.014376582038205335 -0.08849957427557778 -0.0090560241904718529 -0.0057693221245189103 0.018379807788314242 0.14649464398426446 0.094300917067698067 0.004979134671457601 0.1796224557608366 0.018139466515514683 -0.033442844524300505 0.2820385747335174 0.019482746625015902 -0.29620763510465625 0.065981575038204801 -0.063796646773189941 -0.0041738892426929101 0.0045841033783670902 -0.026058609257688398 0.09111897445816014 0.00049148534602417822 0.033892372010500521 0.22310317453140249 0.0037271745500255513 0.20375414533496261
leaf_weight=83083107 32 118 40 182 70 68 34 1877 49 33 95 35 717 20 1259 30 22 43 22 47 143 581 86 690 56 1003 87 26 3123 21
leaf_count=83083107 32 118 40 182 70 68 34 1877 49 33 95 35 717 20 1259 30 22 43 22 47 143 581 86 690 56 1003 87 26 3123 21
internal_value=0 0.00429485 0.0418569 0.0678879 0.00305119 0.00627158 0.0103097 -0.00589839 0.0672729 0.0790874 0.113465 -0.00745048 -0.00894997 0.00971844 0.00794676 0.0170697 0.0954095 0.000916254 -0.0873663 -0.0173496 -0.00429812 0.00727779 0.0504818 -0.0324275 0.0476672 0.0135073 0.0230225 0.0774276 0.00273392 0.108529
internal_weight=0 10609 340 222 10269 7859 5901 1958 81 196 128 2410 2375 737 5705 2483 108 3222 65 1638 878 735 154 760 86 2375 1372 113 3157 68
internal_count=83093716 10609 340 222 10269 7859 5901 1958 81 196 128 2410 2375 737 5705 2483 108 3222 65 1638 878 735 154 760 86 2375 1372 113 3157 68
is_linear=0
shrinkage=0.1


Tree=73
num_leaves=31
num_cat=0
split_feature=26 18 2 0 5 3 3 3 14 14 13 3 26 13 14 26 26 13 1 0 14 14 15 3 3 2 9 26 3 17
split_gain=19.509 47.6036 34.3348 28.2715 22.4099 107.83 206.271 83.2007 92.2719 82.6786 100.75 105.22 54.8388 44.7435 58.826 39.7891 35.7999 23.4387 22.2696 21.7317 68.3789 59.1514 91.8804 93.1399 232.292 71.7782 54.9927 67.9741 72.9188 59.6297
threshold=7.0086312294006357 1.0000000180025095e-35 -0.00064982305117019981 -0.018587791360914704 1.0000000180025095e-35 0.16051850467920306 0.23601249605417254 -0.024914499372243878 0.64189010858535778 0.29396729171276098 0.21962033212184909 2.0711144208908085 367.91757202148443 0.84625220298767101 0.017285665497183803 245.86995697021487 20.479997634887699 0.041214259341359145 0.0074286826741851008 -0.15790642052888867 0.00038959860103204852 0.35225833952426916 0.0010408571106381717 2.2194035053253178 1.8839390277862551 -0.0032426253526769999 0.36880901455879217 210.62327575683597 2.5028109550476079 1.0000000180025095e-35
decision_type=2 2 2 2 2 2 2 2 2 2 2 2 2 2 2 2 2 2 2 2 2 2 2 2 2 2 2 2 2 2
left_child=1 2 -1 -4 19 7 -7 8 13 10 -8 -12 16 14 -6 -11 -9 -18 -5 20 26 -22 25 24 -24 -23 27 -2 -29 -30
right_child=4 -3 3 18 5 6 9 12 -10 15 11 -13 -14 -15 -16 -17 17 -19 -20 -21 21 22 23 -25 -26 -27 -28 28 29 -31
leaf_value=0.0075722115916912044 -0.01179556356940175 0.065335896975276142 0.018341922868739629 -0.0005086835199062358 0.18077586413848967 0.30333982459096998 0.21021768464283511 0.07100589801759824 0.22900368481874467 -0.026048901612902509 0.12802350569378448 -0.1511550631788042 -0.1806766643694469 -0.097630269612584808 -0.019892497133696452 -0.1866957107337103 -0.072786342076303412 -0.015931731098445576 -0.075125295110046869 5.7478497328907219e-06 0.02816828241361128 0.07875537707004697 -0.01319403684706074 0.066797600879466956 -0.24818513458876901 -0.005877618474351364 0.045284923661420957 -0.093457414058024352 0.031164554664532523 -0.09676748266512597
leaf_weight=5303 578 110 796 967773 21 27 33 23 20 58 27 27 35 35 48 21 271 99 40 82115901 630 112 116 42 66 952 94 292 112 54
leaf_count=5303 578 110 796 967773 21 27 33 23 20 58 27 27 35 35 48 21 271 99 40 82115901 630 112 116 42 66 952 94 292 112 54
internal_value=0 -0.000444911 -0.00045234 -0.000496274 5.27709e-06 -0.0173383 0.0470019 -0.0398341 0.0322941 0.00530835 0.072559 -0.0115658 -0.060731 -0.00553467 0.0411805 -0.0687525 -0.0500489 -0.0575739 -0.000511767 5.43444e-06 -0.00843823 0.00305834 -0.00922369 -0.0674341 -0.0984106 0.00303112 -0.0279519 -0.0345969 -0.0633724 -0.0104519
internal_weight=0 974022 973912 968609 8.21197e+07 745 193 552 124 166 87 54 428 104 69 79 393 370 967813 8.21189e+07 3048 1918 1288 224 182 1064 1130 1036 458 166
internal_count=83093716 974022 973912 968609 82119694 745 193 552 124 166 87 54 428 104 69 79 393 370 967813 82118949 3048 1918 1288 224 182 1064 1130 1036 458 166
is_linear=0
shrinkage=0.1


Tree=74
num_leaves=31
num_cat=0
split_feature=22 9 3 3 14 22 3 3 3 3 26 3 3 13 26 1 3 26 15 13 3 13 15 13 21 13 3 14 14 14
split_gain=18.2433 41.333 37.1408 45.5409 96.5741 83.8462 155.712 45.0827 39.0628 86.0816 37.4091 38.3564 63.8908 58.8831 99.9745 65.55 59.4806 52.6656 42.4491 190.394 48.9051 42.2413 52.0423 44.7414 37.0564 41.2398 45.5781 43.8266 75.1618 186.454
threshold=1.0000000180025095e-35 0.53051573038101207 -0.29586949944496149 -0.087232500314712511 0.040840884670615203 0.96153518557548534 -0.2148490026593208 -0.31786899268627161 -0.17093800008296964 -0.18869099766016004 27.16276836395264 -0.013741999864578245 -1.0000000180025095e-35 0.41459876298904424 58.255182266235359 1.8125423324538831e-06 0.015909499488770965 182.42417144775393 0.036378823220729835 0.063485044986009612 0.60106000304222118 0.92316466569900524 0.0054431557655334481 0.88417023420333873 1.0000000180025095e-35 0.0056165677960962066 0.53070998191833507 0.92915076017379772 0.70569849014282238 0.51429548859596264
decision_type=2 2 2 2 2 2 2 2 2 2 2 2 2 2 2 2 2 2 2 2 2 2 2 2 2 2 2 2 2 2
left_child=-1 2 7 4 5 6 -4 -2 9 -6 -5 -12 17 18 -15 16 -16 -13 24 20 -20 22 23 -18 25 26 27 28 29 -14
right_child=1 -3 3 10 8 -7 -8 -9 -10 -11 11 12 13 14 15 -17 21 -19 19 -21 -22 -23 -24 -25 -26 -27 -28 -29 -30 -31
leaf_value=-2.5861025114476738e-07 -0.0039923571257127659 -0.13122272839148838 0.034596164152026175 -0.038938422496430578 -0.081780095877391962 0.0421112219020328 0.42012760801748794 -0.191247107507661 -0.095741837555542594 0.1709089298087817 -0.061048277283848179 0.00063876081258058554 0.013977817480758209 0.13149658352942081 -0.06900929839374792 -0.15698896532141887 -0.03743647072567708 0.19188027254616222 -0.0070328513794273399 0.29963688059099791 0.15526089288971642 -0.061042409607519714 0.16602641165256501 0.13765252411365511 -0.0769161258739504 -0.029543698684658944 0.089657039715452719 0.14071601799556188 -0.063993842387571928 0.23708681402107082
leaf_weight=83091184 36 21 20 160 28 47 22 20 35 26 71 24 947 37 152 43 54 36 119 29 22 45 30 20 44 172 94 28 111 39
leaf_count=83091184 36 21 20 160 28 47 22 20 35 26 71 24 947 37 152 43 54 36 119 29 22 45 30 20 44 172 94 28 111 39
internal_value=0 0.00848816 0.00965659 0.0114934 0.0602066 0.133865 0.236541 -0.0708691 -0.0134514 0.039885 0.00768537 0.0112091 0.0137166 0.0106451 -0.0246961 -0.0414959 -0.0249968 0.115384 0.0190345 0.0662841 0.0182896 0.0199018 0.0549257 0.00988488 0.013437 0.016295 0.0227628 0.0171734 0.0140201 0.0228026
internal_weight=0 2532 2511 2455 178 89 42 56 89 54 2277 2117 2046 1986 381 344 301 60 1605 170 141 149 104 74 1435 1391 1219 1125 1097 986
internal_count=83093716 2532 2511 2455 178 89 42 56 89 54 2277 2117 2046 1986 381 344 301 60 1605 170 141 149 104 74 1435 1391 1219 1125 1097 986
is_linear=0
shrinkage=0.1


Tree=75
num_leaves=31
num_cat=0
split_feature=2 1 20 3 3 13 1 3 1 0 2 16 14 26 2 26 1 2 19 1 20 3 1 7 3 1 1 7 0 14
split_gain=18.0159 39.9137 68.5774 63.1188 58.6426 65.2426 62.5901 50.2756 46.4245 41.1601 38.2671 36.9694 35.4832 33.0399 32.9849 32.9519 29.2058 61.8778 75.4743 54.9569 93.9735 95.9243 358.865 73.287 67.478 65.1836 68.4737 60.5971 54.1232 59.3857
threshold=0.020300758245390255 0.0074286826741851008 0.93326175212860119 -0.16519050300121305 0.14051799476146701 0.026688948273658756 0.011766311318164552 0.1571604982018471 0.029216446485834453 0.016324401833117012 0.085824421418069854 0.64080783724784862 0.9348982870578767 171.68933105468753 0.085824421418069854 287.55491638183599 0.00028705688994705008 -0.015083690928206349 0.7019123136997224 0.0023825874081039003 0.019886780530214313 -0.39716699719429011 0.011766311318164552 0.91760551929473888 0.87307497859001171 0.00065626417387035013 0.00070150694313955014 0.81283089518547069 -0.048567943274974816 0.0019088636618107559
decision_type=2 2 2 2 2 2 2 2 2 2 2 2 2 2 2 2 2 2 2 2 2 2 2 2 2 2 2 2 2 2
left_child=16 11 3 -3 6 7 10 -6 15 -9 -5 12 -2 -12 -10 -8 -1 -18 19 23 21 22 -21 28 -23 -25 -27 -26 29 -19
right_child=1 2 -4 4 5 -7 8 9 14 -11 13 -13 -14 -15 -16 -17 17 18 -20 20 -22 24 -24 25 27 26 -28 -29 -30 -31
leaf_value=2.147531145199663e-06 0.002926486281786675 0.085095375400893666 -0.17560590493679049 -0.041635765942902005 0.13787225258571131 -0.061625224086376634 0.045350828730744558 -0.0024609110134851983 0.0066553158499300484 0.10032779125496745 -0.060044220876362589 0.12196301412410462 -0.032794660609714421 -0.18241343617668015 -0.15518989323035759 -0.037385733766371713 0.00079029207883155961 -0.075963425003923488 0.089096436966210613 0.023716559881965318 0.0125587451066317 -0.0025828174692750592 -0.48538115426898004 -0.11820195983869559 -0.018515799873800996 0.16438888559117915 -0.09126967577771708 0.11341468326747417 -0.0016345095579629221 -0.010267942136126126
leaf_weight=82808177 40581 69 25 83 27 176 111 1494 20 40 36 26 280 57 34 85 101188 200 90 45 1831 5192 20 99 6573 20 22 35 126639 441
leaf_count=82808177 40581 69 25 83 27 176 111 1494 20 40 36 26 280 57 34 85 101188 200 90 45 1831 5192 20 99 6573 20 22 35 126639 441
internal_value=0 0.00204294 -0.0109028 -0.00905803 -0.0120615 -0.0039073 -0.0453101 0.0026003 -0.0131488 0.000219368 -0.0909939 0.00275756 0.00268171 -0.135045 -0.0952472 0.00947018 -1.06087e-06 -0.00109713 -0.00244965 -0.00250803 -0.00852732 -0.0117813 -0.132929 -0.00186104 -0.011114 -0.073916 0.0304725 -0.017817 -0.00178122 -0.0307658
internal_weight=0 43144 2257 2232 2163 1737 426 1561 250 1534 176 40887 40861 93 54 196 8.30506e+07 242395 141207 141117 13696 11865 65 127421 11800 141 42 6608 127280 641
internal_count=83093716 43144 2257 2232 2163 1737 426 1561 250 1534 176 40887 40861 93 54 196 83050572 242395 141207 141117 13696 11865 65 127421 11800 141 42 6608 127280 641
is_linear=0
shrinkage=0.1


Tree=76
num_leaves=31
num_cat=0
split_feature=3 15 20 14 14 0 13 26 2 2 13 19 2 15 26 19 4 1 15 0 10 1 20 18 9 4 18 26 1 20
split_gain=17.3197 42.4808 91.7031 150.532 149.967 141.518 117.737 195.437 85.9099 180.228 168.085 165.216 129.619 115.099 103.215 83.4088 92.6143 79.9302 75.3554 70.9583 67.7628 68.7978 147.892 72.276 65.0084 51.8871 48.6117 46.5158 46.208 105.451
threshold=4.1433904170989999 0.0013892139540985229 0.54846203327178966 0.023302574642002586 0.081546179950237288 -0.037439074367284768 0.092945925891399397 122.00301361083986 -0.13604505617114263 -0.058934122107042346 0.060290187597274787 0.0089980079792439955 -0.081241258522397927 0.11832647770643236 38.772195816040046 0.61783882975578319 0.82193505764007579 0.011766311318164552 0.2418971583247185 0.012668857816606762 0.22492027282714847 0.029216446485834453 0.24840288609266284 0.37069971859455114 0.23954686522483828 0.38595117628574377 0.90562623739242565 118.47588348388673 1.6072558700752913e-06 0.92363363504409801
decision_type=2 2 2 2 2 2 2 2 2 2 2 2 2 2 2 2 2 2 2 2 2 2 2 2 2 2 2 2 2 2
left_child=-1 -2 8 5 -5 -4 -7 -8 10 11 15 14 13 -13 -10 18 25 28 -3 20 21 26 23 -23 -22 -17 -11 -15 29 -9
right_child=1 2 3 4 -6 6 7 17 9 19 -12 12 -14 27 -16 16 -18 -19 -20 -21 24 22 -24 -25 -26 -27 -28 -29 -30 -31
leaf_value=1.7037423341531765e-06 -0.00015656714462492359 -0.048687469286386675 -0.27950546659884001 -0.39142523668706419 -0.058236436077526633 -0.0037691585290097352 0.067263209061270743 -0.17741795404052194 0.21226430213586853 -0.0037506832127991818 0.099401097965461246 -0.065130645712447727 0.22874052611030182 0.03889980432779893 -0.015717269950455019 -0.099514595856485158 0.045319195122768482 -0.2107094647836382 0.078951803957313008 0.070703237323278142 0.25331923574209214 0.022911394235458883 -0.24407283881226102 -0.14934466121776496 0.011435855329036713 -0.24891207237192928 0.061141023893965057 0.22095834200994835 -0.035103064709294002 0.051800571245929378
leaf_weight=82978157 88240 497 21 22 35 1268 83 88 22 23987 81 43 81 23 204 46 24 59 51 129 20 102 37 32 25 47 116 36 114 26
leaf_count=82978157 88240 497 21 22 35 1268 83 88 22 23987 81 43 81 23 204 46 24 59 51 129 20 102 37 32 25 47 116 36 114 26
internal_value=0 -0.00122339 -0.00466923 -0.0270485 -0.186836 -0.0215585 -0.0182515 -0.067883 -0.0031693 -0.00216579 -0.0366066 0.0636676 0.134298 0.0592998 0.00647563 -0.0531729 -0.129819 -0.106967 -0.0368086 -0.00326714 -0.00365952 -0.00388679 -0.0670922 -0.0182244 0.11894 -0.175017 -0.00343838 0.149986 -0.0801216 -0.12514
internal_weight=0 115559 27319 1716 57 1659 1638 370 25603 24857 746 409 183 102 226 665 117 287 548 24448 24319 24274 171 134 45 93 24103 59 228 114
internal_count=83093716 115559 27319 1716 57 1659 1638 370 25603 24857 746 409 183 102 226 665 117 287 548 24448 24319 24274 171 134 45 93 24103 59 228 114
is_linear=0
shrinkage=0.1


Tree=77
num_leaves=31
num_cat=0
split_feature=17 10 3 26 14 15 3 14 1 1 26 0 2 26 14 0 0 1 2 17 1 0 4 14 15 3 2 2 1 1
split_gain=17.253 62.7991 59.4484 94.1047 32.4338 29.5851 34.2337 37.3644 38.4764 62.725 31.576 36.2068 26.3385 23.9385 23.6972 23.3947 21.4467 21.0665 19.6651 25.2997 18.0433 17.7499 43.587 25.0341 35.6306 71.3309 45.4885 79.4795 78.8769 47.0823
threshold=1.0000000180025095e-35 1.0000000180025095e-35 3.7290139198303227 375.49449157714849 0.92320555448532116 1.0000000180025095e-35 1.5558925271034243 0.0032217728439718489 0.00010729900332780001 0.00020297190080340003 46.229627609252937 0.046482631936669357 -0.00085388206748664988 256.41909790039068 0.99078932404518139 -0.055982585996389382 -0.086512468755245195 5.4881869453560738e-06 0.0007826589521061502 0.57706825435161602 5.6309722301967368e-05 0.019010799005627636 0.98685157299041759 0.91969251632690441 0.00044526625424623495 2.9375464916229252 -0.038089963686641991 -0.0017443212992950998 0.0015969188177035003 0.0010494995751433502
decision_type=2 2 2 2 2 2 2 2 2 2 2 2 2 2 2 2 2 2 2 2 2 2 2 2 2 2 2 2 2 2
left_child=21 2 4 18 5 10 15 8 12 -10 -2 16 -8 -11 -6 -7 17 -12 19 -4 -5 23 -23 -1 -25 26 28 29 -26 -28
right_child=1 -3 3 20 14 6 7 -9 9 13 11 -13 -14 -15 -16 -17 -18 -19 -20 -21 -22 22 -24 24 25 -27 27 -29 -30 -31
leaf_value=4.7232436757946307e-07 0.022218941679072665 -0.1571410453828451 -0.0033645514405763418 -0.097759419739246373 0.15982783011027746 0.12965298893933114 -0.11131081046909096 -0.090711571342415281 0.15681767388223075 0.056155764346248388 -0.14473597894608975 -0.15226844111457469 -0.0052024070009113301 -0.040734169453236407 0.0095986970123790576 0.030112766662018248 -0.013530766997073774 -0.026539380387648154 0.063523963013929985 -0.13152821775525811 -0.20834570962728727 0.0017485209200366022 0.13381982554495336 -0.001367567307172078 0.22195710358412368 -0.17261096175622059 -0.075567572562102503 -0.0071762245123483991 -0.022457460770683904 0.044968117979934087
leaf_weight=82983039 221 28 67 25 21 26 25 45 39 51 25 20 364 51 21 257 1158 38 28 20 36 54168 25 49293 23 27 261 4246 31 37
leaf_count=82983039 221 28 67 25 21 26 25 45 39 51 25 20 364 51 21 257 1158 38 28 20 36 54168 25 49293 23 27 261 4246 31 37
internal_value=0 -0.00819968 -0.00655651 -0.0626236 -0.00237878 -0.00395544 0.0107854 -0.00322796 0.00419989 0.0489531 -0.0126064 -0.0188081 -0.0120217 0.0077108 0.0847133 0.0392578 -0.0166221 -0.0734428 -0.00936799 -0.0328275 -0.163023 2.53475e-07 0.00180945 -9.27272e-07 -0.00215499 -0.0105473 -0.00959564 -0.0106799 0.081645 -0.0606017
internal_weight=0 2566 2538 176 2362 2320 858 575 530 141 1462 1241 389 102 42 283 1221 63 115 87 61 8.30912e+07 54193 8.3037e+07 53918 4625 4598 4544 54 298
internal_count=83093716 2566 2538 176 2362 2320 858 575 530 141 1462 1241 389 102 42 283 1221 63 115 87 61 83091150 54193 83036957 53918 4625 4598 4544 54 298
is_linear=0
shrinkage=0.1


Tree=78
num_leaves=31
num_cat=0
split_feature=26 1 0 9 9 15 3 14 3 26 3 3 3 14 26 16 1 3 3 3 14 3 3 3 3 14 0 3 3 3
split_gain=16.7147 20.8327 17.1998 34.8444 38.2047 41.1578 23.9924 22.8374 48.041 50.7223 36.3874 32.0003 57.9757 109.948 46.0419 28.3487 22.6833 27.4875 23.7888 30.9558 97.9896 22.3787 35.8957 48.8679 37.8229 21.7841 21.6485 19.6199 19.2753 39.4467
threshold=3.4479532241821294 0.00016850223223065003 0.087758697569370284 0.40843568742275244 0.26517866551876074 0.085452996194362654 2.9375464916229252 0.93659621477127086 0.40352150797843939 78.315097808837905 0.44360150396823889 1.6206545233726504 1.4925720095634463 0.20462840795516971 180.33281707763675 0.049932263791561134 5.4480269741181924e-06 0.97308099269866954 1.1838999986648562 1.0986645221710207 0.021788221783936027 0.3360114991664887 0.41084000468254095 0.39577649533748632 0.34228551387786871 0.73385402560234081 0.19705608487129214 1.5558925271034243 1.8119350075721743 0.87307497859001171
decision_type=2 2 2 2 2 2 2 2 2 2 2 2 2 2 2 2 2 2 2 2 2 2 2 2 2 2 2 2 2 2
left_child=1 -1 -2 4 7 27 -5 11 -9 -10 -11 12 16 14 -14 -13 17 26 19 -19 -21 -18 23 24 -23 -15 -4 -6 29 -12
right_child=2 -3 3 6 5 -7 -8 8 9 10 28 15 13 25 -16 -17 21 18 -20 20 -22 22 -24 -25 -26 -27 -28 -29 -30 -31
leaf_value=-0.00077516909635184233 2.4266048379988969e-06 0.012048130725882362 0.010475987907781625 0.036044858997830977 0.058560346551239498 -0.18223563579165125 0.14514987862110137 -0.030535031544879594 -0.012740569971932498 0.1313659956306219 0.031077135668354152 -0.015605381535642077 0.024212896022381206 0.033740197819771993 0.16361613754360449 0.083062504815558602 -0.0083420577668815426 -0.017652870415729452 -0.0034235083674534817 -0.27596218315037818 -0.033163939522894322 0.14622319638729095 0.016138882328368322 0.19593901739076333 -0.022202463778667154 -0.050954345550674664 -0.031103752520155264 -0.072117166022804602 0.0099272262993087973 0.11419629681125716
leaf_weight=316522 82770975 1272 960 104 20 22 25 145 173 50 188 992 33 57 84 30 303 143 283 22 68 20 706 27 40 65 144 27 134 82
leaf_count=316522 82770975 1272 960 104 20 22 25 145 173 50 188 992 33 57 84 30 303 143 283 22 68 20 706 27 40 65 144 27 134 82
internal_value=0 -0.000723843 2.77901e-06 0.00589905 0.00452578 -0.0693499 0.0571892 0.00559914 0.0213387 0.033335 0.0508924 0.00254385 0.00781914 0.0550374 0.124297 -0.0127091 0.00366407 -0.00385279 -0.0229061 -0.0465694 -0.0925146 0.0147748 0.0236075 0.0842152 0.0339394 -0.0113839 0.00505254 -0.0165097 0.0409328 0.0563207
internal_weight=0 317794 8.27759e+07 4947 4818 69 129 4749 772 627 454 3977 2955 239 117 1022 2716 1620 516 233 90 1096 793 87 60 122 1104 47 404 270
internal_count=83093716 317794 82775922 4947 4818 69 129 4749 772 627 454 3977 2955 239 117 1022 2716 1620 516 233 90 1096 793 87 60 122 1104 47 404 270
is_linear=0
shrinkage=0.1


Tree=79
num_leaves=31
num_cat=0
split_feature=26 5 12 13 0 1 3 3 15 3 20 15 26 2 1 2 3 4 20 3 15 15 2 26 1 15 9 9 3 13
split_gain=16.4686 56.8266 114.786 56.523 55.1086 68.5377 80.4297 71.8367 93.2636 91.6561 82.0623 80.9201 72.8911 70.0099 169.316 239.138 218.586 150.086 148.902 122.626 293.964 165.744 99.088 125.423 77.7918 72.3372 69.6346 66.9179 61.5714 57.4092
threshold=215.02835083007815 1.0000000180025095e-35 1.0000000180025095e-35 0.37126667797565466 -0.011624074075371025 0.070650786016459965 0.34228551387786871 2.9375464916229252 0.017359019257128242 3.343134999275208 0.94167014956474315 0.52380889654159557 326.56831359863287 -0.058934122107042346 0.029216446485834453 -0.025553262607634599 3.7290139198303227 0.65088403224945079 0.82954031229019176 1.6206545233726504 0.022999620065093044 0.013487236574292185 -0.038089963686641991 449.00379943847662 0.014622739945749553 0.0042993337847292432 0.86935544013977062 0.42287951707839971 0.11314050108194353 0.010628995951265098
decision_type=2 2 2 2 2 2 2 2 2 2 2 2 2 2 2 2 2 2 2 2 2 2 2 2 2 2 2 2 2 2
left_child=-1 4 -3 -4 -2 13 -7 8 -8 -9 11 26 -12 24 -15 16 18 25 19 20 -16 22 23 -21 -6 -18 27 -11 -17 -29
right_child=1 2 3 -5 5 6 7 9 -10 10 12 -13 -14 14 15 28 17 -19 -20 21 -22 -23 -24 -25 -26 -27 -28 29 -30 -31
leaf_value=-4.3175109728237109e-05 -0.0032130259600491339 -0.14330275318170169 0.081815869354626591 -0.055107635713648052 0.0045990107135661018 -0.16166624303318955 -0.0053251259160020112 -0.096466393564816594 0.091594192745661884 -0.0027616716505024976 0.01248960500849145 -0.19723073827183768 -0.16557021318976561 5.0359062362249225e-05 0.026463390534391274 -0.089592175038220978 0.16641359185630625 -0.16126895060056246 0.0014167656315796412 -0.26529784692185271 -0.35902362256138415 -0.070233154676177287 -0.15879758369516245 -0.54265764598613209 0.029407405341854698 -0.051757240437325984 0.17714807631913573 -0.019007252001215537 0.032225321762310764 -0.14792471572516427
leaf_weight=42819858 51813 83 57 64 6830 38 515 167 123 1118 35 23 67 40210409 74 48 55 29 67 56 27 55 44 23 1551 21 20 78 306 62
leaf_count=42819858 51813 83 57 64 6830 38 515 167 123 1118 35 23 67 40210409 74 48 55 29 67 56 27 55 44 23 1551 21 20 78 306 62
internal_value=0 4.59044e-05 -0.0527329 0.00939352 4.61718e-05 5.03702e-05 -0.0174178 -0.0149353 0.0133599 -0.0264336 -0.0180975 -0.0113257 -0.104471 5.13457e-05 4.94409e-05 -0.0458119 -0.0941 0.0322766 -0.132451 -0.164599 -0.0765876 -0.214538 -0.279064 -0.346048 0.00919009 0.10613 -0.00798004 -0.0109232 0.0157077 -0.0760993
internal_weight=0 4.02739e+07 204 121 4.02737e+07 4.02218e+07 2246 2208 638 1570 1403 1301 102 4.02196e+07 4.02112e+07 805 451 105 346 279 101 178 123 79 8381 76 1278 1258 354 140
internal_count=83093716 40273858 204 121 40273654 40221841 2246 2208 638 1570 1403 1301 102 40219595 40211214 805 451 105 346 279 101 178 123 79 8381 76 1278 1258 354 140
is_linear=0
shrinkage=0.1


Tree=80
num_leaves=31
num_cat=0
split_feature=16 7 7 3 3 13 3 4 9 2 3 2 14 15 13 13 26 4 9 3 7 6 2 1 6 3 4 14 26 0
split_gain=16.4964 72.8243 78.9708 70.0044 246.266 149.43 148.845 87.0571 77.637 73.6597 70.2809 63.9652 63.8018 71.4994 62.8711 105.965 61.2757 58.8852 58.8837 54.1576 50.3612 49.4863 97.9589 72.2273 83.121 68.4726 56.6062 58.3856 51.2034 59.2009
threshold=0.066122770309448256 0.98685157299041759 0.012249965453520419 2.2194035053253178 1.9652274847030642 0.92628020048141491 1.8839390277862551 0.072617162019014372 0.46443478763103491 -0.019336473726990048 1.2253984808921816 -0.015957623089464145 0.23906318843364718 0.17671746015548709 0.0047678176779299983 0.0017797229811549189 633.45214843750011 0.22048421949148181 0.9417330026626588 3.7290139198303227 0.91760551929473888 1.0000000180025095e-35 -0.13604505617114263 0.014622739945749553 0.18064829707145694 4.1433904170989999 0.27964606881141668 0.0035857218317687516 47.610410690307624 1.0000000180025095e-35
decision_type=2 2 2 2 2 2 2 2 2 2 2 2 2 2 2 2 2 2 2 2 2 2 2 2 2 2 2 2 2 2
left_child=1 2 21 4 6 9 8 -6 10 -5 11 -4 20 -14 15 -13 19 -8 -11 -3 -2 26 -23 28 25 -25 -1 -28 -24 -30
right_child=12 16 3 5 7 -7 17 -9 -10 18 -12 14 13 -15 -16 -17 -18 -19 -20 -21 -22 22 23 24 -26 -27 27 -29 29 -31
leaf_value=5.1080139295517429e-07 0.007246193731895144 0.056267994887394084 -0.095358531081694231 0.044972513190154502 -0.0046669195041708321 -0.2622781262112161 -0.037321273443000069 0.10721409010030983 0.19428717955946923 -0.013159936721046803 0.030688351415758305 -0.011648074743789039 -0.034148463090557767 -0.24276616744697097 0.024226359895887381 -0.21093665880185589 0.20300552576780317 -0.22171070146006208 -0.10799711237689763 0.0029957565869635984 -0.010711585265520426 0.14743640255637286 0.0081409978838538465 -0.092863459122735414 -0.0033772008267767503 -0.31682815000414855 0.008037976901925677 0.075747241508932084 -0.0107190715049678 0.072198062371021013
leaf_weight=83051684 9962 333 84 218 92 24 29 285 20 8143 516 2256 92 20 530 27 20 43 66 447 1852 41 1940 43 66 20 6255 130 8391 87
leaf_count=83051684 9962 333 84 218 92 24 29 285 20 8143 516 2256 92 20 530 27 20 43 66 447 1852 41 1940 43 66 20 6255 130 8391 87
internal_value=0 -5.34223e-07 -8.24745e-07 -0.00800224 0.00311392 -0.0131085 -0.00514649 0.0799116 -0.00216212 -0.0123989 -0.0033133 -0.00936952 0.00371891 -0.0714016 -0.00680177 -0.014005 0.0301706 -0.147443 -0.0139224 0.0257389 0.00443108 3.63205e-07 -0.00683572 -0.00743544 -0.081803 -0.163963 1.23465e-06 0.00941655 -0.00651459 -0.00986819
internal_weight=0 8.30818e+07 8.3081e+07 12333 3882 8451 3505 377 3433 8427 3413 2897 11926 112 2813 2283 800 72 8209 780 11814 8.30687e+07 10588 10547 129 63 8.30581e+07 6385 10418 8478
internal_count=83093716 83081790 83080990 12333 3882 8451 3505 377 3433 8427 3413 2897 11926 112 2813 2283 800 72 8209 780 11814 83068657 10588 10547 129 63 83058069 6385 10418 8478
is_linear=0
shrinkage=0.1


Tree=81
num_leaves=31
num_cat=0
split_feature=10 4 17 26 4 2 4 3 3 1 20 3 14 26 10 0 2 13 13 1 8 3 3 13 14 4 15 14 26 13
split_gain=16.1835 69.262 53.0105 51.3801 34.1015 22.7327 19.6927 17.0668 25.3031 40.2924 20.3501 21.6299 22.2178 42.0218 29.9332 19.4258 18.9979 40.6675 16.9272 15.6868 87.5947 105.551 106.752 102.373 77.1683 60.6704 57.8082 65.3611 95.6517 96.6217
threshold=0.05694923177361489 0.22048421949148181 1.0000000180025095e-35 129.37010192871097 1.0000000180025095e-35 -1.0000000180025095e-35 0.48933163285255438 -0.019251500256359574 1.0986645221710207 0.0014384478279482504 0.87280812859535228 1.8839390277862551 0.06529963389039041 145.9719161987305 0.55672568082809459 0.044249759986996658 -0.038089963686641991 0.088879115879535689 0.0069336681626737126 1.2666905803989707e-06 0.5664392113685609 -0.0028364999452605839 3.7290139198303227 0.65933024883270275 0.87071818113327037 0.9252023994922639 0.32166476547718054 0.83454889059066784 155.61902618408206 0.12022032588720323
decision_type=2 2 2 2 2 2 2 2 2 2 2 2 2 2 2 2 2 2 2 2 2 2 2 2 2 2 2 2 2 2
left_child=19 2 4 5 7 -3 -5 18 9 15 11 -10 16 14 -14 -9 17 -13 -2 25 -21 23 26 24 -22 -1 27 28 -23 -30
right_child=1 3 -4 6 -6 -7 -8 8 10 -11 -12 12 13 -15 -16 -17 -18 -19 -20 20 21 22 -24 -25 -26 -27 -28 -29 29 -31
leaf_value=2.0057933957253364e-05 0.015359450742800738 0.07662038135787716 -0.14407855448899445 0.1885669712253191 -0.10693589998409153 -0.048729723252547097 0.083642304435653514 -0.011010207986751131 0.0031681404891073465 -0.1248581184539944 0.054191875374817761 -0.016714701327926865 -0.035916846171021463 -0.004328412485980912 -0.20156335163240635 -0.10762501543476469 -0.0044144409778652553 -0.17575313672423365 0.10861054875633934 -9.6608805668982857e-05 0.060439377735284239 -0.040948720241573588 0.047853362331150381 -0.045619773324870043 0.27579711146652697 -0.0169896042911119 0.096727683022618305 0.0078801176526671294 -0.091358410305249022 -0.24925022778358868
leaf_weight=69776193 169 23 27 27 32 39 53 2312 4352 32 64 82 20 79 24 21 6702 20 22 13300219 99 378 113 88 20 2097 24 117 221 47
leaf_count=69776193 169 23 27 27 32 39 53 2312 4352 32 64 82 20 79 24 21 6702 20 22 13300219 99 378 113 88 20 2097 24 117 221 47
internal_value=0 -0.00338758 -0.00409451 0.0660997 -0.0038232 -0.00222888 0.119054 -0.0035858 -0.00399943 -0.0134085 -0.00203765 -0.00235671 -0.00582778 -0.0479496 -0.126269 -0.0118799 -0.00506632 -0.0478987 0.0261004 5.75027e-07 -9.895e-05 -0.0282275 -0.0430364 0.0361589 0.096634 1.95468e-05 -0.0560866 -0.0608933 -0.0733492 -0.119048
internal_weight=0 14100 13958 142 13931 62 80 13899 13708 2365 11343 11279 6927 123 44 2333 6804 102 191 8.30796e+07 1.33013e+07 1107 900 207 119 6.97783e+07 787 763 646 268
internal_count=83093716 14100 13958 142 13931 62 80 13899 13708 2365 11343 11279 6927 123 44 2333 6804 102 191 83079616 13301326 1107 900 207 119 69778290 787 763 646 268
is_linear=0
shrinkage=0.1


Tree=82
num_leaves=31
num_cat=0
split_feature=2 16 26 1 3 3 1 1 16 2 0 1 19 1 20 13 9 15 4 15 2 13 3 0 26 1 3 1 3 20
split_gain=15.6419 52.8323 35.7315 41.6703 68.4375 58.2494 58.4936 30.881 58.9552 49.7127 78.3001 101.497 73.3909 72.1493 59.5049 49.979 50.9054 40.6789 69.0543 62.0404 52.611 50.798 73.8463 45.1039 51.1402 53.6855 40.1831 331.16 41.5423 92.9273
threshold=0.0091869288168362519 0.64080783724784862 136.53020477294925 0.0074286826741851008 -0.051509000360965722 1.0000000180025095e-35 0.011766311318164552 0.00021120115181430004 0.89584308862686168 -0.015083690928206349 -0.11629043892025946 0.00022053947165125002 0.7019123136997224 0.0009740921802358001 0.019886780530214313 0.34388993680477148 0.91588988900184642 0.00087935687042772781 0.17585674673318866 0.3780872523784638 -0.008747229335895149 0.021161258220672611 3.7290139198303227 0.055132018402218826 360.36167907714849 0.00022619132765070005 -0.41511699557304377 0.011766311318164552 1.0630374550819399 0.0071070231497287759
decision_type=2 2 2 2 2 2 2 2 2 2 2 2 2 2 2 2 2 2 2 2 2 2 2 2 2 2 2 2 2 2
left_child=7 2 -2 -4 -5 6 -6 -1 9 -9 11 -11 13 17 15 26 -17 23 -19 20 -20 22 -22 -12 -25 -26 27 -15 -28 -30
right_child=1 -3 3 4 5 -7 -8 8 -10 10 12 -13 -14 14 -16 16 -18 18 19 -21 21 -23 -24 24 25 -27 28 -29 29 -31
leaf_value=2.1615523085502262e-06 0.0039483291768937084 0.097556139198703734 0.00023724612780245196 0.087807476665580378 -0.17457581618193374 -0.014206063379428311 -0.035424842700277542 0.00076311025562301061 -0.084799965951658257 -0.2106150637380779 -0.00010906156006027769 -0.031364902317916325 0.082478304279660727 0.015937870064447322 0.0059538220151389076 0.014775256462598314 -0.11501012593507767 -0.0031260404865382087 0.046460148864898132 -0.20216710399026458 0.022449217979288238 -0.0018836435401143219 -0.11085680424838383 0.0094103868624352549 0.22110895404109249 0.051744270660593866 -0.0053170411329264075 -0.43683564737439157 -0.013115429452998088 -0.18936736780529223
leaf_weight=82715299 31871 57 57284 61 46 1413 88 101914 84 37 106796 216 103 84 3393 1203 31 48342 69 23 55 142 170 166 27 61 14186 20 10445 30
leaf_count=82715299 31871 57 57284 61 46 1413 88 101914 84 37 106796 216 103 84 3393 1203 31 48342 69 23 55 142 170 166 27 61 14186 20 10445 30
internal_value=0 0.00131164 0.0012512 -0.000208422 -0.0160851 -0.0201817 -0.0831931 -1.4351e-06 -0.00103586 -0.00101139 -0.00198578 -0.0575794 -0.0019099 -0.00195682 -0.00650131 -0.00812677 0.0115148 -0.00109977 -0.00349258 -0.042097 -0.0336529 -0.0487151 -0.0782709 -8.95723e-06 0.0420806 0.103708 -0.00910548 -0.071134 -0.00884389 -0.0136202
internal_weight=0 90820 90763 58892 1608 1547 134 8.30029e+07 287597 287513 185599 253 185346 185243 29392 25999 1234 155851 48801 459 436 367 225 107050 254 88 24765 104 24661 10475
internal_count=83093716 90820 90763 58892 1608 1547 134 83002896 287597 287513 185599 253 185346 185243 29392 25999 1234 155851 48801 459 436 367 225 107050 254 88 24765 104 24661 10475
is_linear=0
shrinkage=0.1


Tree=83
num_leaves=31
num_cat=0
split_feature=22 9 3 3 3 14 22 3 3 3 26 13 26 15 13 26 3 13 15 3 3 13 3 26 14 3 14 14 26 8
split_gain=15.4535 33.5698 30.2261 36.5225 36.2485 78.708 67.908 126.125 32.1811 69.7293 30.4756 34.2986 57.4268 43.8335 93.0401 89.5761 45.1877 32.422 32.3732 40.0525 94.3296 45.8829 43.8396 38.1263 36.1733 57.6529 35.8177 174.743 41.3387 34.6306
threshold=1.0000000180025095e-35 0.53051573038101207 -0.29586949944496149 -0.31786899268627161 -0.087232500314712511 0.040840884670615203 0.96153518557548534 -0.2148490026593208 -0.17093800008296964 -0.18869099766016004 31.762910842895511 0.59996792674064647 118.47588348388673 0.036378823220729835 0.063485044986009612 193.01679229736331 0.3360114991664887 0.89936035871505748 1.0000000180025095e-35 -0.022071499377489086 -1.0000000180025095e-35 0.060290187597274787 0.53070998191833507 104.97269439697267 0.92915076017379772 0.14051799476146701 0.72279644012451183 0.51429548859596264 440.07139587402349 1.0000000180025095e-35
decision_type=2 2 2 2 2 2 2 2 2 2 2 2 2 2 2 2 2 2 2 2 2 2 2 2 2 2 2 2 2 2
left_child=-1 2 3 -2 5 6 7 -4 9 -7 -6 13 17 18 16 -16 -15 -13 19 -12 -21 22 24 -20 25 26 27 28 29 -22
right_child=1 -3 4 -5 10 8 -8 -9 -10 -11 11 12 -14 14 15 -17 -18 -19 23 20 21 -23 -24 -25 -26 -27 -28 -29 -30 -31
leaf_value=-2.3773693773777993e-07 -0.0035851730887467661 -0.11809668728993053 0.031133587583899499 -0.17212710702791811 -0.030362847550875611 -0.07360448509986911 0.037905434106892733 0.37810942097143696 -0.087205184240426337 0.1538209308225375 -0.08597308967549068 0.011890150483627364 -0.043695185919483875 -0.016282473480803708 0.34095297694206239 0.072750925159815585 0.11147386372873658 0.15198483623874684 0.056738662036756676 0.16261778040680774 0.012034736865764077 -0.02848039316729082 0.085777976938543166 -0.092393299827041739 0.12674683204719001 -0.047196400887332859 -0.054414409170148226 0.23291207967230526 0.081304970370798285 -0.12141674755141139
leaf_weight=83091184 36 21 20 20 198 28 47 22 35 26 39 53 240 102 20 33 38 24 24 43 701 231 94 60 28 144 59 39 87 20
leaf_count=83091184 36 21 20 20 198 28 47 22 35 26 39 53 240 102 20 33 38 24 24 43 701 231 94 60 28 144 59 39 87 20
internal_value=0 0.00781224 0.00886524 -0.0637787 0.0105223 0.0539824 0.120479 0.212883 -0.0125142 0.0358966 0.00712488 0.0106951 -0.0195868 0.0161432 0.0611142 0.173959 0.0183942 0.055556 0.0106113 0.0140277 0.0167248 0.0122534 0.0202819 -0.0497842 0.0145708 0.0115794 0.0209213 0.026169 0.01619 0.00833289
internal_weight=0 2532 2511 56 2455 178 89 42 89 54 2277 2079 317 1762 193 53 140 77 1569 1485 1446 1403 1172 84 1078 1050 906 847 808 721
internal_count=83093716 2532 2511 56 2455 178 89 42 89 54 2277 2079 317 1762 193 53 140 77 1569 1485 1446 1403 1172 84 1078 1050 906 847 808 721
is_linear=0
shrinkage=0.1


Tree=84
num_leaves=31
num_cat=0
split_feature=3 0 14 20 2 2 1 3 12 26 13 15 13 19 4 7 1 26 3 2 13 13 3 0 26 18 26 1 0 3
split_gain=15.4434 54.2474 49.0295 23.5727 27.3444 157.227 14.9418 14.2554 58.586 72.8357 91.5297 58.1182 61.7607 43.5927 43.4806 56.6236 78.4959 48.4943 43.1616 42.2521 42.0699 54.9837 38.2868 34.1877 47.6032 45.9005 124.541 71.5182 205.738 129.297
threshold=-0.73734748363494862 -0.0015300631057471035 0.003786049317568541 0.32240396738052374 -0.005181145005498349 -0.010282428188000599 0.0011117021798126004 0.62708550691604625 1.0000000180025095e-35 109.92773056030275 0.97636666893959057 0.2904272079467774 0.10378105565905572 0.26619982719421392 0.98685157299041759 0.91760551929473888 5.9154542463192372e-06 52.780466079711921 -0.13051399588584897 -0.0025638005322970495 0.58586266636848461 0.29339340329170233 0.49990250170230871 -0.0049581765197217456 27.16276836395264 0.8586067557334901 261.65092468261724 0.070650786016459965 -0.044821096584200852 2.9375464916229252
decision_type=2 2 2 2 2 2 2 2 2 2 2 2 2 2 2 2 2 2 2 2 2 2 2 2 2 2 2 2 2 2
left_child=1 2 -1 6 5 -5 -3 8 13 -10 11 12 18 14 15 -2 17 -17 -11 -20 21 -13 -16 24 -9 27 -27 -26 -29 -30
right_child=7 3 -4 4 -6 -7 -8 23 9 10 -12 20 -14 -15 22 16 -18 -19 19 -21 -22 -23 -24 -25 25 26 -28 28 29 -31
leaf_value=-0.024002647106394624 9.8711198440862786e-06 0.0012385734045981325 -0.17483508856967092 0.01855402501318984 -0.011060008158988919 -0.30848893182618276 0.068536731462474118 0.0069969738506144956 0.010202348775316512 -0.15737941893083709 -0.17911281864203157 0.0041107806297285216 -0.070445815157591407 -0.067730245430720967 0.028700508020796572 -0.0061913630304237209 0.069169279798094577 -0.085812324480323554 -0.12687892042100432 -0.0049327929864517893 -0.056274061011416576 0.18699405798988958 0.16333268572177206 -0.00012615942121668608 -0.002741388935938005 -0.15148078541887899 0.044217656029601739 -0.036111376399272366 0.057586952509024208 0.31854340343459236
leaf_weight=66 77551545 123028 32 49 348 21 33 5390 558 21 42 35 334 95 86 120 58 211 30 537 28 31 28 5328035 82653 71 60 95 39 37
leaf_count=66 77551545 123028 32 49 348 21 33 5390 558 21 42 35 334 95 86 120 58 211 30 537 28 31 28 5328035 82653 71 60 95 39 37
internal_value=0 0.00111707 -0.0732541 0.00117609 -0.0225311 -0.0795589 0.00125662 -1.66345e-06 9.2908e-06 -0.0190309 -0.0344488 -0.0284686 -0.0361054 9.68755e-06 9.77053e-06 9.67975e-06 -0.0381428 -0.0569467 -0.0165991 -0.011385 0.0464364 0.0900105 0.0617681 -0.00015851 -0.00210958 -0.00270128 -0.0618479 -0.00260773 0.0619966 0.184632
internal_weight=0 123577 98 123479 418 70 123061 8.29701e+07 7.75538e+07 1616 1058 1016 922 7.75521e+07 7.7552e+07 7.75519e+07 389 331 588 567 94 66 114 5.41638e+06 88345 82955 131 82824 171 76
internal_count=83093716 123577 98 123479 418 70 123061 82970139 77553759 1616 1058 1016 922 77552143 77552048 77551934 389 331 588 567 94 66 114 5416380 88345 82955 131 82824 171 76
is_linear=0
shrinkage=0.1


Tree=85
num_leaves=31
num_cat=0
split_feature=16 7 7 3 3 13 3 4 9 2 3 2 2 14 15 26 4 0 9 13 4 1 4 4 2 2 2 26 2 7
split_gain=14.609 59.0481 61.5133 56.4487 199.506 121.103 120.754 70.705 62.9313 59.194 56.6969 52.5138 51.8048 51.7193 57.994 49.4824 47.6941 47.3897 47.3796 45.6974 49.6588 47.01 43.1029 70.133 42.5995 63.2774 155.714 150.889 102.998 78.201
threshold=0.066122770309448256 0.98685157299041759 0.012249965453520419 2.2194035053253178 1.9652274847030642 0.92628020048141491 1.8839390277862551 0.072617162019014372 0.46443478763103491 -0.019336473726990048 1.2253984808921816 -0.015957623089464145 -0.0073970820948098493 0.23906318843364718 0.17671746015548709 633.45214843750011 0.22048421949148181 -1.0000000180025095e-35 0.9417330026626588 0.0031703551067039375 0.82193505764007579 0.0028478370104891002 0.51241087913513195 0.68211069703102123 0.0020862498783650002 0.00050966127470550011 0.00012134250389190001 266.93064880371099 3.986900228217239e-05 0.72271147370338451
decision_type=2 2 2 2 2 2 2 2 2 2 2 2 2 2 2 2 2 2 2 2 2 2 2 2 2 2 2 2 2 2
left_child=1 2 -1 4 6 9 8 -6 10 19 11 -4 -13 24 -15 -3 -8 -11 -19 20 22 -21 -5 -24 25 26 28 -28 -2 -27
right_child=13 15 3 5 7 -7 16 -9 -10 17 -12 12 -14 14 -16 -17 -18 18 -20 21 -22 -23 23 -25 -26 29 27 -29 -30 -31
leaf_value=2.8407172229159059e-07 0.0038896798856598762 0.023184951443153509 -0.08621605686005622 -0.011157417738101853 -0.0041799223900813127 -0.23596056789780656 -0.033576357486689912 0.096647688798737114 0.17504072535783055 -0.11144619422775577 0.02767552398903252 0.079602230286252684 -0.0081288138608178254 -0.030583975290305123 -0.21846873234957456 0.18248214006423952 -0.19952189052520797 -0.011104143298988017 -0.096176242919384758 0.23325496918775818 -0.095006469772620644 0.040801944037278493 0.24637211612002419 0.024084221492521467 0.031420051696424159 -0.0037265840820567332 0.023666784429066889 0.32831622595930926 -0.21779195680504754 -0.089004499525791661
leaf_weight=83068657 10702 780 84 71 92 24 29 285 20 48 516 69 2744 92 20 20 43 8095 66 22 33 30 22 40 546 316 37 29 21 163
leaf_count=83068657 10702 780 84 71 92 24 29 285 20 48 516 69 2744 92 20 20 43 8095 66 22 33 30 22 40 546 316 37 29 21 163
internal_value=0 -5.02779e-07 -7.64382e-07 -0.0070626 0.00291942 -0.0116479 -0.0045155 0.0720425 -0.00182746 -0.011009 -0.0028639 -0.00830344 -0.00597686 0.0034997 -0.0641348 0.0271674 -0.132683 -0.0123748 -0.0117921 0.0404213 0.0147962 0.122224 0.0420404 0.102961 0.0041409 0.00281907 0.00439805 0.157528 0.00345554 -0.032746
internal_weight=0 8.30818e+07 8.3081e+07 12333 3882 8451 3505 377 3433 8427 3413 2897 2813 11926 112 800 72 8209 8161 218 166 52 133 62 11814 11268 10789 66 10723 479
internal_count=83093716 83081790 83080990 12333 3882 8451 3505 377 3433 8427 3413 2897 2813 11926 112 800 72 8209 8161 218 166 52 133 62 11814 11268 10789 66 10723 479
is_linear=0
shrinkage=0.1


Tree=86
num_leaves=31
num_cat=0
split_feature=26 4 0 2 0 14 9 15 14 3 3 15 0 26 3 2 15 26 14 26 3 26 3 3 3 17 3 14 26 2
split_gain=14.1944 49.8187 35.508 21.3468 16.5901 56.6739 48.1548 47.8472 47.1872 70.8303 133.629 132.342 61.2271 115.329 91.3273 54.0522 44.2707 39.1986 37.4239 36.9112 79.5268 50.0885 44.8086 138.913 42.8029 42.3965 42.0322 36.7282 62.6279 32.2331
threshold=8.4995489120483416 0.072617162019014372 -0.021311437711119648 -0.00064982305117019981 -0.15790642052888867 0.00038959860103204852 0.36880901455879217 0.0070734850596636542 0.40272857248783117 1.8839390277862551 2.2194035053253178 0.00066440823138691496 -0.19027723371982572 462.82772827148443 2.0711144208908085 -0.0032426253526769999 0.09089644625782968 175.89697265625003 0.87357741594314586 210.62327575683597 2.5028109550476079 293.32064819335943 0.97308099269866954 1.1838999986648562 1.6206545233726504 1.0000000180025095e-35 1.8119350075721743 0.98816433548927318 122.00301361083986 -0.005181145005498349
decision_type=2 2 2 2 2 2 2 2 2 2 2 2 2 2 2 2 2 2 2 2 2 2 2 2 2 2 2 2 2 2
left_child=1 2 -1 -4 5 6 7 19 -7 15 11 12 13 14 17 29 27 -11 -13 -2 22 -22 -21 -24 -25 -23 -26 -17 -29 -10
right_child=4 -3 3 -5 -6 8 -8 -9 9 10 -12 18 -14 -15 -16 16 -18 -19 -20 20 21 25 23 24 26 -27 -28 28 -30 -31
leaf_value=0.017626521921938233 -0.0035730749251018379 0.028948350390018626 0.0051127533994878918 -0.00038590580659400407 5.4876692087459083e-06 0.024442696891752866 0.043180335817383009 -0.082980749379940238 0.031844138301369784 -0.16311566850694362 0.025010874566584219 -0.32168485671281816 0.026797959967874565 0.097109207917343496 -0.021364790459091849 0.012375014462415609 -0.14949319027364255 -0.36110209256410597 -0.16006910561730989 -0.0054414108570199462 -0.096104840886208326 0.085168261502403766 -0.25365759545694228 0.03371621890924871 -0.2010419484972954 -0.057804419366376737 -0.05292456285437433 0.014108272248148163 -0.12077855285348707 0.14185736582773487
leaf_weight=1099 471 581 7099 1292952 81788969 670 94 154 76 20 157 23 65 22 26 583 20 20 38 64 31 80 46 40 25 28 82 79 61 41
leaf_count=1099 471 581 7099 1292952 81788969 670 94 154 76 20 157 23 65 22 26 583 20 20 38 64 31 80 46 40 25 28 82 79 61 41
internal_value=0 -0.000327619 -0.000340691 -0.00035588 5.21418e-06 -0.00741131 -0.0253103 -0.031616 0.00308706 -0.00853623 -0.0450573 -0.0964624 -0.0468076 -0.101175 -0.16727 0.00721877 -0.0027297 -0.262109 -0.221006 -0.0224924 -0.044995 0.0159402 -0.0779522 -0.101997 -0.0545389 0.0481013 -0.0875314 0.00133015 -0.0446638 0.0703958
internal_weight=0 1.30173e+06 1.30115e+06 1.30005e+06 8.1792e+07 3016 1115 1021 1901 1231 371 214 153 88 66 860 743 40 61 867 396 139 257 193 147 108 107 723 140 117
internal_count=83093716 1301731 1301150 1300051 81791985 3016 1115 1021 1901 1231 371 214 153 88 66 860 743 40 61 867 396 139 257 193 147 108 107 723 140 117
is_linear=0
shrinkage=0.1


Tree=87
num_leaves=31
num_cat=0
split_feature=26 4 3 2 2 15 1 13 3 4 1 7 13 3 14 6 14 4 18 2 0 3 1 15 4 26 19 1 2 13
split_gain=13.3478 47.5325 78.2045 79.4296 134.309 77.1505 68.1574 66.7943 75.1006 68.9118 72.2652 126.179 66.2197 62.6031 68.9295 81.8503 66.0864 57.432 56.8158 56.6746 120.517 110.405 84.4276 75.6549 66.4267 67.9366 62.4487 58.5144 80.4554 56.7099
threshold=299.24307250976568 0.067786492407321944 0.061491001397371299 -1.0000000180025095e-35 -0.00088700401817464988 0.5042116940021516 5.7889866827548184e-05 0.066720958799123778 -0.013741999864578245 0.51241087913513195 0.00018956293846100002 0.58556854724884044 0.0041316214483231315 2.2194035053253178 0.019761260598897937 0.29005666077136999 0.11154344305396081 0.72271147370338451 0.90562623739242565 -0.008747229335895149 -0.0062247482128441325 3.343134999275208 0.0031975020619471003 0.097358070313930525 0.19669672846794131 410.09907531738287 0.61783882975578319 0.00053691888042820012 -0.0010176633712989998 0.12630172073841098
decision_type=2 2 2 2 2 2 2 2 2 2 2 2 2 2 2 2 2 2 2 2 2 2 2 2 2 2 2 2 2 2
left_child=-1 -2 7 4 5 19 -6 8 -3 -10 11 -11 -13 17 18 -16 -17 -5 -15 22 -21 -22 -4 26 25 -23 -24 28 29 -26
right_child=1 2 3 13 6 -7 -8 -9 9 10 -12 12 -14 14 15 16 -18 -19 -20 20 21 24 23 -25 27 -27 -28 -29 -30 -31
leaf_value=-2.9796125565993202e-05 5.5907916722165767e-05 0.029464668926233669 0.05331132209003045 0.02678246133774519 0.0049114909325097059 -0.18556325894852099 -0.15163366627777058 0.09313828248170114 -0.13949464190461378 0.11870161523421606 0.095797189168872379 -0.13022048849859 0.064661385715007777 -0.0013130923731434758 0.009127947253617064 -0.22462760678080973 -0.0046000688709318636 0.14732210910361673 0.066604754762856044 -0.20275535412096921 0.071034465610143649 -0.017079990580677988 -0.04225054232147931 0.051028954252119986 -0.019231180890814981 -0.26435094320774083 0.029549983001720067 -0.11736237719271553 0.14596506149641106 -0.14098135041209256
leaf_weight=53515861 29570519 78 256 325 37 26 112 31 122 30 31 136 20 4083 59 43 20 45 127 39 109 20 542 155 572 25 156 68 28 41
leaf_count=53515861 29570519 78 256 325 37 26 112 31 122 30 31 136 20 4083 59 43 20 45 127 39 109 20 542 155 572 25 156 68 28 41
internal_value=0 5.39112e-05 -0.00799453 -0.00536136 -0.0211106 -0.0144068 -0.11276 -0.0484795 -0.0590074 -0.0793638 -0.0455576 -0.0691167 -0.105236 0.00196061 -0.00141159 -0.0755118 -0.154778 0.0414427 0.000735736 -0.0121939 -0.0308084 -0.0230379 0.00294607 -0.0121694 -0.0366372 -0.154453 -0.0262034 -0.0291595 -0.0198026 -0.0273743
internal_weight=0 2.95779e+07 7336 6888 2186 2037 149 448 417 339 217 186 156 4702 4332 122 63 370 4210 2011 902 863 1109 853 754 45 698 709 641 613
internal_count=83093716 29577855 7336 6888 2186 2037 149 448 417 339 217 186 156 4702 4332 122 63 370 4210 2011 902 863 1109 853 754 45 698 709 641 613
is_linear=0
shrinkage=0.1


Tree=88
num_leaves=31
num_cat=0
split_feature=18 14 18 26 4 15 26 0 4 15 2 26 26 15 15 2 3 26 3 13 14 4 4 4 1 1 26 2 1 18
split_gain=13.5659 45.8947 42.4621 47.9051 67.4761 88.1401 103.805 78.4953 65.1901 115.716 64.8682 47.2244 56.988 48.3145 57.9758 47.265 45.6568 44.5787 43.3118 42.9888 39.4909 36.2547 35.1305 64.1176 82.9697 72.7248 52.4082 40.163 33.5641 33.3071
threshold=0.37069971859455114 0.035776082426309593 0.90562623739242565 167.40383911132815 0.48933163285255438 0.00044526625424623495 106.50751113891603 -0.017035131342709061 0.72271147370338451 0.019878485240042213 -0.023532365795297047 364.29214477539068 136.53020477294925 0.02984606567770243 0.0070734850596636542 -0.020986724422763097 3.7290139198303227 559.27777099609386 3.7290139198303227 0.0050630655605345973 0.64189010858535778 0.31070631742477423 0.98685157299041759 0.9252023994922639 0.0031975020619471003 0.0021402018536994505 193.01679229736331 -0.13604505617114263 0.0031975020619471003 0.61531996726989757
decision_type=2 2 2 2 2 2 2 2 2 2 2 2 2 2 2 2 2 2 2 2 2 2 2 2 2 2 2 2 2 2
left_child=-1 2 3 4 5 6 -2 -8 17 18 21 12 -4 14 22 -13 -12 -5 -10 -6 -3 -9 23 25 -25 -14 -26 -24 -11 -7
right_child=1 20 11 8 19 29 7 10 9 28 16 15 13 -15 -16 -17 -18 -19 -20 -21 -22 -23 27 24 26 -27 -28 -29 -30 -31
leaf_value=-3.017788187580543e-07 0.037690254933172795 -0.082060334302276106 0.0038402323003270122 -0.021140910940498095 0.01261434166200634 -0.01803342580906642 -0.017001028203566634 0.35400300320237876 0.18113204221362655 -0.021775808576494457 -0.019880101616893495 -0.022605579438274855 0.0062171240312022136 0.034314405806233281 -0.19339094127395326 0.081369838684182114 0.15869002362092338 0.035499105377338552 0.040153703882123332 -0.083846097074601111 0.024869818211186168 0.19423350049562904 -0.19700382362913205 -0.070930055528879168 -0.0053643467048039807 -0.13051819364858294 0.17700634799897672 -0.057943546060058804 -0.19408743943517598 0.047508715001393614
leaf_weight=83089099 233 107 665 910 809 184 26 20 23 20 21 73 74 72 28 109 45 164 415 49 51 49 27 45 26 82 40 90 26 134
leaf_count=83089099 233 107 665 910 809 184 26 20 23 20 21 73 74 72 28 109 45 164 415 49 51 49 27 45 26 82 40 90 26 134
internal_value=0 0.00542041 0.00729718 0.0136628 0.0259907 0.0487484 0.0803575 0.142106 0.00123983 0.0317108 0.172749 -0.00766264 -0.0151593 -0.0412641 -0.054472 0.0396654 0.101872 -0.012492 0.0475567 0.00710553 -0.0475449 0.240544 -0.0443425 -0.0243202 0.0337741 -0.0656566 0.105163 -0.0900344 -0.119169 0.00958496
internal_weight=0 4617 4459 3128 1570 712 394 161 1558 484 135 1331 1149 484 412 182 66 1074 438 858 158 69 384 267 111 156 66 117 46 318
internal_count=83093716 4617 4459 3128 1570 712 394 161 1558 484 135 1331 1149 484 412 182 66 1074 438 858 158 69 384 267 111 156 66 117 46 318
is_linear=0
shrinkage=0.1


Tree=89
num_leaves=31
num_cat=0
split_feature=20 3 1 3 2 3 1 1 14 14 2 26 0 20 2 3 3 3 9 15 20 15 26 9 1 20 14 26 20 20
split_gain=13.2722 42.7051 45.2725 139.128 43.2239 139.508 101.348 96.2749 122.338 75.6893 69.1165 106.659 92.2531 98.3603 146.677 105.403 313.399 89.7589 76.3273 68.603 62.0632 60.0416 57.2518 56.5167 55.8954 56.9353 53.7706 88.0922 87.6648 54.2439
threshold=0.50538161396980297 0.94279950857162487 0.011766311318164552 0.10698499903082849 -0.13604505617114263 3.343134999275208 0.0074286826741851008 0.070650786016459965 0.021788221783936027 0.003786049317568541 -0.023532365795297047 226.29190826416018 0.0046810721978545198 0.94167014956474315 -0.081241258522397927 2.0711144208908085 1.9652274847030642 1.4342429637908938 0.69638928771018993 0.056282564997673042 0.99852940440177929 0.0045905278529971847 169.45611572265628 0.50975418090820324 0.014622739945749553 0.96679237484931957 0.68304014205932628 43.658098220825202 0.80011686682701122 0.63787454366683971
decision_type=2 2 2 2 2 2 2 2 2 2 2 2 2 2 2 2 2 2 2 2 2 2 2 2 2 2 2 2 2 2
left_child=-1 2 -2 -4 5 24 -6 22 20 10 11 -8 13 14 -13 16 17 -16 -17 -15 -9 -20 -7 -24 25 -3 27 -26 29 -29
right_child=1 4 3 -5 6 7 9 8 -10 -11 -12 12 -14 19 15 18 -18 -19 21 -21 -22 -23 23 -25 26 -27 -28 28 -30 -31
leaf_value=1.2715762250183275e-06 0.0005571826767793842 -0.0091637431353371098 0.26304348245263104 0.01915007607296838 -0.0030654367300095033 -0.005086530881817453 -0.016243897789033675 -0.019471893401811258 -0.25510991410166028 0.053020314334963382 -0.00038857025596959977 -0.012329721123865852 0.13651137039774941 0.0161588440066315 -0.019308175355652157 -0.050883527235828001 -0.47085205316543582 -0.22119390055537225 -0.087024786052190606 -0.1774884741575945 -0.14733721831949748 -0.25226925989223081 0.20071857686965699 0.044159228339170416 0.21604894594981885 0.16674278629943728 -0.048644279018044474 0.03177277011973028 0.011564614906548705 0.13617074431293938
leaf_weight=83009706 44382 230 25 363 35416 176 802 512 25 117 581 143 21 142 49 153 33 40 45 21 41 43 31 90 39 20 40 74 204 152
leaf_count=83009706 44382 230 25 363 35416 176 802 512 25 117 581 143 21 142 49 153 33 40 45 21 41 43 31 90 39 20 40 74 204 152
internal_value=0 -0.00125628 0.000854511 0.0348649 -0.00366454 0.0122576 -0.00435636 -0.0149563 -0.0387339 -0.0252329 -0.0296495 -0.0410439 -0.0698695 -0.0763478 -0.0981107 -0.131903 -0.207639 -0.110043 -0.0935638 -0.00878958 -0.028952 -0.167769 0.0313178 0.0842695 0.0436306 0.00490878 0.0626492 0.0721412 0.0590891 0.101987
internal_weight=0 84010 44770 388 39240 1634 37606 875 578 2190 2073 1492 690 669 506 363 122 89 241 163 553 88 297 121 759 250 509 469 430 226
internal_count=83093716 84010 44770 388 39240 1634 37606 875 578 2190 2073 1492 690 669 506 363 122 89 241 163 553 88 297 121 759 250 509 469 430 226
is_linear=0
shrinkage=0.1


Tree=90
num_leaves=31
num_cat=0
split_feature=2 10 6 4 4 18 2 26 8 13 1 6 26 19 19 0 0 2 2 4 20 4 18 15 18 4 15 15 15 4
split_gain=13.3582 32.2822 32.1168 50.0078 51.0395 58.5117 45.0757 59.3934 41.8782 67.2443 38.007 68.7482 66.7792 65.025 69.7499 62.101 209.055 67.7258 57.1071 61.3158 49.4439 55.1987 74.7124 70.7365 69.9365 67.1504 48.7525 47.7926 56.8211 49.6017
threshold=-0.029150001330241947 0.41850791871547705 0.898319572210312 0.98685157299041759 0.9252023994922639 0.90562623739242565 -0.081241258522397927 134.91162872314456 0.07163399271667005 0.23866202682256701 0.070650786016459965 0.18064829707145694 81.298931121826186 0.61783882975578319 0.7019123136997224 -0.0049581765197217456 -0.043004523962736123 -0.081241258522397927 -0.058934122107042346 0.24424228817224505 0.99999997019767772 0.48933163285255438 0.61531996726989757 0.1246604658663273 0.79550775885581981 0.57249891757965099 0.16871754825115207 0.1246604658663273 0.019132312387228016 0.82193505764007579
decision_type=2 2 2 2 2 2 2 2 2 2 2 2 2 2 2 2 2 2 2 2 2 2 2 2 2 2 2 2 2 2
left_child=1 2 3 4 5 8 -5 -8 10 -10 13 12 -12 -1 26 16 -14 20 -19 -20 21 24 23 25 -17 -23 -15 28 29 -24
right_child=-2 -3 -4 6 -6 -7 7 -9 9 -11 11 -13 15 14 -16 17 -18 18 19 -21 -22 22 27 -25 -26 -27 -28 -29 -30 -31
leaf_value=0.0021240501325931189 -1.0433777947314387e-06 -0.048621784909119017 0.083418942087640377 -0.024268771807390562 0.047879369933719294 -0.045308953883161529 -0.024039541184902192 -0.26482842333614826 0.025880601576188513 0.21510377977043393 0.011522686142726181 0.15841032299399377 -0.036567937330008279 0.23157875849865378 0.025293557700714238 -0.0069804067226900959 0.20785152617279651 -0.11081700944324968 -0.071807808693297004 0.077260342587462894 -0.10698949662702424 -0.14850906043341666 -0.023191654260746996 -0.24189316832150021 0.16460192948579788 -0.030764024485040786 0.043035170016810301 0.14268397733569146 -0.12965472119931992 0.080528408137418461
leaf_weight=49997 83037499 128 48 164 239 265 21 20 308 20 1291 25 103 32 212 2329 53 139 74 44 56 66 211 24 24 182 24 20 39 59
leaf_count=49997 83037499 128 48 164 239 265 21 20 308 20 1291 25 103 32 212 2329 53 139 74 44 56 66 211 24 24 182 24 20 39 59
internal_value=0 0.00154097 0.00165544 0.00158541 0.00176642 0.00156819 -0.0477145 -0.141498 0.00179269 0.0374186 0.00158025 -0.00698074 -0.00785787 0.00238738 0.0515134 -0.0151673 0.046472 -0.0181106 -0.0673848 -0.0162231 -0.0139035 -0.0121388 -0.0391867 -0.0779636 -0.00523031 -0.0620994 0.150774 -0.00712802 -0.0168246 -0.0005269
internal_weight=0 56217 56089 56041 55836 55597 205 41 55332 328 55004 4739 4714 50265 268 3423 156 3267 257 118 3010 2954 601 272 2353 248 56 329 309 270
internal_count=83093716 56217 56089 56041 55836 55597 205 41 55332 328 55004 4739 4714 50265 268 3423 156 3267 257 118 3010 2954 601 272 2353 248 56 329 309 270
is_linear=0
shrinkage=0.1


Tree=91
num_leaves=31
num_cat=0
split_feature=2 20 1 26 15 13 13 15 3 20 1 14 3 7 4 1 2 14 7 14 26 14 3 3 1 2 0 3 3 15
split_gain=13.1543 34.5923 34.7876 50.8321 37.3488 32.1952 30.8111 29.885 39.6341 37.0795 41.5669 33.0245 31.2387 67.4208 48.401 57.0916 29.8548 29.6946 27.3577 26.1443 27.5539 23.3561 27.6148 27.0522 78.7202 68.8203 39.5794 84.7541 27.9295 31.3854
threshold=0.020300758245390255 0.35723876953125006 0.014622739945749553 274.52044677734381 0.019878485240042213 0.73468610644340526 0.038135366514325149 0.064490672200918212 2.9375464916229252 0.009197418577969076 0.0065773731705465006 0.31197458505630499 4.1433904170989999 0.54010647535324108 0.1594779044389725 0.00076514363264160005 0.085824421418069854 0.9348982870578767 0.027126056142151359 0.06529963389039041 215.02835083007815 0.010392715688794853 -0.2216365039348602 0.039528500288724906 0.0074286826741851008 0.085824421418069854 1.0000000180025095e-35 -1.0000000180025095e-35 0.0052970000542700299 0.017754762433469299
decision_type=2 2 2 2 2 2 2 2 2 2 2 2 2 2 2 2 2 2 2 2 2 2 2 2 2 2 2 2 2 2
left_child=-1 2 7 4 -4 17 -5 9 11 12 19 18 14 -14 21 -16 -6 -3 -9 -11 -21 22 -2 24 26 -26 28 -28 29 -24
right_child=1 5 3 6 16 -7 -8 8 -10 10 -12 -13 13 -15 15 -17 -18 -19 -20 20 -22 -23 23 -25 25 -27 27 -29 -30 -31
leaf_value=-9.0712823779436021e-07 0.017118399253731879 -0.011052192145862323 0.015071715372676105 -0.035460729744205575 0.0057823428778048559 0.10656269736911939 -0.12021062128136265 0.0077135173368495444 0.033981495719499259 0.006649926228653358 0.085875695526272389 -0.024567504145778143 -0.01127928859825867 -0.13698686389632675 -0.0010357945763434355 0.1510375959759063 -0.077615040964744197 -0.12073048251867294 0.11253534135222437 0.09385293791021565 -0.0055843343196267433 0.0070323058275373598 -0.0044742025350460284 0.00064093975057078877 -0.025260220919908202 -0.19831970952451231 0.034051407601994772 -0.23458179572354193 -0.024395676734834695 0.029561536181934703
leaf_weight=83050572 898 1960 454 270 79 23 51 6144 571 660 91 325 330 49 52 47 94 25 25 76 44 5537 2712 21566 54 40 24 23 619 301
leaf_count=83050572 898 1960 454 270 79 23 51 6144 571 660 91 325 330 49 52 47 94 25 25 76 44 5537 2712 21566 54 40 24 23 619 301
internal_value=0 0.00174566 0.00237127 -0.0165629 5.66191e-06 -0.0110705 -0.0489257 0.00281791 0.00872247 0.00155849 0.0219182 0.00650151 0.00100866 -0.0275317 0.00134803 0.0711607 -0.0395318 -0.0124335 0.00813831 0.0144565 0.0573926 0.00113051 -0.000114994 -0.000725736 -0.00853748 -0.0989026 -0.00622862 -0.0974074 -0.00504872 -0.00107402
internal_weight=0 43144 41136 948 627 2008 321 40188 7065 33123 871 6494 32252 379 31873 99 173 1985 6169 780 120 31774 26237 25339 3773 94 3679 47 3632 3013
internal_count=83093716 43144 41136 948 627 2008 321 40188 7065 33123 871 6494 32252 379 31873 99 173 1985 6169 780 120 31774 26237 25339 3773 94 3679 47 3632 3013
is_linear=0
shrinkage=0.1


Tree=92
num_leaves=31
num_cat=0
split_feature=2 26 9 14 9 2 1 15 2 1 3 18 8 2 4 4 15 26 1 4 6 6 7 4 7 2 1 1 13 4
split_gain=13.0463 31.4293 43.171 67.7207 80.6224 43.8163 41.9219 47.0931 69.3891 41.0812 63.8395 40.5636 44.9804 42.4631 41.3841 100.705 45.3292 42.512 42.2255 36.0158 34.8264 39.3414 34.5441 79.5511 54.6929 57.6334 61.6133 53.3177 49.4983 39.9133
threshold=-0.0022398011501233999 96.896739959716811 0.75074702501297008 0.74820527434349071 0.82140454649925243 -0.017768915179840597 0.0031975020619471003 0.012041170150041582 -0.081241258522397927 0.0065773731705465006 -0.11397499963641165 0.90562623739242565 0.07163399271667005 -0.015083690928206349 0.98685157299041759 0.9252023994922639 0.025388265959918502 350.07540893554693 0.014622739945749553 0.75704458355903637 0.98334485292434703 1.0000000180025095e-35 0.45547680556774145 0.98685157299041759 0.81283089518547069 -0.0023072051053773996 0.0065773731705465006 0.029216446485834453 0.0017797229811549189 0.65088403224945079
decision_type=2 2 2 2 2 2 2 2 2 2 2 2 2 2 2 2 2 2 2 2 2 2 2 2 2 2 2 2 2 2
left_child=1 9 11 6 -5 -6 20 -8 -9 -1 -11 12 22 14 15 16 18 -17 -13 -18 21 -4 29 24 25 26 -24 -28 -26 -3
right_child=-2 2 3 4 5 -7 7 8 -10 10 -12 13 -14 -15 -16 17 19 -19 -20 -21 -22 -23 23 -25 28 -27 27 -29 -30 -31
leaf_value=0.00040781154614021238 2.9317662478736972e-06 -0.00071565791989924681 -0.0037781024041849418 -0.2606369593832642 -0.17864744162186982 -0.016369833899226811 -0.014688674792692381 0.035919349300472629 -0.10629359669155546 0.14537781065549046 0.0079774714845656444 0.034996497079178145 0.036148994899755121 -0.17196350452445805 -0.10972496137022972 0.10914359454669663 -0.048326580323278912 -0.044017146527767184 -0.1028088582202881 0.12710756869478659 0.12489113967333521 -0.11143370717763901 0.014429400339972654 0.17714919224982301 -0.038595891770720071 0.19882825896143916 0.25888853520154953 0.039831646040081985 0.11850213223052296 -0.018700376429250789
leaf_weight=116108 82641308 304921 21019 20 20 99 993 46 135 34 6227 27 331 21 50 74 25 24 126 22 21 34 447 31 227 20 20 25 22 1239
leaf_count=116108 82641308 304921 21019 20 20 99 993 46 135 34 6227 27 331 21 50 74 25 24 126 22 21 34 447 31 227 20 20 25 22 1239
internal_value=0 -0.000535541 -0.00104306 -0.00528286 -0.0748655 -0.0436434 -0.00484813 -0.0232395 -0.0701511 0.000833289 0.00872362 -0.000734545 -0.000694754 -0.0338701 -0.0255369 -0.0114114 -0.052104 0.0716348 -0.0784903 0.0337915 -0.00382357 -0.00395196 -0.000734484 0.0201231 0.0137265 0.032422 0.0256575 0.13719 -0.0247157 -0.00078844
internal_weight=0 452408 330039 22387 139 119 22248 1174 181 122369 6261 307652 307283 369 348 298 200 98 153 47 21074 21053 306952 792 761 512 492 45 249 306160
internal_count=83093716 452408 330039 22387 139 119 22248 1174 181 122369 6261 307652 307283 369 348 298 200 98 153 47 21074 21053 306952 792 761 512 492 45 249 306160
is_linear=0
shrinkage=0.1


Tree=93
num_leaves=31
num_cat=0
split_feature=10 1 17 4 3 4 3 15 1 13 3 20 3 9 9 2 14 14 3 3 3 13 13 3 0 10 13 13 3 14
split_gain=12.7508 60.7726 43.197 33.7917 18.2311 26.0375 15.2705 52.332 17.1742 27.9008 22.4665 19.9566 17.5489 15.0958 16.4327 14.647 15.9239 15.4303 21.7321 21.128 17.5945 23.6234 22.0212 18.5973 16.806 14.5989 14.4024 14.3089 13.5853 13.3034
threshold=0.05694923177361489 0.029216446485834453 1.0000000180025095e-35 0.9252023994922639 4.1433904170989999 0.087801903486251845 3.343134999275208 0.0069052563048899182 0.0014384478279482504 0.088879115879535689 1.8119350075721743 0.86856701970100414 1.9652274847030642 0.92828974127769481 0.31443676352500921 0.011749388966535702 0.32412719726562506 0.069974821060895934 1.9652274847030642 -0.022071499377489086 1.139945983886719 0.19089563190937045 0.13997181504964831 1.8839390277862551 0.03776503540575505 0.49457477033138281 1.0000000180025095e-35 0.037004575133323676 0.89643099904060375 0.00072117068339139234
decision_type=2 2 2 2 2 2 2 2 2 2 2 2 2 2 2 2 2 2 2 2 2 2 2 2 2 2 2 2 2 2
left_child=-1 2 3 4 6 -6 8 -8 11 10 -10 13 -12 14 15 16 17 19 -19 26 21 22 24 27 -21 -20 -2 29 -23 -22
right_child=1 -3 -4 -5 5 -7 7 -9 9 -11 12 -13 -14 -15 -16 -17 -18 18 25 20 23 28 -24 -25 -26 -27 -28 -29 -30 -31
leaf_value=5.1019169673565421e-07 0.016114625218593841 0.14160623570968364 -0.12967019637494728 0.088719603568315514 -0.014763659391736177 -0.12518526708771444 0.0081497432885142117 0.17562649035826328 -0.084740841078261533 -0.12247880858679612 0.08618800165131689 0.064925642040298256 -0.014018544204642666 -0.049626061877102723 0.030532314802338891 0.043919496587119425 0.027107430005120677 0.0065106870652417159 -0.030901829070515103 -0.0098895374505472144 0.0015187333572263748 -0.017161091087529293 0.069193761944770824 -0.0057169813605971315 -0.097710143977945502 -0.12160119943320752 0.08915040307781763 0.020734286341452746 -0.085505446546118372 -0.071687407016754148
leaf_weight=83079616 108 29 27 40 81 29 278 20 36 30 22 43 85 70 144 65 166 59 36 2291 3523 52 35 6237 22 35 36 410 66 25
leaf_count=83079616 108 29 27 40 81 29 278 20 36 30 22 43 85 70 144 65 166 59 36 2291 3523 52 35 6237 22 35 36 410 66 25
internal_value=0 -0.00300692 -0.00330496 -0.00306202 -0.00332418 -0.0438748 -0.00300314 0.0193898 -0.00349395 -0.0348004 -0.0164064 -0.00309046 0.00658467 -0.00330905 -0.00306546 -0.00343293 -0.00366787 -0.00406282 -0.0383414 -0.00371481 -0.00414801 -0.0117277 -0.00953355 -0.00231461 -0.0107248 -0.0756128 0.0343736 0.00304683 -0.0553876 0.00100291
internal_weight=0 14100 14071 14044 14004 110 13894 298 13596 173 143 13423 107 13380 13310 13166 13101 12935 130 12805 12661 2466 2348 10195 2313 71 144 3958 118 3548
internal_count=83093716 14100 14071 14044 14004 110 13894 298 13596 173 143 13423 107 13380 13310 13166 13101 12935 130 12805 12661 2466 2348 10195 2313 71 144 3958 118 3548
is_linear=0
shrinkage=0.1


Tree=94
num_leaves=31
num_cat=0
split_feature=0 19 18 9 14 3 6 3 13 0 3 2 2 26 2 1 26 0 26 0 1 26 0 9 3 20 1 14 3 26
split_gain=12.4901 32.7991 30.4959 21.2201 25.4473 57.3969 31.7754 29.7581 71.519 61.3528 36.9411 106.309 70.3391 33.0411 31.6653 29.284 26.1308 33.6919 25.9782 29.2976 25.6331 24.6982 27.04 24.474 34.8193 77.8459 103.135 55.5972 50.9987 45.688
threshold=0.023515846580266956 0.0089980079792439955 0.016976296901702884 0.96424251794815075 0.047484435141086585 2.5028109550476079 0.067786492407321944 2.2194035053253178 0.46743220090866094 0.19705608487129214 2.0711144208908085 0.0015043085284750502 0.0015497521740495503 644.12042236328136 -0.019336473726990048 5.810947216937191e-06 120.25701904296876 0.03776503540575505 285.02587890625006 0.040149923413991935 1.7652684519636216e-06 58.255182266235359 0.087758697569370284 0.05312080308794976 1.6857554912567141 0.57378283143043529 0.00081001108078785006 0.031739909201860435 1.3698505163192751 197.12699890136722
decision_type=2 2 2 2 2 2 2 2 2 2 2 2 2 2 2 2 2 2 2 2 2 2 2 2 2 2 2 2 2 2
left_child=-1 2 3 4 6 7 23 10 9 15 13 14 -13 20 -12 16 -9 -18 -7 -20 -6 -5 -23 24 28 26 27 -26 -2 -29
right_child=1 -3 -4 21 5 18 -8 8 -10 -11 11 12 -14 -15 -16 -17 17 -19 19 -21 -22 22 -24 -25 25 -27 -28 29 -30 -31
leaf_value=-8.9491384898252502e-07 -0.0034839553201489295 0.080300020338651149 -0.066338311259945243 -0.013995983241719828 0.0017547555238167174 -0.051902874630403273 0.097847146773710855 -0.011524703354793199 0.17298738057574919 -0.12215175370375315 -0.13312198091298341 -0.30679585695266726 -0.052871678334971278 -0.0076648735822915821 -0.005759614574940064 -0.0072305613298006546 0.015526371706901361 0.079606148983948133 0.033868800600369772 -0.046169435522135566 0.0083948108626627129 0.027097543936033183 0.12198440455126042 0.0088838731100844559 -0.0097438052018562829 0.13058950207196177 -0.17482881519477816 -0.1398263414649934 0.016272213794947067 -0.021434271250452316
leaf_weight=83049494 10001 53 66 138 11322 268 32 81 31 30 20 20 24 2197 815 199 145 189 99 85 11950 334 33 1861 2518 37 40 61 1503 70
leaf_count=83049494 10001 53 66 138 11322 268 32 81 31 30 20 20 24 2197 815 199 145 189 99 85 11950 334 33 1861 2518 37 40 61 1503 70
internal_value=0 0.00168015 0.00158581 0.00168746 0.00145139 0.00330211 -0.00170241 0.00389323 0.024626 0.0174844 0.00336209 -0.0167934 -0.168292 0.0040577 -0.00881021 0.024307 0.0394298 0.0517871 -0.0320384 -0.00310538 0.00516437 0.0220686 0.0356296 -0.00190038 -0.00331075 -0.0134725 -0.0154548 -0.0130482 -0.000902808 -0.0765634
internal_weight=0 44222 44169 44103 43598 27475 16123 27023 675 644 26348 879 44 25469 835 614 415 334 452 184 23272 505 367 16091 14230 2726 2689 2649 11504 131
internal_count=83093716 44222 44169 44103 43598 27475 16123 27023 675 644 26348 879 44 25469 835 614 415 334 452 184 23272 505 367 16091 14230 2726 2689 2649 11504 131
is_linear=0
shrinkage=0.1


Tree=95
num_leaves=31
num_cat=0
split_feature=18 14 15 0 2 26 4 15 18 2 4 1 4 26 13 8 15 26 26 15 1 4 4 3 15 15 8 26 26 2
split_gain=12.5354 36.0814 37.9462 31.7143 37.4511 32.5291 49.1123 59.5896 61.9282 77.5693 75.2204 106.894 67.7969 65.2816 51.6533 46.6848 41.8512 30.8237 40.8325 48.6693 39.5237 31.4903 61.3501 54.1198 50.501 138.446 45.0658 43.5363 63.8466 72.638
threshold=0.37069971859455114 0.035776082426309593 0.10850441828370096 -0.046048661693930619 -0.081241258522397927 165.47551727294925 0.48933163285255438 0.094903208315372481 0.90562623739242565 -0.019336473726990048 0.021004183217883114 0.070650786016459965 0.27964606881141668 111.58505249023439 0.0050630655605345973 0.5664392113685609 0.011260102503001692 531.21240234375011 654.50115966796886 0.013487236574292185 0.0028478370104891002 0.98685157299041759 0.80852606892585765 3.7290139198303227 0.0070734850596636542 0.029343551956117157 0.74613162875175487 188.64375305175784 253.69451904296878 -1.0000000180025095e-35
decision_type=2 2 2 2 2 2 2 2 2 2 2 2 2 2 2 2 2 2 2 2 2 2 2 2 2 2 2 2 2 2
left_child=-1 3 -3 4 -2 6 7 8 9 10 -5 16 -13 -14 -8 -16 -12 21 20 -20 -19 22 -7 -23 26 -26 27 -24 29 -29
right_child=1 2 -4 5 -6 17 14 -9 -10 -11 11 12 13 -15 15 -17 -18 18 19 -21 -22 23 24 -25 25 -27 -28 28 -30 -31
leaf_value=-2.8971836075178691e-07 -0.076567731125458616 -0.02204162332962048 -0.16359883966771038 0.25667614033145292 -0.0012607376787576591 -0.014209954157960872 0.010883189995847864 -0.0095546084430492388 -0.034745949579348026 0.032683749037220121 0.13150121317843774 -0.071773892157297167 0.016889805811987228 0.17641131713500491 -0.13518235926799801 0.04782390892505646 0.33362667798995971 0.099405639822471817 0.021131958868065778 -0.10897064941960413 0.00036415063417874851 0.034869289323687554 -0.060068286923118511 -0.11132714971899987 -0.13486123135629691 0.14003303778424328 -0.042445490136742592 0.24482389215379952 0.04113292106609235 0.058630108848129484
leaf_weight=83089099 94 136 22 31 222 1117 1346 194 68 282 21 36 58 46 46 20 20 106 129 37 65 40 26 69 53 28 47 40 174 44
leaf_count=83089099 94 136 22 31 222 1117 1346 194 68 282 21 36 58 46 46 20 20 106 129 37 65 40 26 69 53 28 47 40 174 44
internal_value=0 0.00521048 -0.0417521 0.00687455 -0.0236622 0.00920369 0.017661 0.0382304 0.0547256 0.0670415 0.112744 0.0880924 0.0465048 0.0874474 0.00664792 -0.0797259 0.230099 -8.00857e-05 0.0274622 -0.00786682 0.0617583 -0.00574661 -0.00204457 -0.0576771 0.0309378 -0.0398361 0.0482571 0.0632677 0.0756969 0.147294
internal_weight=0 4617 158 4459 316 4143 2168 756 562 494 212 181 140 104 1412 66 41 1975 337 166 171 1638 1529 109 412 81 331 284 258 84
internal_count=83093716 4617 158 4459 316 4143 2168 756 562 494 212 181 140 104 1412 66 41 1975 337 166 171 1638 1529 109 412 81 331 284 258 84
is_linear=0
shrinkage=0.1


Tree=96
num_leaves=31
num_cat=0
split_feature=3 0 14 20 26 20 15 1 22 2 8 3 3 13 3 3 26 3 3 21 13 26 15 13 13 3 15 3 13 15
split_gain=12.4892 44.0216 39.7374 19.0847 24.2874 53.491 134.169 52.1004 12.4924 28.3406 24.7584 76.8118 78.7194 55.1142 48.1372 57.9878 35.3209 33.839 30.9802 31.2441 31.6901 30.8654 66.2556 79.9871 54.2317 38.9885 73.2403 96.6399 29.4317 27.3414
threshold=-0.73734748363494862 -0.0015300631057471035 0.003786049317568541 0.32240396738052374 95.30853652954103 0.66379645466804515 0.0065626760479062804 6.3123604794373448e-05 1.0000000180025095e-35 0.0017430921152344003 0.74613162875175487 0.21933950483798983 0.24876549839973452 0.0075964953284710654 0.13415650278329852 0.01087299967184663 120.25701904296876 0.0420490000396967 -0.29586949944496149 1.0000000180025095e-35 0.25734108686447149 223.96001434326175 0.031699074432253845 0.29339340329170233 0.64403080940246593 -1.0000000180025095e-35 0.030496896244585518 -0.2216365039348602 0.099891610443592085 0.063147000968456282
decision_type=2 2 2 2 2 2 2 2 2 2 2 2 2 2 2 2 2 2 2 2 2 2 2 2 2 2 2 2 2 2
left_child=1 2 -1 -3 -5 6 7 -6 -2 10 18 14 -13 -14 15 29 -16 -17 -10 21 -21 22 -20 -24 -25 26 27 -23 -27 -12
right_child=8 3 -4 4 5 -7 -8 -9 9 -11 11 12 13 -15 16 17 -18 -19 19 20 -22 25 23 24 -26 28 -28 -29 -30 -31
leaf_value=-0.021651838532169211 -1.7105029808391291e-06 0.0011301851165319286 -0.1574411875801161 0.015604255046122352 -0.32987576172403665 0.0031747029748004983 -0.012030300457792527 -0.11201789465156341 -0.066011036734799952 -0.082338515222072611 -0.073007420899429881 0.22109194684028624 -0.10122610535472631 0.10875327941775322 -0.044278246611356736 0.11703808665525442 -0.21411764041210213 -0.024107347364569532 -0.0017417326207964708 -0.1620226917602122 0.01190143484114246 -0.035793288635528268 0.017201943603654703 0.30874531596899035 0.075868238471448426 0.033080836231146181 -0.090145604803480883 0.16209873564748301 -0.015118499691377685 0.0064437951310537759
leaf_weight=66 82967607 123061 32 130 23 156 88 21 49 35 134 25 25 25 25 41 24 29 1078 20 22 34 75 20 20 506 22 90 169 64
leaf_count=66 82967607 123061 32 130 23 156 88 21 49 35 134 25 25 25 25 41 24 29 1078 20 22 34 75 20 20 506 22 90 169 64
internal_value=0 0.00100456 -0.0659912 0.00105773 -0.0202736 -0.0364685 -0.0833196 -0.225898 -1.49615e-06 0.0070225 0.00827505 -0.0147996 0.0762064 0.00376359 -0.036331 -0.0196684 -0.127465 0.0585635 0.0125721 0.0144449 -0.0709196 0.0162251 0.00595543 0.078108 0.192307 0.0311481 0.0780049 0.107838 0.0210132 -0.0473262
internal_weight=0 123577 98 123479 418 288 132 44 8.29701e+07 2532 2497 392 75 50 317 268 49 70 2105 2056 42 2014 1193 115 40 821 146 124 675 198
internal_count=83093716 123577 98 123479 418 288 132 44 82970139 2532 2497 392 75 50 317 268 49 70 2105 2056 42 2014 1193 115 40 821 146 124 675 198
is_linear=0
shrinkage=0.1


Tree=97
num_leaves=31
num_cat=0
split_feature=16 7 7 26 13 26 9 9 3 9 3 3 4 4 3 0 6 26 4 3 2 3 13 15 3 3 2 7 13 13
split_gain=12.3099 43.9664 49.2271 50.8614 49.0009 119.366 44.6801 69.8104 45.8553 51.7061 42.5376 51.9815 52.4132 43.1962 161.408 81.776 79.7005 71.1563 95.741 91.7313 64.0536 78.8356 62.5851 53.8179 65.8931 151.225 83.6548 82.5953 66.0766 62.408
threshold=0.066122770309448256 0.98685157299041759 0.012249965453520419 28.343158721923832 0.92316466569900524 115.07026672363283 0.9417330026626588 0.58210089802742015 2.2194035053253178 0.67685446143150341 -0.29586949944496149 -0.051509000360965722 0.087801903486251845 0.62018048763275158 -1.0000000180025095e-35 0.016324401833117012 0.11898779869079591 545.27511596679699 0.82193505764007579 4.1433904170989999 0.0011211309691449502 3.7290139198303227 0.10378105565905572 0.0021066879853606228 3.343134999275208 2.5028109550476079 0.0013650672389837503 0.91760551929473888 0.010628995951265098 0.0031703551067039375
decision_type=2 2 2 2 2 2 2 2 2 2 2 2 2 2 2 2 2 2 2 2 2 2 2 2 2 2 2 2 2 2
left_child=1 2 -1 -4 6 -6 7 10 -9 -10 -5 12 -12 15 -15 16 -13 22 20 -20 21 -19 23 -16 25 29 27 -26 -29 -25
right_child=-2 -3 3 4 5 -7 -8 8 9 -11 11 13 -14 14 17 -17 -18 18 19 -21 -22 -23 -24 24 26 -27 -28 28 -30 -31
leaf_value=2.5094224808721125e-07 0.0032125442910277686 0.023442553652290372 0.012270617382361876 -0.064710844849729776 0.048859291257602827 -0.29249644830822946 -0.089541341141978315 0.18373949644358264 0.1186009801778139 -0.00073931494299026707 -0.014442074018415442 -0.0043562105409685565 0.088775975630957293 -0.28194500324518784 -0.0069195947111440241 -0.19255001974676778 0.16779689871602588 -0.26963128669187431 0.1259343300799006 -0.071385717400980583 0.028971949033439161 -0.092706549266243693 0.079118026354133272 -0.10125469222664835 0.018043660229330804 -0.21324294085625298 -0.096112858465833895 -0.031436527940596259 -0.19975839741382517 0.036836227665965754
leaf_weight=83068657 11926 800 1315 134 21 20 67 23 51 126 89 6755 110 23 2409 23 27 40 38 62 22 68 73 60 403 64 120 86 32 72
leaf_count=83068657 11926 800 1315 134 21 20 67 23 51 126 89 6755 110 23 2409 23 27 40 38 62 22 68 73 60 403 64 120 86 32 72
internal_value=0 -4.61244e-07 -6.86981e-07 -0.00631805 -0.00853661 -0.117656 -0.00812904 -0.00762907 0.0509075 0.0336469 -0.00872219 -0.00801281 0.0426131 -0.00898366 -0.0178889 -0.00430923 -0.00367085 -0.0161776 -0.0699666 0.0035959 -0.126553 -0.158234 -0.0124502 -0.0145095 -0.0363541 -0.087095 -0.0208389 -0.00350137 -0.0770831 -0.0259324
internal_weight=0 8.30818e+07 8.3081e+07 12333 11018 41 10977 10910 200 177 10710 10576 199 10377 3572 6805 6782 3549 230 100 130 108 3319 3246 837 196 641 521 118 132
internal_count=83093716 83081790 83080990 12333 11018 41 10977 10910 200 177 10710 10576 199 10377 3572 6805 6782 3549 230 100 130 108 3319 3246 837 196 641 521 118 132
is_linear=0
shrinkage=0.1


Tree=98
num_leaves=31
num_cat=0
split_feature=2 1 3 3 0 3 20 4 20 13 3 2 15 26 0 1 26 3 15 13 3 1 15 3 1 3 9 9 1 9
split_gain=12.094 45.6095 51.352 40.9113 55.9933 48.667 34.3623 56.4487 33.9826 40.9985 30.846 30.0286 45.6523 57.4136 27.7167 24.9083 32.5008 25.1055 23.8577 22.8166 22.6415 22.4216 18.0683 31.2936 30.8759 28.2348 24.2033 19.6068 61.784 17.8169
threshold=0.05144977637925361 0.0074286826741851008 -0.024914499372243878 0.14711499959230426 -1.0000000180025095e-35 0.16051850467920306 0.23451923578977588 0.31070631742477423 0.9280410408973695 0.038135366514325149 1.0986645221710207 0.085824421418069854 0.013487236574292185 171.68933105468753 -0.039426373317837708 0.011766311318164552 199.33017730712893 1.8839390277862551 0.022168925963342193 0.94305700063705455 1.0323700308799746 0.014622739945749553 0.24761394411325457 2.9375464916229252 0.0052684475765885511 1.9652274847030642 0.98503166437149059 0.51577174663543712 0.00062457601494615006 0.67685446143150341
decision_type=2 2 2 2 2 2 2 2 2 2 2 2 2 2 2 2 2 2 2 2 2 2 2 2 2 2 2 2 2 2
left_child=-1 6 -3 4 -4 -5 7 14 9 10 20 -6 13 -13 -2 16 -12 -17 -19 22 -7 -11 25 24 -24 27 -27 -16 -29 -25
right_child=1 2 3 5 11 8 -8 -9 -10 21 15 12 -14 -15 19 17 -18 18 -20 -21 -22 -23 23 29 -26 26 -28 28 -30 -31
leaf_value=-4.5567149089886089e-07 -0.03631466668048481 0.074423492021742282 0.10442032906271162 0.14566672198474406 -0.017098451018821272 -0.011306512522648767 -0.013217677744934576 0.11903546665277748 -0.13772094178767433 -0.015487940227224804 0.12627613764670162 -0.030701148341886881 -0.009977311774023943 -0.17858011137745153 0.0079813517889445271 0.041108957342175623 0.01764838475419182 -2.8214412920463546e-05 -0.10145933588571621 -0.096668453266223281 -0.10825835588574409 -0.10620802275481678 0.0094816854161284478 0.10262826717525189 0.12331029140949251 -0.0078378626627772941 0.10030763488750727 0.17294230407168126 0.019172590203357466 -0.00054080757227810948
leaf_weight=83081847 147 64 21 20 84 660 893 45 21 48 45 41 49 73 6915 89 71 78 33 21 25 63 509 70 25 1423 21 29 264 22
leaf_count=83081847 147 64 21 20 84 660 893 45 21 48 45 41 49 73 6915 89 71 78 33 21 25 63 509 70 25 1423 21 29 264 22
internal_value=0 0.00319188 -0.0132004 -0.0171469 -0.0523411 -0.00896643 0.00553612 0.00730065 -0.011696 -0.00931608 -0.00292204 -0.065669 -0.0906993 -0.125396 0.00676835 0.0229234 0.0597885 0.00154169 -0.0301834 0.00744941 -0.0148449 -0.0669777 0.00768508 0.0240911 0.0148107 0.00649805 -0.00626511 0.00905493 0.0343921 0.0779574
internal_weight=0 11869 1485 1421 268 1153 10384 9491 1133 1112 1001 247 163 114 9446 316 116 200 111 9299 685 111 9278 626 534 8652 1444 7208 293 92
internal_count=83093716 11869 1485 1421 268 1153 10384 9491 1133 1112 1001 247 163 114 9446 316 116 200 111 9299 685 111 9278 626 534 8652 1444 7208 293 92
is_linear=0
shrinkage=0.1


Tree=99
num_leaves=31
num_cat=0
split_feature=26 4 1 1 1 1 0 16 2 4 3 4 1 16 0 7 7 1 1 26 6 15 3 6 2 2 2 3 4 26
split_gain=12.0602 21.9687 15.1177 14.6156 17.1136 27.2408 14.5126 14.0607 43.1731 42.7324 27.7285 25.5724 20.1741 19.7239 39.7848 38.0731 42.6062 52.5172 69.0809 72.661 64.8042 112.246 62.409 54.1367 48.3211 71.8884 76.6674 58.5186 48.1621 45.1995
threshold=5.3191337585449228 0.072617162019014372 0.00016850223223065003 0.0074286826741851008 0.0017366336486112502 0.0028478370104891002 0.050379617139697082 0.99031487107276928 -1.7771433057367499e-05 0.98685157299041759 1.5558925271034243 0.98685157299041759 5.7555122153880483e-05 0.066122770309448256 -0.075873900204896913 0.98685157299041759 0.098755661398172392 2.3618336654080494e-05 8.4916368203742586e-05 654.50115966796886 0.65586459636688244 0.018427844159305099 -1.0000000180025095e-35 1.0000000180025095e-35 0.00085812832907095006 0.0010142576313704502 0.0011597548747331501 0.023833500221371654 0.62018048763275158 851.09140014648449
decision_type=2 2 2 2 2 2 2 2 2 2 2 2 2 2 2 2 2 2 2 2 2 2 2 2 2 2 2 2 2 2
left_child=1 2 6 4 -4 -6 -1 13 11 10 -10 12 -9 15 -15 16 -2 20 19 24 23 -22 -20 29 27 -26 -27 -19 -21 -18
right_child=7 -3 3 -5 5 -7 -8 8 9 -11 -12 -13 -14 14 -16 -17 17 18 22 28 21 -23 -24 -25 25 26 -28 -29 -30 -31
leaf_value=-0.00047153150565017827 3.5136643826473611e-06 0.026988176564221141 0.0066158434054945968 -0.02677231901695698 0.07978475149720908 -0.0020147974449622481 -0.033262296183060647 0.032006171069525441 -0.071673017792718507 0.049138386539162554 -0.006333066094293946 -0.1438391794761022 -0.06390081041699483 -0.091704987324124521 0.0046771217052430925 0.022096193602177294 -0.00063774077009393873 -0.10809989146710862 0.10265442158802816 -0.035449445868531868 0.040647441484034069 -0.29438403367996219 -0.0069341037530571623 0.15073918066918851 -0.13053942638588079 0.15214767229017093 -0.043512751437945696 -0.008815680088356443 -0.22284792424179614 0.096830804413184535
leaf_weight=630761 82437373 292 2315 121 84 79 135 29 71 133 762 30 90 43 10686 780 5409 63 53 24 20 20 2663 24 94 21 432 1029 32 48
leaf_count=630761 82437373 292 2315 121 84 79 135 29 71 133 762 30 90 43 10686 780 5409 63 53 24 20 20 2663 24 94 21 432 1029 32 48
internal_value=0 -0.000434554 -0.000447194 0.0071639 0.008821 0.0401396 -0.000478548 3.3397e-06 -0.0112262 -0.00349811 -0.0119023 -0.0613293 -0.0405285 3.49154e-06 0.00429084 2.93363e-06 2.72461e-06 -0.00654653 -0.0146818 -0.0305231 -4.68489e-05 -0.126868 -0.00479559 0.000878686 -0.026696 -0.0509563 -0.0344424 -0.0145436 -0.142534 0.000219597
internal_weight=0 633787 633495 2599 2478 163 630896 8.24599e+07 1115 966 833 149 119 8.24588e+07 10729 8.24481e+07 8.24473e+07 9932 4411 1695 5521 40 2716 5481 1639 547 453 1092 56 5457
internal_count=83093716 633787 633495 2599 2478 163 630896 82459929 1115 966 833 149 119 82458814 10729 82448085 82447305 9932 4411 1695 5521 40 2716 5481 1639 547 453 1092 56 5457
is_linear=0
shrinkage=0.1


end of trees

feature_importances:
feature.vep@features.cadd_raw.max=453
feature.expected_expr@theta=364
feature.splice_ensemble@AbSplice=296
feature.splice_ensemble@MMSplice_SpliceMap_Psi_ref=223
feature.vep@features.LoF_HC.proportion=205
feature.enformer@Enformer=194
feature.vep@features.NMD_transcript_variant.proportion=186
feature.vep@features.3_prime_UTR_variant.proportion=174
feature.vep@features.5_prime_UTR_variant.proportion=165
feature.vep@features.missense_variant.proportion=93
feature.vep@features.splice_region_variant.proportion=91
feature.vep@features.NMD_escaping_variant.proportion=85
feature.vep@features.frameshift_variant.proportion=79
feature.vep@features.coding_sequence_variant.proportion=79
feature.vep@features.splice_donor_variant.proportion=62
feature.vep@features.stop_gained.proportion=52
feature.vep@features.transcript_amplification.proportion=44
feature.vep@features.splice_acceptor_variant.proportion=40
feature.vep@features.transcript_ablation.proportion=32
feature.vep@features.stop_lost.proportion=28
feature.vep@features.inframe_deletion.proportion=22
feature.vep@features.start_lost.proportion=19
feature.vep@features.feature_elongation.proportion=14

parameters:
[boosting: gbdt]
[objective: regression]
[metric: l2]
[tree_learner: serial]
[device_type: cpu]
[data: ]
[valid: ]
[num_iterations: 100]
[learning_rate: 0.1]
[num_leaves: 31]
[num_threads: 32]
[deterministic: 0]
[force_col_wise: 0]
[force_row_wise: 0]
[histogram_pool_size: -1]
[max_depth: -1]
[min_data_in_leaf: 20]
[min_sum_hessian_in_leaf: 0.001]
[bagging_fraction: 1]
[pos_bagging_fraction: 1]
[neg_bagging_fraction: 1]
[bagging_freq: 0]
[bagging_seed: 3]
[feature_fraction: 1]
[feature_fraction_bynode: 1]
[feature_fraction_seed: 2]
[extra_trees: 0]
[extra_seed: 6]
[early_stopping_round: 0]
[first_metric_only: 0]
[max_delta_step: 0]
[lambda_l1: 0]
[lambda_l2: 0]
[linear_lambda: 0]
[min_gain_to_split: 0]
[drop_rate: 0.1]
[max_drop: 50]
[skip_drop: 0.5]
[xgboost_dart_mode: 0]
[uniform_drop: 0]
[drop_seed: 4]
[top_rate: 0.2]
[other_rate: 0.1]
[min_data_per_group: 100]
[max_cat_threshold: 32]
[cat_l2: 10]
[cat_smooth: 10]
[max_cat_to_onehot: 4]
[top_k: 20]
[monotone_constraints: ]
[monotone_constraints_method: basic]
[monotone_penalty: 0]
[feature_contri: ]
[forcedsplits_filename: ]
[refit_decay_rate: 0.9]
[cegb_tradeoff: 1]
[cegb_penalty_split: 0]
[cegb_penalty_feature_lazy: ]
[cegb_penalty_feature_coupled: ]
[path_smooth: 0]
[interaction_constraints: ]
[verbosity: -1]
[saved_feature_importance_type: 0]
[linear_tree: 0]
[max_bin: 255]
[max_bin_by_feature: ]
[min_data_in_bin: 3]
[bin_construct_sample_cnt: 200000]
[data_random_seed: 1]
[is_enable_sparse: 1]
[enable_bundle: 1]
[use_missing: 1]
[zero_as_missing: 0]
[feature_pre_filter: 1]
[pre_partition: 0]
[two_round: 0]
[header: 0]
[label_column: ]
[weight_column: ]
[group_column: ]
[ignore_column: ]
[categorical_feature: ]
[forcedbins_filename: ]
[precise_float_parser: 0]
[objective_seed: 5]
[num_class: 1]
[is_unbalance: 0]
[scale_pos_weight: 1]
[sigmoid: 1]
[boost_from_average: 1]
[reg_sqrt: 0]
[alpha: 0.9]
[fair_c: 1]
[poisson_max_delta_step: 0.7]
[tweedie_variance_power: 1.5]
[lambdarank_truncation_level: 30]
[lambdarank_norm: 1]
[label_gain: ]
[eval_at: ]
[multi_error_top_k: 1]
[auc_mu_weights: ]
[num_machines: 1]
[local_listen_port: 12400]
[time_out: 120]
[machine_list_filename: ]
[machines: ]
[gpu_platform_id: -1]
[gpu_device_id: -1]
[gpu_use_dp: 0]
[num_gpu: 1]

end of parameters

pandas_categorical:[]
