tree
version=v3
num_class=1
num_tree_per_iteration=1
label_index=0
max_feature_idx=25
objective=regression
feature_names=feature.expected_expr@theta feature.splice_ensemble@AbSplice feature.splice_ensemble@MMSplice_SpliceMap_Psi_ref feature.vep@features.cadd_raw.max feature.vep@features.LoF_HC.proportion feature.vep@features.transcript_ablation.proportion feature.vep@features.stop_gained.proportion feature.vep@features.frameshift_variant.proportion feature.vep@features.coding_sequence_variant.proportion feature.vep@features.missense_variant.proportion feature.vep@features.inframe_deletion.proportion feature.vep@features.inframe_insertion.proportion feature.vep@features.stop_lost.proportion feature.vep@features.3_prime_UTR_variant.proportion feature.vep@features.5_prime_UTR_variant.proportion feature.vep@features.NMD_transcript_variant.proportion feature.vep@features.NMD_escaping_variant.proportion feature.vep@features.start_lost.proportion feature.vep@features.splice_donor_variant.proportion feature.vep@features.splice_acceptor_variant.proportion feature.vep@features.splice_region_variant.proportion feature.vep@features.feature_elongation.proportion feature.vep@features.transcript_amplification.proportion feature.vep@features.regulatory_region_amplification.proportion feature.vep@features.TFBS_amplification.proportion feature.vep@features.TF_binding_site_variant.proportion
feature_infos=[0.16420191526412964:999.99993896484375] [0:0.22242152208318361] [-0.88927232728098271:0.31837650715409088] [-1.6282299757003784:11.2655029296875] [0:1] [0:0.1992882639169693] [0:0.98605990409851074] [0:1] [0:0.97427946329116821] [0:1.0024518966674805] [0:1] [0:1] [0:0.77729940414428711] [0:1.9255713224411011] [0:1.9133759737014771] [0:1] [0:0.99999994039535522] [0:1] [0:0.93575483560562134] [0:1] [0:1] [0:0.99764442443847656] [0:0.99614542722702026] none none none
tree_sizes=2958 2963 2965 2978 2998 2969 3037 2995 2985 3018 2996 3029 2977 3006 2976 3060 2978 3005 3023 2973 2988 3031 2986 2942 2971 2920 2964 3020 2937 2913 2966 2900 3006 2900 2973 2946 2955 2903 2961 2960 2899 3010 2882 2949 2903 2955 2891 2928 2857 2841 2908 2988 2884 2923 2858 2876 2885 2922 2872 2953 2798 2956 2807 2884 2981 2791 2902 2927 2887 2922 2932 2785 2940 2874 2973 2888 3002 2928 2955 2942 2851 2879 2899 2803 2919 2938 2893 2878 2914 2899 2899 2808 2940 2889 2838 2932 2928 2837 2923 2871

Tree=0
num_leaves=31
num_cat=0
split_feature=4 22 5 0 8 0 4 1 8 12 16 0 1 4 18 18 19 0 4 1 6 16 15 13 3 15 19 14 0 7
split_gain=52910.3 21697.5 14877.2 5716.16 4335.47 3090.07 2791.83 2217.82 2139.77 3969.7 1949.96 1876.33 1719.9 1152.54 1120.12 965.829 1110.48 844.161 703.805 883.313 696.824 1155.91 643.234 599.737 593.193 560.88 540.205 505.031 488.591 450.503
threshold=0.22048421949148181 1.0000000180025095e-35 1.0000000180025095e-35 163.4223327636719 0.011934864800423385 92.143386840820327 0.72271147370338451 0.029216446485834453 0.07163399271667005 0.15723580867052081 0.13225658982992175 78.315097808837905 6.4231245220049121e-06 0.021004183217883114 0.61531996726989757 0.21915384382009509 0.0089980079792439955 51.510091781616218 0.72271147370338451 0.014622739945749553 0.65586459636688244 0.72313192486763012 0.065696332603693022 0.42873615026474005 -0.024914499372243878 0.034044088795781142 0.7019123136997224 0.64189010858535778 266.93064880371099 0.72271147370338451
decision_type=2 2 2 2 2 2 2 2 2 2 2 2 2 2 2 2 2 2 2 2 2 2 2 2 2 2 2 2 2 2
left_child=1 2 7 17 5 -3 10 8 13 23 15 -4 20 -1 26 16 25 -2 19 -19 29 -22 -11 -10 27 -5 -14 -13 -7 -8
right_child=3 4 11 6 -6 28 12 -9 9 22 -12 24 14 -15 -16 -17 -18 18 -20 -21 21 -23 -24 -25 -26 -27 -28 -29 -30 -31
leaf_value=0.0017189111642354927 -0.065544297847045158 0.19175606025241007 -0.19717102879652934 -0.22495978371650457 0.13834880032715341 0.44309612280416255 -0.1102593623205409 -0.053477100596600102 -0.0584084353506115 -0.48148570749448977 -0.016803059933935858 -0.43120403411584401 -0.36646359545193152 -0.044298501576485814 -0.17340545496709847 -0.074188235585406201 -0.078011807583094048 -0.1092659674668582 -0.15102476155109937 0.015309103233672242 -0.34966811145421262 -0.019753084306954903 -0.18484252224647024 0.052737662122805978 -0.586709914802234 -0.14273980912429715 -0.20545754335890604 0.13597989219556694 0.5834869858160121 -0.20533534568205622
leaf_weight=83048033 5288 469 228 3558 1045 591 866 7282 3033 246 938 73 1627 5443 472 881 797 3986 3463 664 527 133 104 578 449 1082 239 20 427 1174
leaf_count=83048033 5288 469 228 3558 1045 591 866 7282 3033 246 938 73 1627 5443 472 881 797 3986 3463 664 527 133 104 578 449 1082 239 20 427 1174
internal_value=0.00166802 0.0017124 0.00170348 -0.141808 0.294442 0.404137 -0.191051 0.00170755 0.00171239 -0.0717848 -0.151343 -0.437852 -0.248241 0.0017159 -0.31103 -0.171318 -0.187057 -0.096632 -0.116895 -0.0914772 -0.193871 -0.283185 -0.39334 -0.0406177 -0.539098 -0.205787 -0.345842 -0.309229 0.501983 -0.164975
internal_weight=0 8.3068e+07 8.30655e+07 25695 2532 1487 12294 8.30647e+07 8.30574e+07 3961 7256 770 5038 8.30535e+07 2338 6318 5437 13401 8113 4650 2700 660 350 3611 542 4640 1866 93 1018 2040
internal_count=83093716 83068021 83065489 25695 2532 1487 12294 83064719 83057437 3961 7256 770 5038 83053476 2338 6318 5437 13401 8113 4650 2700 660 350 3611 542 4640 1866 93 1018 2040
is_linear=0
shrinkage=1


Tree=1
num_leaves=31
num_cat=0
split_feature=4 22 5 0 8 0 4 8 12 1 0 1 16 4 18 0 19 18 13 6 18 16 6 19 3 13 7 15 13 0
split_gain=42901.9 17575 12050.5 4626.15 3511.73 2507.77 2052.92 1786.29 3120.78 1732 1570.82 1547.13 1307.01 1166.36 1016.65 783.96 667.349 728.074 609.584 599.078 579.409 731.988 682.824 544.044 505.168 494.673 494.126 436.977 432.663 421.799
threshold=0.24424228817224505 1.0000000180025095e-35 1.0000000180025095e-35 180.33281707763675 0.011934864800423385 87.55185699462892 0.68211069703102123 0.07163399271667005 0.15723580867052081 0.029216446485834453 93.715137481689467 6.4231245220049121e-06 0.21988103538751605 0.021004183217883114 0.61531996726989757 82.839981079101577 0.26619982719421392 0.21915384382009509 0.4585558027029038 0.52134644985198986 0.61531996726989757 0.64080783724784862 0.65586459636688244 0.61783882975578319 -0.024914499372243878 0.42873615026474005 1.0000000180025095e-35 0.031699074432253845 0.78986126184463512 219.51232910156253
decision_type=2 2 2 2 2 2 2 2 2 2 2 2 2 2 2 2 2 2 2 2 2 2 2 2 2 2 2 2 2 2
left_child=1 2 7 15 5 -3 12 9 25 13 -4 20 16 -1 23 -2 17 27 -10 26 21 22 -8 -13 28 -9 -17 -5 -12 -7
right_child=3 4 10 6 -6 29 11 8 18 -11 24 14 -14 -15 -16 19 -18 -19 -20 -21 -22 -23 -24 -25 -26 -27 -28 -29 -30 -31
leaf_value=4.5802063373082694e-05 -0.071166675383194808 0.16664343661620989 -0.21482512258068734 -0.20602424625326232 0.12301270384105863 0.37949114440934467 -0.18168932308318286 -0.054703868878789357 -0.12681242026712583 -0.048846642773947291 -0.10513901186047817 -0.33647320255910795 -0.016031417919115203 -0.044056848938356152 -0.15324324844395354 -0.070800208814219653 -0.06065685559693601 -0.073053489166091126 -0.42558034840057479 -0.1828252163710552 -0.071289911395849823 -0.05775487399507602 -0.31333810174975685 -0.17916487075605619 -0.55354920441481337 0.045962676034424985 -0.13327137080865539 -0.12739689623552117 -0.61297870635986329 0.50772027589716362
leaf_weight=83048033 7703 455 296 2906 1045 477 1457 3140 92 7247 51 1678 758 5997 480 2392 634 658 265 1185 458 336 540 253 398 578 2690 934 25 555
leaf_count=83048033 7703 455 296 2906 1045 477 1457 3140 92 7247 51 1678 758 5997 480 2392 634 658 265 1185 458 336 540 253 398 578 2690 934 25 555
internal_value=0 3.94674e-05 3.14368e-05 -0.130817 0.263496 0.362222 -0.179034 3.51039e-05 -0.0661716 3.83521e-05 -0.395568 -0.224811 -0.138603 4.26176e-05 -0.283487 -0.0925339 -0.156707 -0.170246 -0.348587 -0.118797 -0.174124 -0.194312 -0.217288 -0.315863 -0.508437 -0.0390543 -0.103867 -0.1869 -0.272192 0.448452
internal_weight=0 8.30687e+07 8.30661e+07 25062 2532 1487 11092 8.30654e+07 4075 8.30613e+07 770 5202 5890 8.3054e+07 2411 13970 5132 4498 357 6267 2791 2333 1997 1931 474 3718 5082 3840 76 1032
internal_count=83093716 83068654 83066122 25062 2532 1487 11092 83065352 4075 83061277 770 5202 5890 83054030 2411 13970 5132 4498 357 6267 2791 2333 1997 1931 474 3718 5082 3840 76 1032
is_linear=0
shrinkage=0.1


Tree=2
num_leaves=31
num_cat=0
split_feature=4 22 5 0 8 0 4 8 12 1 1 0 1 16 0 4 1 4 1 1 16 13 6 16 1 3 1 0 9 13
split_gain=34757.8 14235.7 9760.98 3819.28 2844.5 2031.92 1943.73 1446.66 2524.93 1410.22 1399.01 1290.03 1042.85 992.816 692.777 674.732 701.558 558.682 558.124 554.73 545.64 498.881 479.592 931.82 519.402 468.287 784.944 449.334 415.691 478.64
threshold=0.19669672846794131 1.0000000180025095e-35 1.0000000180025095e-35 178.14729309082034 0.011934864800423385 92.143386840820327 0.62018048763275158 0.07163399271667005 0.15723580867052081 6.5751636807462798e-06 0.029216446485834453 73.982284545898452 6.2451215715937953e-05 0.13225658982992175 51.510091781616218 0.72271147370338451 0.014622739945749553 0.021004183217883114 0.0021402018536994505 3.4737169443349844e-05 0.0063950831536203631 0.48284983634948736 0.5839887559413911 0.066122770309448256 1.2666905803989707e-06 3.7290139198303227 0.0031975020619471003 261.65092468261724 0.74035614728927623 0.52276137471199047
decision_type=2 2 2 2 2 2 2 2 2 2 2 2 2 2 2 2 2 2 2 2 2 2 2 2 2 2 2 2 2 2
left_child=1 2 7 14 5 -3 13 10 28 22 17 -4 20 18 -2 16 -16 -1 19 -5 -11 -10 -8 24 -24 -14 -27 -23 29 -9
right_child=3 4 11 6 -6 -7 9 8 21 12 -12 -13 25 -15 15 -17 -18 -19 -20 -21 -22 27 23 -25 -26 26 -28 -29 -30 -31
leaf_value=4.1223264579294063e-05 -0.052271032976101361 0.15377952797191421 -0.14394927192256568 -0.11712278913095989 0.11071143069917239 0.40534353676025187 -0.13030221083885415 -0.045916229145208806 -0.1305938570728592 -0.41200249680825407 -0.044274257990819604 -0.43501468804746257 -0.1052330326161677 -0.0088267825994171878 -0.089126046455566973 -0.12947726448030064 0.014693635197462009 -0.034029948815567465 -0.045284772461216295 -0.19226586869421788 -0.15930379044551116 -0.28616279837242359 -0.32031710158374238 -0.020415571352673901 -0.06656611720100046 -0.29219102145339243 -0.16391251115900418 -0.56169544922678094 -0.31592771488313498 0.058235774819235454
leaf_weight=83048033 5437 469 209 2686 1045 1018 2516 3117 105 479 7125 561 322 765 4606 3813 758 4813 653 1549 104 157 505 180 96 1079 855 95 52 514
leaf_count=83048033 5437 469 209 2686 1045 1018 2516 3117 105 479 7125 561 322 765 4606 3813 758 4813 653 1549 104 157 505 180 96 1079 855 95 52 514
internal_value=0 3.64642e-05 2.92365e-05 -0.114718 0.237147 0.326 -0.157064 3.2537e-05 -0.0598062 -0.196038 3.54475e-05 -0.356011 -0.2477 -0.114759 -0.0805578 -0.0973165 -0.074455 3.92488e-05 -0.131339 -0.144607 -0.366924 -0.313728 -0.151552 -0.220007 -0.279784 -0.21689 -0.235481 -0.390034 -0.035193 -0.0311726
internal_weight=0 8.30673e+07 8.30648e+07 26403 2532 1487 11789 8.3064e+07 4040 6136 8.306e+07 770 2839 5653 14614 9177 5364 8.30528e+07 4888 4235 583 357 3297 781 601 2256 1934 252 3683 3631
internal_count=83093716 83067313 83064781 26403 2532 1487 11789 83064011 4040 6136 83059971 770 2839 5653 14614 9177 5364 83052846 4888 4235 583 357 3297 781 601 2256 1934 252 3683 3631
is_linear=0
shrinkage=0.1


Tree=3
num_leaves=31
num_cat=0
split_feature=4 22 5 0 8 0 4 8 12 1 16 0 18 1 4 2 6 7 18 16 0 2 16 3 9 0 3 13 14 14
split_gain=28220.5 11531 7906.35 3066.33 2304.05 1655.61 1488.09 1200.61 2261.56 1147.82 1136.75 1082.15 965.318 912.207 765.661 586.555 497.595 515.704 481.322 558.642 605.872 470.993 464.926 463.094 423.436 410.997 409.186 393.027 391.208 384.484
threshold=0.24424228817224505 1.0000000180025095e-35 1.0000000180025095e-35 163.4223327636719 0.011934864800423385 84.378223419189467 0.72271147370338451 0.46194367110729223 0.15723580867052081 0.029216446485834453 0.13225658982992175 93.715137481689467 0.61531996726989757 6.4231245220049121e-06 0.072617162019014372 1.7912691897992165e-05 0.34849354624748236 1.0000000180025095e-35 0.21915384382009509 0.33388794958591467 92.143386840820327 -0.00017693638606314997 0.72313192486763012 4.1433904170989999 0.40176780521869665 261.65092468261724 -0.024914499372243878 0.4954072386026383 0.95004814863204967 0.64189010858535778
decision_type=2 2 2 2 2 2 2 2 2 2 2 2 2 2 2 2 2 2 2 2 2 2 2 2 2 2 2 2 2 2
left_child=1 2 7 18 5 -3 10 9 27 14 15 -4 13 22 -1 16 17 -5 19 20 -2 -19 23 -8 -18 -10 29 -9 -6 -13
right_child=3 4 11 6 28 -7 12 8 25 -11 -12 26 -14 -15 -16 -17 24 21 -20 -21 -22 -23 -24 -25 -26 -27 -28 -29 -30 -31
leaf_value=3.6424555948609911e-05 -0.069962595943320091 0.13167652622988654 -0.17039272264967598 -0.06284044124023927 0.089121313758832157 0.36224515512701722 -0.10542670457588328 -0.055166744157474905 -0.24307156979758357 -0.039587930671314303 -0.0081589441794208736 -0.33588767743536407 -0.091300525937425242 -0.25635782296999909 -0.041314749820608419 -0.20712052075090753 -0.18480072694707453 -0.2098329935534359 -0.028287961975963179 -0.0099693238740737079 -0.12163063009025638 -0.10422391880248379 -0.051375586805476638 -0.21251368239245549 0.12793663289811877 -0.49412849946777415 -0.45469281293812147 0.0411193737456092 0.45553232550621037 0.17489605569280686
leaf_weight=83050700 6483 444 296 1982 1015 1043 576 2042 184 7312 906 56 919 1866 4478 816 1142 589 2068 1009 3492 1492 326 1351 45 101 398 535 30 20
leaf_count=83050700 6483 444 296 1982 1015 1043 576 2042 184 7312 906 56 919 1866 4478 816 1142 589 2068 1009 3492 1492 326 1351 45 101 398 535 30 20
internal_value=0 3.20099e-05 2.55051e-05 -0.106098 0.213432 0.2934 -0.142563 2.84755e-05 -0.0647393 3.07071e-05 -0.112641 -0.32041 -0.183972 -0.204648 3.41951e-05 -0.128246 -0.115986 -0.0993462 -0.0725452 -0.0808777 -0.0880503 -0.134115 -0.16182 -0.180504 -0.172945 -0.332043 -0.414092 -0.0351772 0.0996403 -0.201471
internal_weight=0 8.30687e+07 8.30661e+07 25062 2532 1487 12010 8.30654e+07 2862 8.30625e+07 6972 770 5038 4119 8.30552e+07 6066 5250 4063 13052 10984 9975 2081 2253 1927 1187 285 474 2577 1045 76
internal_count=83093716 83068654 83066122 25062 2532 1487 12010 83065352 2862 83062490 6972 770 5038 4119 83055178 6066 5250 4063 13052 10984 9975 2081 2253 1927 1187 285 474 2577 1045 76
is_linear=0
shrinkage=0.1


Tree=4
num_leaves=31
num_cat=0
split_feature=4 22 5 0 8 0 4 1 8 12 1 0 1 4 16 6 16 7 3 1 3 16 0 6 16 1 2 21 20 15
split_gain=22858.6 9340.1 6404.15 2499.29 1866.28 1371.13 1170.63 979.587 972.894 1675.37 921.015 890.663 806.575 626.968 535.214 498.93 465.102 450.746 422.123 575.916 414.136 387.656 391.651 380.381 711.406 457.85 373.157 364.696 358.246 467.598
threshold=0.24424228817224505 1.0000000180025095e-35 1.0000000180025095e-35 180.33281707763675 0.011934864800423385 109.92773056030275 0.57249891757965099 6.5751636807462798e-06 0.07163399271667005 0.15723580867052081 0.029216446485834453 68.13877105712892 6.2451215715937953e-05 0.067786492407321944 0.019555250182747844 0.52134644985198986 0.21988103538751605 0.26424887776374822 3.7290139198303227 0.0031975020619471003 3.7290139198303227 0.4608485102653504 75.456062316894545 0.52134644985198986 0.066122770309448256 1.2666905803989707e-06 -0.0022398011501233999 1.0000000180025095e-35 0.9193629026412965 0.09089644625782968
decision_type=2 2 2 2 2 2 2 2 2 2 2 2 2 2 2 2 2 2 2 2 2 2 2 2 2 2 2 2 2 2
left_child=1 2 8 15 5 -3 16 23 10 -10 13 -4 14 26 -9 17 -5 -2 -14 -20 -19 22 -17 -8 25 -25 -1 -6 -12 -30
right_child=3 4 11 6 27 -7 7 12 9 -11 28 -13 18 -15 -16 21 -18 20 19 -21 -22 -23 -24 24 -26 -27 -28 -29 29 -31
leaf_value=-0.0028765082182870515 -0.035710711081922003 0.1385443496833367 -0.10240861460412105 -0.10310158536966429 0.10235287797678304 0.33752305480216677 -0.10332564921179679 -0.33633749404541369 -0.028966177380680108 -0.2557592665176599 -0.029235787341677255 -0.35057076964804995 -0.072555165500984689 -0.0373524726698818 -0.074285400705923751 -0.08261749126665531 -0.0061014463523728531 -0.049180457823468665 -0.23496256353805736 -0.12995333150526753 -0.10254250278424293 -0.0022187041728371566 -0.1594779181570268 -0.26266459181109292 -0.012829104980628473 -0.038293643694164027 4.859679935033696e-05 -0.18562680826238964 -0.095206077602959793 -0.58773855507373818
leaf_weight=438437 5110 549 193 3766 999 938 2751 543 3718 357 6695 577 362 4486 91 1535 569 2850 1203 923 2970 338 1167 576 200 108 82611107 46 532 20
leaf_count=438437 5110 549 193 3766 999 938 2751 543 3718 357 6695 577 362 4486 91 1535 569 2850 1203 923 2970 338 1167 576 200 108 82611107 46 532 20
internal_value=0 2.88086e-05 2.29542e-05 -0.0954886 0.192089 0.26406 -0.130929 -0.15695 2.56276e-05 -0.0488349 2.80247e-05 -0.288369 -0.198034 3.11352e-05 -0.298724 -0.0673497 -0.0903696 -0.0573831 -0.172376 -0.189373 -0.0764116 -0.103184 -0.115814 -0.121663 -0.178729 -0.227238 3.31545e-05 0.0896763 -0.03562 -0.113051
internal_weight=0 8.30687e+07 8.30661e+07 25062 2532 1487 11092 6757 8.30654e+07 4075 8.30613e+07 770 3122 8.3054e+07 634 13970 4335 10930 2488 2126 5820 3040 2702 3635 884 684 8.30495e+07 1045 7247 552
internal_count=83093716 83068654 83066122 25062 2532 1487 11092 6757 83065352 4075 83061277 770 3122 83054030 634 13970 4335 10930 2488 2126 5820 3040 2702 3635 884 684 83049544 1045 7247 552
is_linear=0
shrinkage=0.1


Tree=5
num_leaves=31
num_cat=0
split_feature=4 22 5 0 8 16 18 19 0 4 4 8 12 0 0 1 3 7 15 1 0 0 19 20 0 3 9 13 14 3
split_gain=18523.1 7565.53 5187.34 2076.82 1511.69 1162.27 1288.52 1284.49 1157.65 947.583 837.457 809.722 1532.83 751.979 684.81 662.938 466.917 387.764 383.903 374.614 367.848 359.643 501.52 350.241 333.59 331.441 325.788 320.412 314.375 382.835
threshold=0.27964606881141668 1.0000000180025095e-35 1.0000000180025095e-35 131.18572235107425 0.011934864800423385 0.33388794958591467 0.21915384382009509 0.26619982719421392 73.982284545898452 0.72271147370338451 0.021004183217883114 0.46194367110729223 0.15723580867052081 93.715137481689467 277.12652587890631 0.0039542978823803006 4.1433904170989999 0.81283089518547069 0.043810537084937103 5.8549226438813595e-06 269.48780822753912 134.91162872314456 0.61783882975578319 0.63787454366683971 169.45611572265628 -0.024914499372243878 0.0065349177457392224 0.78986126184463512 0.95004814863204967 0.0420490000396967
decision_type=2 2 2 2 2 2 2 2 2 2 2 2 2 2 2 2 2 2 2 2 2 2 2 2 2 2 2 2 2 2
left_child=1 2 10 -2 8 6 7 9 -3 26 11 15 19 -4 -11 -1 -16 23 -8 -13 -10 -12 -23 -7 -14 27 -5 -15 29 -6
right_child=3 4 13 5 28 17 18 -9 20 14 21 12 24 25 16 -17 -18 -19 -20 -21 -22 22 -24 -25 -26 -27 -28 -29 -30 -31
leaf_value=3.2880478807093837e-05 -0.054875145761523948 0.08811463635380884 -0.13447721291871662 -0.13274248843254996 0.11828989059591551 0.010721770611577128 -0.067083485344808222 -0.056707441567522734 0.24442938403120762 -0.15353380343895628 -0.010168092457683367 -0.012363978263023377 -0.16917136965344687 -0.0025085310871694605 -0.14573612829877272 -0.014565274971411985 -0.27292237681663545 -0.11729020306394121 0.071156299421646169 -0.1173609525175585 0.36335817553102973 -0.047763374919314872 -0.27562211109231222 -0.41180755347013476 -0.38571116932987298 -0.37416646228962813 -0.020500995198019994 -0.43953349018096932 0.39974379469950994 -0.0089528605497442189
leaf_weight=83024688 10637 384 296 4601 640 1027 1808 1589 683 1853 3678 2167 148 51 378 31120 1221 363 226 403 420 3977 99 20 137 398 274 25 30 375
leaf_count=83024688 10637 384 296 4601 640 1027 1808 1589 683 1853 3678 2167 148 51 378 31120 1221 363 226 403 420 3977 99 20 137 398 274 25 30 375
internal_value=0 2.53751e-05 2.01063e-05 -0.0878448 0.17288 -0.114095 -0.124226 -0.139098 0.237654 -0.15482 2.25122e-05 2.55801e-05 -0.0532291 -0.259532 -0.194909 2.74107e-05 -0.242856 -0.0282278 -0.0517235 -0.0288285 0.289715 -0.0328398 -0.0532977 0.00265053 -0.273262 -0.337626 -0.126434 -0.146267 0.0807086 0.071279
internal_weight=0 8.30697e+07 8.30672e+07 23997 2532 13360 11950 9916 1487 8327 8.30664e+07 8.30587e+07 2855 770 3452 8.30558e+07 1599 1410 2034 2570 1103 7754 4076 1047 285 474 4875 76 1045 1015
internal_count=83093716 83069719 83067187 23997 2532 13360 11950 9916 1487 8327 83066417 83058663 2855 770 3452 83055808 1599 1410 2034 2570 1103 7754 4076 1047 285 474 4875 76 1045 1015
is_linear=0
shrinkage=0.1


Tree=6
num_leaves=31
num_cat=0
split_feature=4 22 5 0 8 4 0 1 1 8 12 0 1 16 1 1 1 3 8 3 17 16 13 13 16 6 1 7 14 6
split_gain=15032.3 6127.99 4201.78 1749.26 1224.47 1210.22 937.699 932.361 687.159 639.097 1247.45 633.537 596.79 711.704 516.25 404.345 372.431 354.7 374.78 350.457 341.942 340.938 333.966 377.773 318.592 486.787 377.667 360.055 316.795 315.345
threshold=0.19669672846794131 1.0000000180025095e-35 1.0000000180025095e-35 96.896739959716811 0.011934864800423385 0.65088403224945079 73.982284545898452 6.3589836407593299e-06 0.029216446485834453 0.46194367110729223 0.15723580867052081 120.25701904296876 0.0021402018536994505 0.13225658982992175 6.6626122023773351e-05 3.4737169443349844e-05 7.2728740389435496e-05 3.7290139198303227 0.011934864800423385 0.64090400934219371 0.57706825435161602 0.019555250182747844 0.4954072386026383 0.12022032588720323 0.019555250182747844 0.5839887559413911 1.2666905803989707e-06 0.58556854724884044 0.013766229618340732 0.34849354624748236
decision_type=2 2 2 2 2 2 2 2 2 2 2 2 2 2 2 2 2 2 2 2 2 2 2 2 2 2 2 2 2 2
left_child=1 2 8 -2 6 12 -3 24 9 19 16 -4 13 15 21 29 22 -16 -19 -1 28 -9 23 -11 25 27 -27 -7 -21 -5
right_child=3 4 11 5 -6 7 -8 14 -10 10 -12 -13 -14 -15 17 -17 -18 18 -20 20 -22 -23 -24 -25 -26 26 -28 -29 -30 -31
leaf_value=7.9147569521042624e-05 -0.040681340850760583 0.079303173044657657 -0.14287202532735785 -0.058312100812625792 0.072637769446823014 -0.043821677183618624 0.26074355361670348 -0.2513240331121866 -0.030819057391025646 -0.028631900030411047 -0.24593618768806522 -0.32428589995950463 -0.0042068109585175874 -0.0024234864352839953 -0.056179717579071524 -0.1245095940872933 -0.24946281634685069 -0.15890891664921708 0.079071040435091541 -0.00058568149453308495 -0.066591020231282744 -0.076424303330936055 0.053333234550755504 -0.25462773467426175 -0.025943628742453286 -0.19783986287013866 -0.021305229317090692 -0.11455047516193786 -0.0043296678663364034 -0.12567690185608452
leaf_weight=77788292 9350 384 385 3262 1045 1329 1103 747 7224 1877 285 385 1235 1041 450 2361 72 2466 68 5028248 789 131 510 77 651 713 146 1570 236637 883
leaf_count=77788292 9350 384 385 3262 1045 1329 1103 747 7224 1877 285 385 1235 1041 450 2361 72 2466 68 5028248 789 131 510 77 651 713 146 1570 236637 883
internal_value=0 2.39802e-05 1.92381e-05 -0.0754426 0.155592 -0.0945018 0.213889 -0.121952 2.14035e-05 2.40859e-05 -0.0475723 -0.233579 -0.0686486 -0.079194 -0.157826 -0.0914777 -0.0252799 -0.137994 -0.152523 2.57026e-05 -0.000763825 -0.225229 -0.0187291 -0.0375376 -0.0905291 -0.101717 -0.167835 -0.082126 -0.00075396 -0.0726627
internal_weight=0 8.30673e+07 8.30648e+07 26403 2532 17053 1487 8271 8.3064e+07 8.30568e+07 2821 770 8782 7547 3862 6506 2536 2984 2534 8.3054e+07 5.26567e+06 878 2464 1954 4409 3758 859 2899 5.26488e+06 4145
internal_count=83093716 83067313 83064781 26403 2532 17053 1487 8271 83064011 83056787 2821 770 8782 7547 3862 6506 2536 2984 2534 83053966 5265674 878 2464 1954 4409 3758 859 2899 5264885 4145
is_linear=0
shrinkage=0.1


Tree=7
num_leaves=31
num_cat=0
split_feature=4 22 5 0 8 4 0 16 4 8 12 0 1 2 2 19 18 18 18 16 0 1 3 4 21 13 0 20 15 3
split_gain=12204.4 4963.64 3403.46 1681.84 991.817 824.145 790.602 642.286 576.265 566.27 904.219 549.041 541.291 510.505 470.5 465.515 405.878 389.115 367.226 401.631 392.418 341.323 333.799 305.827 298.436 291.347 274.756 271.265 321.621 268.423
threshold=0.1594779044389725 1.0000000180025095e-35 1.0000000180025095e-35 245.86995697021487 0.011934864800423385 0.75704458355903637 123.84985351562501 0.13225658982992175 0.72271147370338451 0.011934864800423385 0.15723580867052081 66.823066711425795 0.0039542978823803006 -1.0000000180025095e-35 -0.008747229335895149 0.61783882975578319 0.14669562131166461 0.61531996726989757 0.21915384382009509 0.13225658982992175 55.442037582397468 7.5648036044634752e-06 4.1433904170989999 0.98685157299041759 1.0000000180025095e-35 0.58586266636848461 95.30853652954103 0.92363363504409801 0.33198542892932897 1.6206545233726504
decision_type=2 2 2 2 2 2 2 2 2 2 2 2 2 2 2 2 2 2 2 2 2 2 2 2 2 2 2 2 2 2
left_child=1 2 9 8 6 7 -3 16 15 12 -11 -4 29 14 -7 18 -5 22 19 20 -2 -10 23 -15 -6 -12 -27 -14 -29 -1
right_child=3 4 11 5 24 13 -8 -9 21 10 25 -13 27 17 -16 -17 -18 -19 -20 -21 -22 -23 -24 -25 -26 26 -28 28 -30 -31
leaf_value=5.1218285400226005e-05 -0.021000471820728117 0.1048268317496925 -0.062686377121380685 -0.10504939210543335 0.076841362771038368 -0.12897235597633197 0.25314287510353534 0.0045582218177363156 -0.052419212476850698 -0.022016921493775363 -0.069627204635075504 -0.2585513920419657 -0.011032503310514745 -0.087978030394799289 -0.26754964422260491 0.063187922045271364 -0.022554073839635466 -0.012276107602309986 0.0061167971453664795 0.01089589216584971 -0.06954851091112535 -0.094740144290826833 -0.16466079068941281 0.24056233396132787 -0.18366736037575682 -0.084492251175371083 -0.32698334133732715 -0.048546455878731715 -0.38494028808741737 -0.0012910080972795876
leaf_weight=81508906 2396 608 190 4317 999 452 879 768 4479 4407 133 580 30121 510 535 464 692 305 1528 1058 5457 3317 1179 30 46 66 160 1425 29 1517680
leaf_count=81508906 2396 608 190 4317 999 452 879 768 4479 4407 133 580 30121 510 535 464 692 305 1528 1058 5457 3317 1179 30 46 66 160 1425 29 1517680
internal_value=0 2.20459e-05 1.7778e-05 -0.0666227 0.140033 -0.102705 0.1925 -0.0805963 -0.0496651 1.97269e-05 -0.0344488 -0.210221 2.17048e-05 -0.145123 -0.204088 -0.0348207 -0.0936526 -0.116369 -0.039177 -0.0469437 -0.0547362 -0.0704257 -0.134838 -0.0697258 0.065374 -0.187059 -0.256167 -0.0130689 -0.0552558 2.66831e-05
internal_weight=0 8.30662e+07 8.30637e+07 27487 2532 8788 1487 5777 18699 8.30629e+07 4766 770 8.30582e+07 3011 987 10903 5009 2024 10439 8911 7853 7796 1719 540 1045 359 226 31575 1454 8.30266e+07
internal_count=83093716 83066229 83063697 27487 2532 8788 1487 5777 18699 83062927 4766 770 83058161 3011 987 10903 5009 2024 10439 8911 7853 7796 1719 540 1045 359 226 31575 1454 83026586
is_linear=0
shrinkage=0.1


Tree=8
num_leaves=31
num_cat=0
split_feature=4 22 5 0 13 0 1 1 4 0 8 8 12 1 16 6 1 7 16 6 7 16 0 19 15 15 0 16 7 0
split_gain=9954.62 4020.65 2756.76 1214.42 843.771 791.623 670.572 675.568 591.363 471.439 469.097 448.173 790.701 397.571 347.74 592.482 440.357 353.511 346.202 403.8 363.934 336.102 323.402 316.489 294.28 292.195 359.646 290.908 409.298 289.043
threshold=0.31070631742477423 1.0000000180025095e-35 1.0000000180025095e-35 178.14729309082034 0.0010905198287218811 193.01679229736331 7.5648036044634752e-06 7.6557401939723616e-05 0.021004183217883114 159.65065765380862 0.07163399271667005 0.011934864800423385 0.15723580867052081 0.029216446485834453 0.33388794958591467 0.34849354624748236 1.2666905803989707e-06 0.58556854724884044 0.40589234232902532 0.52134644985198986 1.0000000180025095e-35 0.80477145314216625 182.42417144775393 0.61783882975578319 0.057347327470779426 0.036378823220729835 161.5354919433594 0.0063950831536203631 0.39440751075744634 72.413249969482436
decision_type=2 2 2 2 2 2 2 2 2 2 2 2 2 2 2 2 2 2 2 2 2 2 2 2 2 2 2 2 2 2
left_child=1 2 8 18 5 -3 14 27 11 -4 -9 13 -13 -1 15 17 -17 -5 19 20 -2 22 -10 -24 29 -6 -27 28 -8 -14
right_child=3 4 9 6 25 -7 7 10 21 -11 -12 12 24 -15 -16 16 -18 -19 -20 -21 -22 -23 23 -25 -26 26 -28 -29 -30 -31
leaf_value=2.2575161367592164e-05 -0.018406660155113691 0.10331015740093455 -0.12565575766072065 -0.035180550882895477 0.010264791135481875 0.23878895679425283 -0.12995767059996519 -0.10399713934232005 -0.011613934029168863 -0.28555205561999791 0.092500378607609679 -0.019299648882182378 0.0026069998208965578 -0.024292683700247595 -0.0056140937721350734 -0.16592135619025725 0.010154388561642852 -0.099342873612017157 0.012693950474264538 -0.083759998933735591 -0.058595118030948815 0.22266478010763727 -0.045763040784997509 -0.22368205289528209 -0.035866289561436997 0.42136617673560983 0.074393645235163688 -0.078225987148799109 -0.26143728501320807 -0.28571351737908945
leaf_weight=83047317 4274 947 464 2375 635 792 403 3396 5141 306 126 4272 42 6725 774 984 166 1345 962 2685 4766 54 3410 103 105 40 118 213 574 202
leaf_count=83047317 4274 947 464 2375 635 792 403 3396 5141 306 126 4272 42 6725 774 984 166 1345 962 2685 4766 54 3410 103 105 40 118 213 574 202
internal_value=0 1.82287e-05 1.43877e-05 -0.0657177 0.12603 0.165012 -0.0911274 -0.118977 1.61417e-05 -0.189199 -0.0969674 1.88736e-05 -0.0311229 2.06063e-05 -0.0678767 -0.0777723 -0.140505 -0.058379 -0.0449766 -0.0497083 -0.0395945 -0.0260421 -0.027594 -0.0509796 -0.175847 0.0405438 0.162235 -0.184118 -0.207204 -0.236085
internal_weight=0 8.30707e+07 8.30681e+07 23043 2532 1739 10356 4712 8.30674e+07 770 3522 8.30587e+07 4621 8.3054e+07 5644 4870 1150 3720 12687 11725 9040 8708 8654 3513 349 793 158 1190 977 244
internal_count=83093716 83070673 83068141 23043 2532 1739 10356 4712 83067371 770 3522 83058663 4621 83054042 5644 4870 1150 3720 12687 11725 9040 8708 8654 3513 349 793 158 1190 977 244
is_linear=0
shrinkage=0.1


Tree=9
num_leaves=31
num_cat=0
split_feature=4 22 5 0 8 0 1 1 4 0 16 6 7 3 8 12 1 16 0 19 15 7 0 7 1 16 4 0 14 21
split_gain=8063.24 3256.72 2232.97 1034.29 701.402 627.315 606.058 523.907 482.706 413.724 384.574 388.922 417.183 431.004 371.063 637.003 347.636 290.534 283.523 278.733 312.638 390.301 264.487 264.186 329.171 258.92 248.969 248.46 247.97 244.52
threshold=0.31070631742477423 1.0000000180025095e-35 1.0000000180025095e-35 245.86995697021487 0.011934864800423385 48.906877517700202 1.5330837348038869e-05 0.00017995302846350003 1.0000000180025095e-35 59.624387741088874 0.33388794958591467 0.52134644985198986 1.0000000180025095e-35 3.7290139198303227 0.011934864800423385 0.15723580867052081 0.0039542978823803006 0.0063950831536203631 311.14414978027349 0.26619982719421392 0.036378823220729835 0.91760551929473888 261.65092468261724 0.39440751075744634 0.00016850223223065003 0.80477145314216625 0.80852606892585765 65.27469635009767 0.12944587320089343 1.0000000180025095e-35
decision_type=2 2 2 2 2 2 2 2 2 2 2 2 2 2 2 2 2 2 2 2 2 2 2 2 2 2 2 2 2 2
left_child=1 2 8 10 5 -3 26 17 14 -4 11 12 -2 -14 16 -16 28 23 -7 20 -9 -22 -17 24 -8 -10 -5 -13 -1 -6
right_child=3 4 9 6 29 18 7 19 25 -11 -12 27 13 -15 15 22 -18 -19 -20 -21 21 -23 -24 -25 -26 -27 -28 -29 -30 -31
leaf_value=3.3143064012046102e-05 -0.020006169591508683 0.019652778275173019 -0.03045747035648674 -0.047017768896507731 0.061022517411824878 0.15925168489162778 -0.12301061701232402 -0.12761010378997073 -0.022638506319085108 -0.20870685520079235 0.0077460200351107305 -0.047628492099508729 -0.028644594058762709 -0.083412447681483079 -0.017722561840399709 -0.099203155635540455 -0.010583762689559002 -0.087724766590975944 0.26878155211329091 -0.01045208298627371 0.010414907586344946 -0.36690981606642409 -0.28658165919509798 -0.24972519025221349 -0.53862265169620516 0.19490646345032889 -0.10004940699171511 -0.10416800470310297 -0.0028512930236491117 -0.17478270167282417
leaf_weight=82722306 5280 270 166 2798 999 896 404 1457 10380 604 1294 1356 2606 3203 4249 239 30913 301 321 356 318 30 110 504 20 55 1295 1821 299119 46
leaf_count=82722306 5280 270 166 2798 999 896 404 1457 10380 604 1294 1356 2606 3203 4249 239 30913 301 321 356 318 30 110 504 20 55 1295 1821 299119 46
internal_value=0 1.64065e-05 1.29496e-05 -0.059146 0.113427 0.157549 -0.0896966 -0.120967 1.45281e-05 -0.170279 -0.0444538 -0.0491886 -0.0403508 -0.0588428 1.72301e-05 -0.0283899 1.88028e-05 -0.173096 0.188142 -0.0913208 -0.107271 -0.0221131 -0.158262 -0.200787 -0.142615 -0.0214919 -0.0637967 -0.0800359 2.27507e-05 0.0506426
internal_weight=0 8.30707e+07 8.30681e+07 23043 2532 1487 7483 3390 8.30674e+07 770 15560 14266 11089 5809 8.30569e+07 4598 8.30523e+07 1229 1217 2161 1805 348 349 928 424 10435 4093 3177 8.30214e+07 1045
internal_count=83093716 83070673 83068141 23043 2532 1487 7483 3390 83067371 770 15560 14266 11089 5809 83056936 4598 83052338 1229 1217 2161 1805 348 349 928 424 10435 4093 3177 83021425 1045
is_linear=0
shrinkage=0.1


Tree=10
num_leaves=31
num_cat=0
split_feature=4 22 5 0 13 0 8 16 18 3 7 13 4 1 0 0 15 8 12 1 15 18 4 19 20 15 18 19 3 14
split_gain=6537.04 2637.93 1808.71 882.776 596.307 573.601 573.496 618.974 562.008 659.264 479.887 423.277 381.978 367.525 348.772 319.591 306.102 294.807 539.036 334.844 277.661 291.939 269.128 261.99 257.959 332.213 255.033 251.837 250.097 284.871
threshold=0.27964606881141668 1.0000000180025095e-35 1.0000000180025095e-35 131.18572235107425 0.0010905198287218811 193.01679229736331 0.011934864800423385 0.33388794958591467 0.21915384382009509 4.1433904170989999 0.26424887776374822 0.042662667110562331 0.72271147370338451 0.029216446485834453 159.65065765380862 277.12652587890631 0.043810537084937103 0.5664392113685609 0.15723580867052081 6.0782147360469059e-06 0.0050791089888662109 0.79550775885581981 0.072617162019014372 0.61783882975578319 0.9193629026412965 0.09089644625782968 0.90562623739242565 0.7019123136997224 -0.024914499372243878 0.59182026982307445
decision_type=2 2 2 2 2 2 2 2 2 2 2 2 2 2 2 2 2 2 2 2 2 2 2 2 2 2 2 2 2 2
left_child=1 2 13 -2 5 -3 7 8 9 10 -5 -12 23 17 -4 -14 20 22 19 -19 -10 -22 -1 -11 26 -26 -15 -17 29 -16
right_child=3 4 14 6 -6 -7 -8 -9 16 12 11 -13 15 24 28 27 -18 18 -20 -21 21 -23 -24 -25 25 -27 -28 -29 -30 -31
leaf_value=1.7862286621453117e-05 -0.030690285930643976 0.082332765226951987 -0.098596521092434261 0.075010250083869329 0.030219087446401189 0.19765612430872886 0.052618396106859047 -0.01003980767532341 -0.026789804746819881 -0.092936917196925831 -0.075030896031376512 0.079739335335916581 -0.10076598468123521 -0.015291191576470338 -0.23945362888849697 -0.18501586699823871 0.082494325379331851 -0.0061813154551580273 -0.18245285332335959 -0.12937562933807531 -0.016305985629373975 -0.23022990678499144 -0.022272330281289741 -0.0027769901766047135 -0.072901201001202162 -0.48805318966507916 -0.24424182231328928 -0.086523436447605503 -0.27415260258202373 0.26254322350025178
leaf_weight=83051050 10637 947 464 288 793 792 375 1401 1382 3599 2093 193 1653 6878 26 1217 214 1999 224 248 111 150 5417 354 532 20 49 330 260 20
leaf_count=83051050 10637 947 464 288 793 792 375 1401 1382 3599 2093 193 1653 6878 26 1217 214 1999 224 248 111 150 5417 354 532 20 49 330 260 20
internal_value=0 1.50754e-05 1.19642e-05 -0.0521854 0.102084 0.134855 -0.0692995 -0.0728204 -0.0804133 -0.0900373 -0.0466383 -0.0619641 -0.105654 1.33849e-05 -0.153251 -0.131339 -0.0300022 1.53809e-05 -0.0345249 -0.0197782 -0.0446549 -0.139251 1.64085e-05 -0.0848629 -0.0221534 -0.0879429 -0.0169107 -0.164006 -0.236126 -0.0211941
internal_weight=0 8.30697e+07 8.30672e+07 23997 2532 1739 13360 12985 11584 9727 2574 2286 7153 8.30664e+07 770 3200 1857 8.30589e+07 2471 2247 1643 261 8.30565e+07 3953 7479 552 6927 1547 306 46
internal_count=83093716 83069719 83067187 23997 2532 1739 13360 12985 11584 9727 2574 2286 7153 83066417 770 3200 1857 83058938 2471 2247 1643 261 83056467 3953 7479 552 6927 1547 306 46
is_linear=0
shrinkage=0.1


Tree=11
num_leaves=31
num_cat=0
split_feature=4 22 5 0 8 16 8 18 3 0 7 19 15 0 2 4 1 1 0 4 1 1 4 4 16 0 0 3 8 12
split_gain=5308.81 2136.74 1465.05 731.664 568.796 571.398 500.735 491.862 603.843 472.695 371.288 360.865 396.267 340.347 326.118 318.183 310.645 368.496 309.006 268.462 254.725 269.778 246.023 238.393 307.005 294.806 234.609 233.065 231.833 448.125
threshold=0.31070631742477423 1.0000000180025095e-35 1.0000000180025095e-35 96.896739959716811 0.011934864800423385 0.33388794958591467 0.011934864800423385 0.21915384382009509 4.1433904170989999 48.906877517700202 0.26424887776374822 0.61783882975578319 0.17671746015548709 277.12652587890631 -0.0022398011501233999 0.75704458355903637 6.3589836407593299e-06 6.5124736445710006e-05 32.900308609008796 0.48933163285255438 0.0021402018536994505 4.6397640470019566e-05 0.65088403224945079 0.072617162019014372 0.066122770309448256 118.47588348388673 3.4479532241821294 0.3360114991664887 0.011934864800423385 0.15723580867052081
decision_type=2 2 2 2 2 2 2 2 2 2 2 2 2 2 2 2 2 2 2 2 2 2 2 2 2 2 2 2 2 2
left_child=1 2 14 -2 5 7 9 8 10 -3 -5 13 22 -10 -1 -15 -12 -18 -4 -9 21 -21 -13 26 25 -25 -16 -11 -28 -30
right_child=3 6 18 4 -6 -7 -8 19 11 27 16 12 -14 15 23 -17 17 -19 -20 20 -22 -23 -24 24 -26 -27 28 -29 29 -31
leaf_value=-0.0026829512084394522 -0.023835373279848391 0.0094542239840935786 0.038429547545754096 0.061350039279599582 0.054728197950860757 -0.0069402855857423123 0.038827501729344641 0.053952074592099199 -0.084020712298532335 0.14077433696433203 -0.026142879065642617 0.073403326740562186 -0.27146955640853515 -0.10274506771925392 -0.0026883741581269719 -0.17187858706522841 -0.18923981366294865 -0.056796993200640015 -0.16068160131169468 -0.021146998687927476 -0.081834281132315459 0.18611891303101885 -0.049526405413729435 -0.0024228092480922071 0.046973395380818135 -0.05319644674454236 3.940226496208765e-05 0.28391698045054764 -0.013555548798574164 -0.13201634571207904
leaf_weight=446682 8120 270 88 317 412 1545 1045 344 4047 1090 1605 202 70 1733 316804 1081 303 685 682 821 851 68 839 2102 583 2508 82294202 127 4144 346
leaf_count=446682 8120 270 88 317 412 1545 1045 344 4047 1090 1605 202 70 1733 316804 1081 303 685 682 821 851 68 839 2102 583 2508 82294202 127 4144 346
internal_value=0 1.33129e-05 1.05129e-05 -0.047992 -0.0611363 -0.0644259 0.0918755 -0.0712758 -0.0797992 0.129155 -0.04081 -0.0940313 -0.0411594 -0.102593 1.17915e-05 -0.129303 -0.0532992 -0.0974146 -0.137926 -0.0267692 -0.0427279 -0.00529314 -0.0256726 2.63604e-05 -0.0213988 -0.0300454 2.77071e-05 0.155712 3.81625e-05 -0.0226842
internal_weight=0 8.30707e+07 8.30681e+07 23043 14923 14511 2532 12966 10882 1487 2910 7972 1111 6861 8.30674e+07 2814 2593 988 770 2084 1740 889 1041 8.26207e+07 5193 4610 8.26155e+07 1217 8.22987e+07 4490
internal_count=83093716 83070673 83068141 23043 14923 14511 2532 12966 10882 1487 2910 7972 1111 6861 83067371 2814 2593 988 770 2084 1740 889 1041 82620689 5193 4610 82615496 1217 82298692 4490
is_linear=0
shrinkage=0.1


Tree=12
num_leaves=31
num_cat=0
split_feature=4 22 5 0 4 13 0 10 1 0 1 0 1 16 16 19 0 2 15 15 4 15 7 15 6 19 18 3 14 1
split_gain=4322.3 1730.8 1186.67 579.123 461.594 420.918 456.977 396.456 393.966 305.1 277.129 267.594 266.459 264.14 255.653 245.972 283.147 251.214 240.947 236.155 224.774 214.779 272.623 221.288 252.508 242.444 213.217 210.456 256.55 210.288
threshold=0.44697870314121252 1.0000000180025095e-35 1.0000000180025095e-35 259.02116394042974 0.021004183217883114 0.13483144342899325 151.61057281494143 0.22492027282714847 2.3618336654080494e-05 92.143386840820327 0.00017995302846350003 81.298931121826186 0.00011787766154520002 0.4608485102653504 0.066122770309448256 0.0089980079792439955 51.510091781616218 -0.13604505617114263 0.015130863059312107 0.082161150872707381 0.62018048763275158 0.03585259988904 0.91760551929473888 0.0028804602334275846 0.52134644985198986 0.032334839925169952 0.016976296901702884 -0.024914499372243878 0.64189010858535778 0.070650786016459965
decision_type=2 2 2 2 2 2 2 2 2 2 2 2 2 2 2 2 2 2 2 2 2 2 2 2 2 2 2 2 2 2
left_child=1 2 4 13 12 6 -3 9 -5 -6 -10 -4 -1 15 26 16 -2 18 -17 -19 -21 23 -23 24 -12 -25 -11 28 -13 -14
right_child=3 5 11 8 7 -7 -8 -9 10 14 21 27 29 -15 -16 17 -18 19 -20 20 -22 22 -24 25 -26 -27 -28 -29 -30 -31
leaf_value=2.9418404317750689e-05 -0.021384211887314986 0.052920224133041899 -0.036793652585590711 -0.049817298268789528 0.0020281150426335738 0.018131855482988866 0.15391436801727243 0.32699595778954754 -0.14440846426378182 -0.045264361295307608 -0.054147066516224807 -0.11486591620370745 -0.0017697013441118012 0.010090226665575399 0.017038118952440503 -0.035666205987766174 -0.056705506889482483 0.0038100762381571267 -0.24915209281402576 0.29975921691588636 -0.06399841183423996 0.029006042925048284 -0.29852838537522725 -0.2162402291853518 -0.18075451201478404 0.070513887035057829 -0.00052680785184845865 -0.19248233107120172 0.29124404817819594 -0.027200865406925581
leaf_weight=82323332 3285 815 241 3149 4169 722 995 33 978 6094 946 70 732065 1138 975 207 7342 1247 71 53 25 275 28 222 189 34 1291 439 20 3266
leaf_count=82323332 3285 815 241 3149 4169 722 995 33 978 6094 946 70 732065 1138 975 207 7342 1247 71 53 25 275 28 222 189 34 1291 439 20 3266
internal_value=0 1.09608e-05 8.44088e-06 -0.0474549 9.59157e-06 0.082688 0.108439 -0.019158 -0.0737815 -0.0200697 -0.102024 -0.124133 1.24905e-05 -0.0359912 -0.0310896 -0.0402791 -0.045787 -0.00376435 -0.0901896 0.0143686 0.18317 -0.0775536 -0.00126116 -0.0941722 -0.0752297 -0.178156 -0.0374436 -0.163923 -0.0246193 -0.00188265
internal_weight=0 8.30745e+07 8.3072e+07 19189 8.30712e+07 2532 1810 12562 5821 12529 2672 770 8.30587e+07 13368 8360 12230 10627 1603 278 1325 78 1694 303 1391 1135 256 7385 529 90 735331
internal_count=83093716 83074527 83071995 19189 83071225 2532 1810 12562 5821 12529 2672 770 83058663 13368 8360 12230 10627 1603 278 1325 78 1694 303 1391 1135 256 7385 529 90 735331
is_linear=0
shrinkage=0.1


Tree=13
num_leaves=31
num_cat=0
split_feature=4 22 5 4 0 1 8 0 0 19 16 3 3 3 1 17 3 14 18 14 1 8 9 2 15 15 1 14 13 21
split_gain=3512.32 1401.98 961.189 552.843 522.137 374.983 359.303 348.51 311.35 347.368 264.984 250.327 531.957 243.184 386.437 313.681 243.829 241.87 254.408 234.405 233.776 232.958 232.431 231.579 219.349 220.035 218.298 218.025 233.295 204.428
threshold=0.57249891757965099 1.0000000180025095e-35 1.0000000180025095e-35 0.067786492407321944 449.00379943847662 6.5751636807462798e-06 0.011934864800423385 48.906877517700202 197.12699890136722 0.61783882975578319 0.066122770309448256 0.10404749959707262 0.19816600531339648 1.6206545233726504 0.0017366336486112502 0.57706825435161602 3.7290139198303227 0.011502557899802925 0.37069971859455114 0.38115081191062933 0.014622739945749553 0.74613162875175487 1.0000000180025095e-35 -0.0028157641639134996 0.0079181981272995489 0.034044088795781142 6.215482713812507e-05 0.44083394110202795 0.21962033212184909 1.0000000180025095e-35
decision_type=2 2 2 2 2 2 2 2 2 2 2 2 2 2 2 2 2 2 2 2 2 2 2 2 2 2 2 2 2 2
left_child=1 2 3 13 5 -2 7 -3 9 20 22 -4 -13 -1 15 19 23 18 -6 -15 -5 -21 -10 -17 -20 -26 -7 28 -14 -8
right_child=4 6 11 8 17 26 29 -9 10 -11 -12 12 27 14 -16 16 -18 -19 24 21 -22 -23 -24 -25 25 -27 -28 -29 -30 -31
leaf_value=3.4523817151522908e-05 -0.026281174455007217 0.0032167785766500016 -0.14697913258500345 -0.016200360792212772 -0.12197718529688738 -0.10108874475673138 0.038973959170344699 0.1288012005227458 -0.051231607801167339 0.12920609952288342 0.012653325416231362 0.3866976137871721 0.19442966864222574 -0.00080432050041180528 -0.014550995600666798 -0.26319298958207699 -0.25649177159426645 0.144716795735294 0.022147668866697244 -0.0081436766748321128 0.036703211651977971 -0.34951344516128302 0.049851914422750221 -0.032187114459402408 -0.29235183791071179 0.08715131861919706 -0.050866506033695302 -0.21100722829027008 -0.10618097714301367 -0.17663469421474831
leaf_weight=81530133 7699 270 557 7627 1428 1046 999 1217 4717 182 899 28 42 1465051 21497 47 63 40 245 42890 938 20 239 566 50 22 5015 76 67 46
leaf_count=81530133 7699 270 557 7627 1428 1046 999 1217 4717 182 899 28 42 1465051 21497 47 63 40 245 42890 938 20 239 566 50 22 5015 76 67 46
internal_value=0 8.89472e-06 6.62682e-06 7.66239e-06 -0.0475292 -0.0409283 0.0744192 0.105998 -0.0194485 -0.00750166 -0.0372963 -0.11172 -0.0195169 1.10828e-05 -0.00123793 -0.00104822 -0.0691523 -0.0984139 -0.103987 -0.00101769 -0.0104066 -0.00830279 -0.0463569 -0.0498988 -0.0229466 -0.176393 -0.0595338 -0.080998 0.00965065 0.0294831
internal_weight=0 8.30782e+07 8.30756e+07 8.30749e+07 15545 13760 2532 1487 14602 8747 5855 770 213 8.30603e+07 1.53013e+06 1.50864e+06 676 1785 1745 1.50796e+06 8565 42910 4956 613 317 72 6061 185 109 1045
internal_count=83093716 83078171 83075639 83074869 15545 13760 2532 1487 14602 8747 5855 770 213 83060267 1530134 1508637 676 1785 1745 1507961 8565 42910 4956 613 317 72 6061 185 109 1045
is_linear=0
shrinkage=0.1


Tree=14
num_leaves=31
num_cat=0
split_feature=4 22 5 0 8 16 18 3 7 4 19 0 13 0 15 13 3 4 0 20 1 13 15 9 14 4 8 12 13 4
split_gain=2845.9 1135.55 778.587 435.757 442.402 417.927 393.135 449.539 435.299 347.989 327.619 304.179 299.981 363.576 298.007 269.827 250.242 244.216 231.615 227.367 370.354 368.616 258.361 230.83 294.479 225.165 221.884 312.62 229.24 217.067
threshold=0.34340474009513861 1.0000000180025095e-35 1.0000000180025095e-35 92.143386840820327 0.011934864800423385 0.019555250182747844 0.21915384382009509 4.1433904170989999 0.58556854724884044 0.98685157299041759 0.61783882975578319 367.91757202148443 0.13483144342899325 219.51232910156253 0.17671746015548709 0.042662667110562331 4.1433904170989999 0.57249891757965099 161.5354919433594 0.52729755640029918 0.070650786016459965 0.11116161569952966 0.07924883067607881 0.94691431522369396 0.024926848709583286 0.98685157299041759 0.011934864800423385 0.15723580867052081 0.76834160089492809 0.62018048763275158
decision_type=2 2 2 2 2 2 2 2 2 2 2 2 2 2 2 2 2 2 2 2 2 2 2 2 2 2 2 2 2 2
left_child=1 2 16 -2 5 6 7 8 -5 15 11 -9 13 -3 -12 -10 26 -16 -4 -18 22 23 -21 24 -22 -8 -1 28 -28 -13
right_child=3 12 18 4 -6 -7 25 10 9 -11 14 29 -14 -15 17 -17 19 -19 -20 20 21 -23 -24 -25 -26 -27 27 -29 -30 -31
leaf_value=1.5690959799212158e-05 -0.016301891410333096 0.051572218149498354 -0.056730335851799346 0.020215902954411016 0.058158202350646337 -0.0098713432461403419 -0.0059501228760390525 -0.073835983290437598 -0.089568683389720891 0.094497480198333511 -0.015041625859060546 -0.079574950045624648 0.012478582348429128 0.14279500318563507 0.054934119397685645 0.087662991338773921 -0.003829830360039171 -0.35393246797223887 -0.16919588962197304 -0.0088081656298554089 -0.016411908209702234 -0.38394975757057015 -0.081183616912824386 -0.21503137079716633 -0.37959494432434443 -0.11837048217427307 -0.022198815436524983 -0.11138439072000283 0.052382809282967381 -0.15662353189665448
leaf_weight=82963659 7502 1073 470 1062 397 2302 1863 4601 1296 128 1064 614 722 737 21 92 94354 48 300 4563 320 44 553 99 24 197 3887 359 461 904
leaf_count=82963659 7502 1073 470 1062 397 2302 1863 4601 1296 128 1064 614 722 737 21 92 94354 48 300 4563 320 44 553 99 24 197 3887 359 461 904
internal_value=0 9.54392e-06 7.5027e-06 -0.0358876 -0.045959 -0.0488715 -0.0564223 -0.0647463 -0.0288794 -0.063272 -0.0774966 -0.0866426 0.0669773 0.0887165 -0.0281019 -0.0778213 8.43479e-06 -0.229495 -0.100548 -0.00499205 -0.0245637 -0.107893 -0.0166314 -0.0804745 -0.0417503 -0.016701 1.44592e-05 -0.0216965 -0.0142912 -0.125459
internal_weight=0 8.30716e+07 8.30691e+07 22091 14589 14192 11890 9830 2578 1516 7252 6119 2532 1810 1133 1388 8.30683e+07 69 770 99957 5603 487 5116 443 344 2060 8.29684e+07 4707 4348 1518
internal_count=83093716 83071625 83069093 22091 14589 14192 11890 9830 2578 1516 7252 6119 2532 1810 1133 1388 83068323 69 770 99957 5603 487 5116 443 344 2060 82968366 4707 4348 1518
is_linear=0
shrinkage=0.1


Tree=15
num_leaves=31
num_cat=0
split_feature=4 22 5 1 7 1 0 8 0 14 7 4 3 12 20 13 14 17 14 4 3 3 3 15 0 1 0 1 16 1
split_gain=2344.84 919.84 630.637 430.479 403.726 283.658 279.209 259.028 264.579 240.542 210.966 253.451 206.503 321.206 278.955 220.26 259.844 219.561 216.856 372.836 214.821 200.196 421.848 190.672 188.582 187.661 186.771 186.379 183.752 184.2
threshold=0.57249891757965099 1.0000000180025095e-35 1.0000000180025095e-35 6.5751636807462798e-06 0.098755661398172392 7.5648036044634752e-06 444.24078369140631 0.011934864800423385 46.229627609252937 0.0072804135270416745 0.98685157299041759 0.9252023994922639 0.62708550691604625 0.15723580867052081 0.71420341730117809 0.97636666893959057 0.24665850400924685 0.57706825435161602 0.013766229618340732 0.087801903486251845 3.7290139198303227 0.10404749959707262 0.19816600531339648 0.22321097552776339 3.4479532241821294 0.0023825874081039003 43.658098220825202 5.810947216937191e-06 0.56331124901771557 6.215482713812507e-05
decision_type=2 2 2 2 2 2 2 2 2 2 2 2 2 2 2 2 2 2 2 2 2 2 2 2 2 2 2 2 2 2
left_child=1 2 4 10 12 -6 26 8 -3 25 11 -2 13 24 17 16 -15 18 -14 -20 23 -4 -23 -19 -1 -8 -5 -13 29 -28
right_child=3 7 21 6 5 -7 9 -9 -10 -11 -12 27 14 15 -16 -17 -18 20 19 -21 -22 22 -24 -25 -26 -27 28 -29 -30 -31
leaf_value=-0.0024204268340375194 -0.018082625494610972 -0.005187576780175421 -0.12202476045798971 -0.014693963170420319 -0.0075417065057282202 -0.040819861199006616 -0.15283495359645707 0.022125644762187077 0.10637374449323492 0.15887802783399821 0.030292869579705364 -0.067300363151911416 -0.00038539761347143099 -0.028211701152437409 -0.0093878470707170741 -0.25037859921507977 -0.31058096140623093 -0.02907219653097802 -0.0033239183381957513 -0.114688857528149 -0.23084416847735173 0.35370089344921457 -0.062787331302423741 -0.33496664932795933 6.0713075857985691e-05 -0.051713912321289107 -0.10882842475397876 0.053512322116833537 0.01364896939471137 -0.054761271074451973
leaf_weight=307553 5958 257 557 1212 7598 3864 573 1045 1230 32 662 1880 5115773 344 35797 68 36 687 239239 301 63 28 185 21 77363525 270 758 137 328 3735
leaf_count=307553 5958 257 557 1212 7598 3864 573 1045 1230 32 662 1880 5115773 344 35797 68 36 687 239239 301 63 28 185 21 77363525 270 758 137 328 3735
internal_value=0 7.26579e-06 5.4288e-06 -0.0388348 6.26761e-06 -0.0187602 -0.0574422 0.0602795 0.0870925 -0.110232 -0.0239523 -0.0284551 8.85722e-06 5.04001e-05 -0.00058958 -0.0846238 -0.0549625 -0.000530778 -0.000523095 -0.00346386 -0.0538912 -0.0904933 -0.00803771 -0.0381453 5.08885e-05 -0.120447 -0.0497858 -0.0590944 -0.0586078 -0.0638828
internal_weight=0 8.30782e+07 8.30756e+07 15545 8.30749e+07 11462 6908 2532 1487 875 8637 7975 8.30634e+07 7.76715e+07 5.39188e+06 448 380 5.35608e+06 5.35531e+06 239540 771 770 213 708 7.76711e+07 843 6033 2017 4821 4493
internal_count=83093716 83078171 83075639 15545 83074869 11462 6908 2532 1487 875 8637 7975 83063407 77671526 5391881 448 380 5356084 5355313 239540 771 770 213 708 77671078 843 6033 2017 4821 4493
is_linear=0
shrinkage=0.1


Tree=16
num_leaves=31
num_cat=0
split_feature=4 22 5 0 10 8 16 18 3 7 9 21 1 3 0 2 2 1 1 13 13 0 12 13 4 0 13 15 0 7
split_gain=1926.11 745.009 510.844 447.1 373.384 327.156 334.408 356.414 332.018 255.888 242.421 228.276 240.273 251.409 217.067 269.792 334.885 204.044 200.961 193.72 189.146 187.946 210.656 221.789 187.621 187.441 206.079 300.972 323.677 181.259
threshold=0.1594779044389725 1.0000000180025095e-35 1.0000000180025095e-35 82.839981079101577 0.22492027282714847 0.011934864800423385 0.066122770309448256 0.14669562131166461 4.1433904170989999 0.15350044518709186 1.0000000180025095e-35 1.0000000180025095e-35 1.6072558700752913e-06 0.0420490000396967 277.12652587890631 -0.008747229335895149 -1.0000000180025095e-35 0.00017438028004465001 0.0039542978823803006 0.16141875833272937 0.042662667110562331 212.69825744628909 1.0000000180025095e-35 0.37126667797565466 0.98685157299041759 31.762910842895511 0.13997181504964831 0.021840946748852733 171.68933105468753 0.72271147370338451
decision_type=2 2 2 2 2 2 2 2 2 2 2 2 2 2 2 2 2 2 2 2 2 2 2 2 2 2 2 2 2 2
left_child=1 2 18 -2 5 6 7 8 9 -5 14 12 25 -14 -10 -16 17 -17 29 -7 -11 -4 -23 -24 -9 -3 -27 -28 -29 -1
right_child=3 11 21 4 -6 19 -8 24 10 20 -12 -13 13 -15 15 16 -18 -19 -20 -21 -22 22 23 -25 -26 26 27 28 -30 -31
leaf_value=1.1741829008254469e-05 -0.007385995775734077 -0.02540207849280245 -0.051387718610641189 0.047108038529502544 0.15396804776828504 0.026943699844015297 -0.0030584201644279201 -0.0024067364180485711 -0.050646756207786303 -0.041688920064849332 0.0092356311564679872 -0.16648275311428892 0.08651302520463125 -0.060694940072997618 -0.015936793897168847 -0.10277308400913208 -0.07503577007666748 -0.20805423672765844 -0.007951057623004909 0.28867401331663134 0.045935512486741777 -0.28492535613477232 0.060550705798096571 -0.20724160091235089 -0.10175100013170645 0.10421602056009381 -0.010753301087478897 0.45628127336502078 0.070452384987869598 -0.025913096955307635
leaf_weight=83028517 8488 174 562 445 104 493 2354 2464 5587 2812 487 46 188 303 534 396 2473 344 31713 30 270 84 59 65 206 1311 401 30 79 2697
leaf_count=83028517 8488 174 562 445 104 493 2354 2464 5587 2812 487 46 188 303 534 396 2473 344 31713 30 270 84 59 65 206 1311 401 30 79 2697
internal_value=0 8.75832e-06 7.10485e-06 -0.026467 -0.0349916 -0.0360317 -0.0382518 -0.0434238 -0.0500953 -0.0237776 -0.0595467 0.0542516 0.058336 -0.00433018 -0.0631354 -0.0817567 -0.092696 -0.151715 7.85991e-06 0.0419569 -0.0340125 -0.0814439 -0.162654 -0.0798243 -0.0100715 0.0737591 0.0832341 0.0292982 0.176644 1.08997e-05
internal_weight=0 8.30662e+07 8.30637e+07 27487 18999 18895 18372 16018 13348 3527 9821 2532 2486 491 9334 3747 3213 740 8.30629e+07 523 3082 770 208 124 2670 1995 1821 510 109 8.30312e+07
internal_count=83093716 83066229 83063697 27487 18999 18895 18372 16018 13348 3527 9821 2532 2486 491 9334 3747 3213 740 83062927 523 3082 770 208 124 2670 1995 1821 510 109 83031214
is_linear=0
shrinkage=0.1


Tree=17
num_leaves=31
num_cat=0
split_feature=4 22 5 2 2 0 4 2 1 2 6 16 20 0 1 21 1 3 13 3 16 2 2 8 13 20 15 20 0 3
split_gain=1617.44 603.503 413.763 345.277 304.651 269.242 256.669 253.755 269.847 218.094 190.955 188.628 225.609 221.529 184.958 184.904 194.621 203.874 184.081 201.422 222.944 179.937 177.551 185.361 168.145 166.384 276.823 236.821 163.759 159.054
threshold=0.57249891757965099 1.0000000180025095e-35 1.0000000180025095e-35 -1.0000000180025095e-35 -0.0097486017193267483 356.75193786621099 1.0000000180025095e-35 0.00026007410692540002 1.0000000180025095e-35 -0.00082247469526164991 0.52134644985198986 0.0063950831536203631 0.93326175212860119 333.03433227539068 0.00070150694313955014 1.0000000180025095e-35 1.6072558700752913e-06 0.034507000818848617 0.92628020048141491 3.7290139198303227 0.80477145314216625 0.0021293424363931506 -0.0022398011501233999 0.74613162875175487 0.73468610644340526 0.24840288609266284 0.061096025630831725 0.32240396738052374 32.900308609008796 4.1433904170989999
decision_type=2 2 2 2 2 2 2 2 2 2 2 2 2 2 2 2 2 2 2 2 2 2 2 2 2 2 2 2 2 2
left_child=1 2 6 4 -2 -6 22 8 10 29 -5 13 -13 -12 18 16 -3 -18 19 -8 -21 -9 23 -1 -19 -16 27 -27 -4 -7
right_child=3 15 28 7 5 9 14 21 -10 -11 11 12 -14 -15 25 -17 17 24 -20 20 -22 -23 -24 -25 -26 26 -28 -29 -30 -31
leaf_value=-0.0019674039313405918 -0.028508446780681942 0.06638316193108422 0.055083779873993169 -0.014551991553960801 -0.061662928643145015 -0.0069057222612411073 -0.00031060654820844858 -0.092966317659677611 0.019145246824328801 -0.28380311379270606 -0.050889072627382174 0.022912292999648295 -0.27012475909598704 -0.15323733813292439 0.014485855673068657 -0.14983447958290091 0.081551001358154671 -0.032337916893980551 -0.27776567417162434 -0.026246436541375491 0.1738775378384162 -0.026164908431625618 1.852904873229608e-05 -0.21998724391063057 -0.31905686584385962 -0.42901656507299502 0.092925128178814292 -0.095099369448946869 -0.089865146463674078 -0.14720801783330514
leaf_weight=443965 2365 1995 88 5356 1990 107 5055 786 1788 90 1194 426 28 257 3227 46 178 291 27 9361 56 828 82612932 39 22 26 65 116 682 330
leaf_count=443965 2365 1995 88 5356 1990 107 5055 786 1788 90 1194 426 28 257 3227 46 178 291 27 9361 56 828 82612932 39 22 26 65 116 682 330
internal_value=0 6.03604e-06 4.54808e-06 -0.0322536 -0.0542793 -0.0784939 5.22752e-06 -0.0221693 -0.0156542 -0.142049 -0.0242235 -0.0514154 0.00483952 -0.0690169 -0.011957 0.0488264 0.0525024 -0.00389716 -0.0168995 -0.0164128 -0.0250564 -0.0586964 7.81032e-06 -0.00198655 -0.0524907 0.0089109 -0.0779992 -0.156239 -0.0732996 -0.112855
internal_weight=0 8.30782e+07 8.30756e+07 15545 4882 2517 8.30749e+07 10663 9049 527 7261 1905 454 1451 17933 2532 2486 491 14499 14472 9417 1614 8.30569e+07 444004 313 3434 207 142 770 437
internal_count=83093716 83078171 83075639 15545 4882 2517 83074869 10663 9049 527 7261 1905 454 1451 17933 2532 2486 491 14499 14472 9417 1614 83056936 444004 313 3434 207 142 770 437
is_linear=0
shrinkage=0.1


Tree=18
num_leaves=31
num_cat=0
split_feature=4 22 7 5 7 1 1 2 2 15 3 14 20 16 17 3 15 8 13 0 2 1 2 15 13 15 3 14 13 3
split_gain=1314.4 488.861 356.364 335.164 321.495 284.804 242.287 206.361 207.86 198.719 170.891 279.876 266.542 189.559 178.497 202.418 174.629 171.468 167.557 252.625 166.796 269.879 189.686 161.407 259.835 197.952 160.741 337.511 465.28 187.117
threshold=0.75704458355903637 1.0000000180025095e-35 0.098755661398172392 1.0000000180025095e-35 0.98685157299041759 7.5648036044634752e-06 5.8739640547442292e-05 -1.0000000180025095e-35 -0.011087464974422199 0.0025485218502581124 1.8839390277862551 0.38115081191062933 0.71420341730117809 0.066122770309448256 1.0000000180025095e-35 3.343134999275208 0.030496896244585518 0.74613162875175487 0.0010905198287218811 219.51232910156253 0.00055228668362705018 8.987967182950911e-05 0.00031802762916345004 0.036378823220729835 0.52276137471199047 0.076301358640193953 0.16051850467920306 0.44083394110202795 0.21962033212184909 0.46141399443149572
decision_type=2 2 2 2 2 2 2 2 2 2 2 2 2 2 2 2 2 2 2 2 2 2 2 2 2 2 2 2 2 2
left_child=1 2 3 10 7 -4 -7 8 -2 -6 -1 12 14 17 -12 -16 -14 -13 19 -3 21 22 -9 -20 25 -25 -5 28 29 -28
right_child=4 18 5 26 9 6 -8 20 -10 -11 11 13 16 -15 15 -17 -18 -19 23 -21 -22 -23 -24 24 -26 -27 27 -29 -30 -31
leaf_value=2.2724002438336643e-05 -0.035652493912794188 0.029805830495733144 -0.0053327593773155333 -0.092942384051989013 0.029283210662218419 -0.083864763030510756 -0.025161686059694974 -0.031156468392895292 -0.088332187033754936 -0.26243963477512205 -0.00075884807865234083 -0.011078284234923861 -0.0099003403733234126 -0.30496806057000703 -0.012837868530325675 -0.096002201217275221 -0.040717934123985548 -0.30399582982063295 -0.016655145348480529 0.10741898826381657 -0.075033984096046169 0.077706264608280104 0.26310253675011069 0.4915717220824698 -0.0027045242601271835 0.11600142668208316 0.57177834957838058 -0.15425277429289724 -0.06401768086508304 0.190287176395456
leaf_weight=81996376 1434 1033 8987 571 863 847 4138 5165 1568 24 1028710 25663 11923 22 1069 403 2174 20 635 706 762 244 22 23 99 36 20 76 67 36
leaf_count=81996376 1434 1033 8987 571 863 847 4138 5165 1568 24 1028710 25663 11923 22 1069 403 2174 20 635 706 762 244 22 23 99 36 20 76 67 36
internal_value=0 4.38084e-06 3.04173e-06 5.72776e-06 -0.0361048 -0.0159661 -0.0351359 -0.041651 -0.0631681 0.0213899 6.33933e-06 -0.00124927 -0.000995529 -0.0115577 -0.000808641 -0.0356064 -0.0146529 -0.0113064 0.0439438 0.0613153 -0.0312208 -0.0250736 -0.0299084 0.00584923 0.096294 0.26241 -0.0659696 0.0114247 0.113794 0.326534
internal_weight=0 8.30836e+07 8.30811e+07 8.30671e+07 10082 13972 4985 9195 3002 887 8.30664e+07 1.06998e+06 1.04428e+06 25705 1.03018e+06 1472 14097 25683 2532 1739 6193 5431 5187 793 158 59 770 199 123 56
internal_count=83093716 83083634 83081102 83067130 10082 13972 4985 9195 3002 887 83066360 1069984 1044279 25705 1030182 1472 14097 25683 2532 1739 6193 5431 5187 793 158 59 770 199 123 56
is_linear=0
shrinkage=0.1


Tree=19
num_leaves=31
num_cat=0
split_feature=4 22 16 0 5 3 9 8 2 2 8 12 13 15 0 20 3 18 19 3 3 3 15 10 4 1 9 13 10 8
split_gain=1081.05 395.957 271.923 289.682 271.47 199.095 195.835 198.156 225.889 257.661 167.882 199.246 192.588 170.659 199.2 158.983 169.073 158.515 201.402 198.03 245.507 225.049 224.652 163.657 157.73 248.672 432.55 240.869 196.941 197.971
threshold=0.57249891757965099 1.0000000180025095e-35 0.56331124901771557 82.839981079101577 1.0000000180025095e-35 4.1433904170989999 0.99999997019767772 0.011934864800423385 -1.0000000180025095e-35 -0.0004251452546252499 0.011934864800423385 0.15723580867052081 0.37828554213047033 0.065696332603693022 72.413249969482436 0.93326175212860119 2.5028109550476079 0.37069971859455114 0.0089980079792439955 2.2194035053253178 0.49990250170230871 0.73574399948120128 0.040411073714494712 0.90908744931221019 1.0000000180025095e-35 0.070650786016459965 0.10814816877245904 0.23866202682256701 0.22492027282714847 0.07163399271667005
decision_type=2 2 2 2 2 2 2 2 2 2 2 2 2 2 2 2 2 2 2 2 2 2 2 2 2 2 2 2 2 2
left_child=1 4 3 -2 5 10 7 8 9 -5 -1 12 -12 14 -13 16 -4 18 19 20 23 -22 -21 -10 25 -7 -27 -28 29 -26
right_child=2 -3 15 6 -6 24 -8 -9 17 -11 11 13 -14 -15 -16 -17 -18 -19 -20 22 21 -23 -24 -25 28 26 27 -29 -30 -31
leaf_value=1.0847787673855766e-05 -0.0099484138297111224 0.03954940703845608 -0.033105815670819647 -0.061804989279594325 -0.059372638097915847 -0.0025432883100435736 0.1859221072573411 0.039405106013734537 -0.050527535634381428 -0.25071381185505842 -0.021543927741691865 0.061804654501205272 0.037958917442622087 0.017548615944822536 -0.17425029862953245 -0.21779656441047274 0.040820219931255931 0.0057473474255952785 0.0069508586233093129 -0.065281533672108497 0.31547756607715904 0.043206160674619416 0.01425059057340514 0.16816975301937076 -0.018123530406043895 0.038049902305413844 -0.10029992226547078 -0.44624216918434412 0.2646969003677368 0.081793909763057476
leaf_weight=82965638 4550 2532 442 2970 770 92631 38 293 455 74 3758 43 636 104 212 29 1031 898 785 3370 39 137 397 37 10822 293 484 21 25 202
leaf_count=82965638 4550 2532 442 2970 770 92631 38 293 455 74 3758 43 636 104 212 29 1031 898 785 3370 39 137 397 37 10822 293 484 21 25 202
internal_value=0 4.93257e-06 -0.0263686 -0.0306941 3.72733e-06 4.27767e-06 -0.0406375 -0.041548 -0.0441369 -0.0663974 9.77114e-06 -0.0187836 -0.0129313 -0.0904134 -0.134445 0.0140724 0.0186374 -0.0330612 -0.0397375 -0.0480014 0.00217833 0.103539 -0.0568997 -0.0340808 -0.00435831 -0.00302213 -0.058606 -0.114686 -0.0156569 -0.0162927
internal_weight=0 8.30782e+07 15545 14043 8.30756e+07 8.30749e+07 9493 9455 9162 3044 8.29704e+07 4753 4394 359 255 1502 1473 6118 5220 4435 668 176 3767 492 104478 93429 798 505 11049 11024
internal_count=83093716 83078171 15545 14043 83075639 83074869 9493 9455 9162 3044 82970391 4753 4394 359 255 1502 1473 6118 5220 4435 668 176 3767 492 104478 93429 798 505 11049 11024
is_linear=0
shrinkage=0.1


Tree=20
num_leaves=31
num_cat=0
split_feature=4 22 15 13 3 7 6 5 1 0 2 16 3 0 1 8 0 3 14 3 1 21 18 0 12 13 2 3 3 2
split_gain=904.434 320.74 264.822 371.525 292.647 252.311 239.258 219.903 219.717 203.437 279.499 168.123 156.69 152.102 152.85 146.05 208.672 162.176 160.751 197.873 158.981 140.896 140.193 140.036 163.312 169.034 138.921 215.807 227.334 162.136
threshold=0.75704458355903637 1.0000000180025095e-35 0.0023713601985946302 0.041214259341359145 4.1433904170989999 0.098755661398172392 0.898319572210312 1.0000000180025095e-35 7.5648036044634752e-06 266.93064880371099 0.0020862498783650002 0.019555250182747844 0.01087299967184663 3.4479532241821294 0.00011787766154520002 0.011934864800423385 342.69412231445318 -0.2216365039348602 0.95004814863204967 0.078506000339984908 6.0782147360469059e-06 1.0000000180025095e-35 0.8586067557334901 212.69825744628909 1.0000000180025095e-35 0.37126667797565466 -1.0000000180025095e-35 0.45193150639534002 0.75289899110794078 0.00093642390190805012
decision_type=2 2 2 2 2 2 2 2 2 2 2 2 2 2 2 2 2 2 2 2 2 2 2 2 2 2 2 2 2 2
left_child=1 5 4 6 26 7 -4 13 -7 -10 12 -12 -11 -1 -15 16 -3 -18 19 20 21 -17 -16 -9 -25 -26 -2 29 -29 -28
right_child=2 15 3 -5 -6 8 -8 23 9 10 11 -13 -14 14 22 18 17 -19 -20 -21 -22 -23 -24 24 25 -27 27 28 -30 -31
leaf_value=-0.0021787229827565512 -0.043185530936447551 0.037923875243469435 -0.10077761839261085 0.048976738236195319 -0.03440847789533099 -0.0040948640339261077 0.019854001050430631 -0.027491276302321871 -0.016676375363975961 -0.25156673259205292 -0.067656444403692159 0.064679393375602856 -0.077093107005221428 2.6582896042059192e-05 -0.0013928624317352703 0.035195630094394546 -0.13962303418666125 0.15613546881909066 0.23507944295803707 -0.059226488599029993 0.28561515000959242 -0.16594092382772552 -0.074555509382474974 -0.23119297389473237 0.071943926091416407 -0.1618403591015018 -0.056031874890587377 0.2371789801120758 0.029920545659903142 0.17378774881362916
leaf_weight=317655 447 1213 1264 241 6012 8987 189 562 3431 54 160 240 1100 82010504 737939 593 20 254 30 361 24 37 262 84 59 65 440 55 1401 33
leaf_count=317655 447 1213 1264 241 6012 8987 189 562 3431 54 160 240 1100 82010504 737939 593 20 254 30 361 24 37 262 84 59 65 440 55 1401 33
internal_value=0 3.63353e-06 -0.0299494 -0.0660136 -0.0226661 2.54886e-06 -0.0850864 4.80898e-06 -0.0134345 -0.0302719 -0.0602889 0.0117451 -0.0852574 5.30435e-06 1.36884e-05 0.0355945 0.055728 0.134547 0.00694505 0.000202163 0.0330061 0.0233828 -0.00141883 -0.0534354 -0.123534 -0.0506043 0.00704569 0.0186856 0.0377497 -0.0399979
internal_weight=0 8.30836e+07 10082 1694 8388 8.30811e+07 1453 8.30671e+07 13972 4985 1554 400 1154 8.30664e+07 8.27487e+07 2532 1487 274 1045 1015 654 630 738201 770 208 124 2376 1929 1456 473
internal_count=83093716 83083634 10082 1694 8388 83081102 1453 83067130 13972 4985 1554 400 1154 83066360 82748705 2532 1487 274 1045 1015 654 630 738201 770 208 124 2376 1929 1456 473
is_linear=0
shrinkage=0.1


Tree=21
num_leaves=31
num_cat=0
split_feature=4 22 7 7 5 1 1 13 0 15 14 12 0 3 17 10 3 20 3 1 2 9 15 9 1 20 3 9 0 0
split_gain=732.592 259.799 228.833 206.516 178.123 162.543 194.571 170.73 150.197 144.716 144.308 246.357 180.084 170.821 149.379 260.906 203.125 138.728 154.673 160.127 268.26 260.274 261.591 298.186 244.199 185.604 164.556 189.458 206.569 134.114
threshold=0.75704458355903637 1.0000000180025095e-35 0.98685157299041759 0.012249965453520419 1.0000000180025095e-35 7.5648036044634752e-06 5.8739640547442292e-05 0.84930014610290538 274.52044677734381 0.0025485218502581124 0.2175521403551102 1.0000000180025095e-35 210.62327575683597 1.8119350075721743 1.0000000180025095e-35 0.12400152161717416 3.343134999275208 0.49189253151416784 0.94279950857162487 0.070650786016459965 -0.13604505617114263 0.10814816877245904 0.0028804602334275846 0.68169814348220836 0.0074286826741851008 0.87280812859535228 4.1433904170989999 0.94691431522369396 333.03433227539068 336.39776611328131
decision_type=2 2 2 2 2 2 2 2 2 2 2 2 2 2 2 2 2 2 2 2 2 2 2 2 2 2 2 2 2 2
left_child=1 3 8 4 10 -5 -7 -8 -2 -4 14 13 -13 -12 17 16 -16 -1 -19 20 -20 25 26 -24 -22 -21 -23 -28 -29 -18
right_child=2 -3 9 5 -6 6 7 -9 -10 -11 11 12 -14 -15 15 -17 29 18 19 21 24 22 23 -25 -26 -27 27 28 -30 -31
leaf_value=1.7154286436441699e-05 -0.023858044286503885 0.032035019732748735 0.028287989789240176 -0.0037261461231716886 -0.048091838215235862 -0.06691825143083302 -0.015546493099708257 -0.30829974070191385 -0.052641152951244309 -0.22066067387204386 -0.0012112398254098382 -0.084536728373227218 -0.41011677190013557 -0.008376035798136016 -0.0077256664661571207 -0.33438092359790095 -0.042967052358032998 -9.2999004538845572e-05 0.053116150679008323 0.046986728316699478 -0.0069853202117923247 0.222356862397421 -0.30748882177963999 -0.029919819020095374 -0.044108084106385635 -0.072998084984983336 -0.011431686668100753 -0.078296508242827703 -0.38471948954728297 -0.16174854851853687
leaf_weight=82718282 6711 2532 863 10560 770 911 5028 20 2484 24 221827 65 23 39149 1882 27 269 44393 711 329 34142 21 103 62 1869 212 201 66 33 147
leaf_count=82718282 6711 2532 863 10560 770 911 5028 20 2484 24 221827 65 23 39149 1882 27 269 44393 711 329 34142 21 103 62 1869 212 201 66 33 147
internal_value=0 3.26962e-06 -0.0269545 2.29342e-06 4.51677e-06 -0.0111777 -0.0243827 -0.0167064 -0.0316337 0.0215521 4.96263e-06 -0.00234244 -0.169632 -0.00228603 1.23636e-05 -0.0253347 -0.0217036 1.30753e-05 -0.00409448 -0.00880024 -0.00771105 -0.0477458 -0.10086 -0.20319 -0.00891202 -3.13501e-05 -0.0482604 -0.0672036 -0.180438 -0.0849403
internal_weight=0 8.30836e+07 10082 8.30811e+07 8.30646e+07 16519 5959 5048 9195 887 8.30638e+07 261064 88 260976 8.28027e+07 2325 2298 8.28004e+07 82142 37749 36722 1027 486 165 36011 541 321 300 99 416
internal_count=83093716 83083634 10082 83081102 83064583 16519 5959 5048 9195 887 83063813 261064 88 260976 82802749 2325 2298 82800424 82142 37749 36722 1027 486 165 36011 541 321 300 99 416
is_linear=0
shrinkage=0.1


Tree=22
num_leaves=31
num_cat=0
split_feature=4 0 9 16 18 3 22 19 8 1 12 13 0 16 2 13 21 3 15 8 2 4 15 0 0 14 0 5 3 13
split_gain=603.588 355.854 311.004 214.787 255.943 230.665 210.406 168.07 163.114 223.316 168.472 356.024 159.097 163.955 184.637 156.075 200.661 172.388 153.813 151.257 145.303 143.663 211.193 137.115 135.804 222.958 130.995 141.773 240.724 428.893
threshold=0.067786492407321944 197.12699890136722 1.0000000180025095e-35 0.019555250182747844 0.016976296901702884 -0.013741999864578245 1.0000000180025095e-35 0.0089980079792439955 0.5664392113685609 5.7752248042506218e-06 0.15723580867052081 0.34864170849323278 46.229627609252937 0.4608485102653504 -0.019336473726990048 0.75515198707580578 1.0000000180025095e-35 -0.036911999806761735 0.045293645933270461 0.28284921497106558 -0.019336473726990048 0.72271147370338451 0.017359019257128242 167.40383911132815 155.61902618408206 0.57185697555542003 5.3191337585449228 1.0000000180025095e-35 0.16051850467920306 0.21962033212184909
decision_type=2 2 2 2 2 2 2 2 2 2 2 2 2 2 2 2 2 2 2 2 2 2 2 2 2 2 2 2 2 2
left_child=6 7 3 4 5 -3 8 12 26 10 15 -12 -2 14 -14 17 -17 18 -10 -7 -6 -9 -23 -13 -11 -26 -1 -28 -29 -30
right_child=1 2 -4 -5 20 19 -8 21 9 24 11 23 13 -15 -16 16 -18 -19 -20 -21 -22 22 -24 -25 25 -27 27 28 29 -31
leaf_value=-0.0014274646610158634 0.0060458331153943438 0.11634374240370976 0.048326827766314764 -0.00057591358199120138 -0.03661614852191504 -0.048343154616038914 0.028831518043621957 0.045533949525810864 0.098818943064602816 -0.043671842191861293 0.28096896008803296 -0.035442359645548427 0.017895723208356605 0.035728022850791061 -0.023237372239170426 0.038825087247634026 0.35663914162488214 -0.027114830131322584 -0.14793296327878688 0.057290796969301894 0.021609800684477907 0.0088200889837545607 -0.14832018598681315 -0.164161445162126 -0.079884640353647673 -0.32040801578969291 1.6383702445750884e-05 -0.08971995928310611 0.32911186812397764 -0.19522707599859973
leaf_weight=633454 5039 88 519 1955 732 7644 2532 1133 196 256 26 157 1239 593 9153 368 21 1438 29 138 1034 784 96 175 119 57 82424316 360 39 26
leaf_count=633454 5039 88 519 1955 732 7644 2532 1133 196 256 26 157 1239 593 9153 368 21 1438 29 138 1034 784 96 175 119 57 82424316 360 39 26
internal_value=0 -0.0141472 -0.0274066 -0.0307976 -0.0369291 -0.0446494 5.13548e-06 -0.00524483 4.25675e-06 -0.0239524 -0.0120843 -0.0753841 -0.0086662 -0.0154149 -0.0183332 -0.00104075 0.0559821 -0.0143792 0.0670154 -0.0464699 -0.00252462 0.0219902 -0.00832249 -0.103291 -0.0901609 -0.157781 5.07647e-06 1.60859e-05 -0.0577405 0.119376
internal_weight=0 30147 12110 11591 9636 7870 8.30636e+07 18037 8.3061e+07 2842 2410 358 16024 10985 10392 2052 389 1663 225 7782 1766 2013 880 332 432 176 8.30582e+07 8.24247e+07 425 65
internal_count=83093716 30147 12110 11591 9636 7870 83063569 18037 83061037 2842 2410 358 16024 10985 10392 2052 389 1663 225 7782 1766 2013 880 332 432 176 83058195 82424741 425 65
is_linear=0
shrinkage=0.1


Tree=23
num_leaves=31
num_cat=0
split_feature=4 15 13 3 16 22 0 3 8 16 4 0 19 18 14 9 2 1 9 13 15 19 13 19 2 19 9 20 20 2
split_gain=520.435 188.16 297.473 219.576 183.8 182.072 191.3 157.812 162.166 157.957 257.273 350.927 198.612 210.218 183.411 174.832 189.544 157.248 314.534 172.741 147.91 273.577 418.478 221.661 144.122 204.565 142.444 140.831 153.592 138.293
threshold=0.75704458355903637 0.00087935687042772781 0.044330276548862464 4.1433904170989999 0.89584308862686168 0.96153518557548534 422.63499450683599 4.1433904170989999 0.07163399271667005 0.066122770309448256 1.0000000180025095e-35 163.4223327636719 0.61783882975578319 0.37069971859455114 0.38115081191062933 0.18354328721761706 -0.0032426253526769999 0.070650786016459965 0.10814816877245904 0.23866202682256701 0.036378823220729835 0.7019123136997224 0.041214259341359145 0.7019123136997224 -0.081241258522397927 0.61783882975578319 0.99864530563354503 0.25912688672542578 0.35723876953125006 -0.13604505617114263
decision_type=2 2 2 2 2 2 2 2 2 2 2 2 2 2 2 2 2 2 2 2 2 2 2 2 2 2 2 2 2 2
left_child=5 3 4 -2 -3 7 -7 -1 9 10 17 12 13 -12 -11 20 -17 -9 -19 26 23 22 24 27 -22 -26 -20 -13 -29 -14
right_child=1 2 -4 -5 -6 6 -8 8 -10 14 11 15 29 -15 -16 16 -18 18 19 -21 21 -23 -24 -25 25 -27 -28 28 -30 -31
leaf_value=7.2637286743684967e-06 0.0092668230558206662 -0.074589419602824822 0.054660267823272282 -0.026702985940100024 0.132828806690205 0.02801833565744041 0.16942967068319295 -0.0026159171124974455 0.068882066711138182 0.012558167809325805 -0.013260081077626679 -0.049254725964556809 -0.066796803372281208 0.040560940345833414 -0.28347869501227424 0.19413448751195153 -0.012648206512720986 0.034865898903500635 -0.071630360342152574 -0.37637060909044173 -0.045586398955791779 -0.13837824729108103 -0.061737672914640176 0.06351552273784386 0.053076534528044485 0.33871406225057754 -0.33798963523336822 -0.39281178868335226 -0.10357616653481683 0.097122449902571725
leaf_weight=82974509 2371 1471 225 5971 44 734 110 87802 306 6127 5776 4115 62 830 21 67 131 293 457 21 146 157 631 172 703 26 21 23 91 303
leaf_count=82974509 2371 1471 225 5971 44 734 110 87802 306 6127 5776 4115 62 830 21 67 131 293 457 21 146 157 631 172 703 26 21 23 91 303
internal_value=0 -0.0227187 -0.052631 -0.0164795 -0.0685654 2.75683e-06 0.0464487 2.28501e-06 -0.00381285 -0.00401887 -0.00495869 -0.0179645 -0.00253019 -0.00649783 0.011547 -0.0351464 0.0573237 -0.00301605 -0.0473749 -0.0956646 -0.0381657 -0.0127589 0.000336842 -0.0477661 0.0451014 0.0632639 -0.0833323 -0.0522921 -0.161931 0.0692786
internal_weight=0 10082 1740 8342 1515 8.30836e+07 844 8.30828e+07 108281 107975 101827 13233 6971 6606 6148 6262 198 88594 792 499 6064 1663 1506 4401 875 729 478 4229 114 365
internal_count=83093716 10082 1740 8342 1515 83083634 844 83082790 108281 107975 101827 13233 6971 6606 6148 6262 198 88594 792 499 6064 1663 1506 4401 875 729 478 4229 114 365
is_linear=0
shrinkage=0.1


Tree=24
num_leaves=31
num_cat=0
split_feature=4 7 22 7 3 12 13 8 0 1 3 0 20 0 8 3 14 3 1 15 15 0 2 1 2 0 3 16 15 2
split_gain=421.552 172.803 150.714 142.09 135.083 210.304 171.369 288.767 176.284 154.99 134.264 151.638 130.639 124.922 142.514 170.928 127.65 165.197 144.932 128.233 289.034 135.21 123.043 119.81 119.711 152.685 118.198 114.254 109.481 114.85
threshold=0.75704458355903637 0.98685157299041759 1.0000000180025095e-35 0.81283089518547069 0.62708550691604625 0.15723580867052081 0.48284983634948736 0.74613162875175487 167.40383911132815 0.00011084309853260002 4.1433904170989999 178.14729309082034 0.73356392979621898 27.16276836395264 1.0000000180025095e-35 0.3360114991664887 0.95004814863204967 0.0420490000396967 6.0782147360469059e-06 0.021840946748852733 0.097358070313930525 186.61260223388675 -0.00027652748235769994 0.00021880788508005003 -0.049488690185407844 356.75193786621099 0.73574399948120128 0.93541446328163158 0.0025485218502581124 -0.0020093086143538499
decision_type=2 2 2 2 2 2 2 2 2 2 2 2 2 2 2 2 2 2 2 2 2 2 2 2 2 2 2 2 2 2
left_child=2 3 4 22 5 27 7 -7 -8 12 -5 -12 -6 -4 15 -15 17 18 19 -16 21 -21 24 -24 -2 -26 -17 -1 29 -3
right_child=1 28 13 10 9 6 8 -9 -10 -11 11 -13 -14 14 16 26 -18 -19 -20 20 -22 -23 23 -25 25 -27 -28 -29 -30 -31
leaf_value=3.602457312928293e-05 -0.010935660440198551 0.17956805314789429 -0.056621080133366787 -0.022169676443761527 -0.00030769995854595142 -0.021311363990445479 -0.038284499976382697 0.37651559621095659 -0.16769347518439526 -0.0025277725344361162 -0.032844610132574364 -0.10060704813283533 -0.0079854126128463179 0.040061649391968657 -0.0095933091191791608 0.23505292258880758 0.20548412278294564 -0.057895472085219814 0.27347422883157496 0.42487533605098726 -0.037653003286104651 0.14188051324051162 -0.010935252323923133 0.053513975119149571 -0.041626957221264749 -0.14110242360328115 0.041862294167423479 -0.08782679911111356 -0.18896704670817902 0.018808586978083637
leaf_weight=77673587 1106 47 177 1409 5037995 208 246 20 184 346454 664 657 22260 1205 447 81 30 360 23 25 80 52 3820 312 1046 181 52 148 24 816
leaf_count=77673587 1106 47 177 1409 5037995 208 246 20 184 346454 664 657 22260 1205 447 81 30 360 23 25 80 52 3820 312 1046 181 52 148 24 816
internal_value=0 -0.0204468 2.48015e-06 -0.024513 1.73662e-06 3.53782e-05 -0.0564985 0.0135857 -0.0936595 -0.000481569 -0.0436428 -0.0665463 -0.000341474 0.0243996 0.030489 0.051936 0.00227265 -0.00390399 0.0270959 0.0177139 0.0954613 0.233762 -0.016435 -0.00606881 -0.0347948 -0.056301 0.15952 3.58572e-05 0.021705 0.0275637
internal_weight=0 10082 8.30836e+07 9195 8.30811e+07 7.76744e+07 658 228 430 5.40671e+06 2730 1321 5.06026e+06 2532 2355 1338 1017 987 627 604 157 77 6465 4132 2333 1227 133 7.76737e+07 887 863
internal_count=83093716 10082 83083634 9195 83081102 77674393 658 228 430 5406709 2730 1321 5060255 2532 2355 1338 1017 987 627 604 157 77 6465 4132 2333 1227 133 77673735 887 863
is_linear=0
shrinkage=0.1


Tree=25
num_leaves=31
num_cat=0
split_feature=4 0 16 14 13 13 15 19 9 22 14 6 0 8 3 15 15 21 1 0 14 1 15 13 3 21 0 0 20 3
split_gain=346.439 169.744 166.657 142.159 130.035 194.581 150.381 124.547 122.503 122.072 120.688 195.882 230.151 143.193 272.318 235.116 235.087 181.721 178.71 174.208 147.913 118.375 140.636 147.985 136.035 138.103 130.687 121.882 117.524 133.796
threshold=0.57249891757965099 449.00379943847662 0.56331124901771557 0.011502557899802925 0.066720958799123778 1.0000000180025095e-35 0.20102815330028537 0.7019123136997224 0.99999997019767772 1.0000000180025095e-35 0.0040319836698472509 0.11898779869079591 378.99937438964849 0.5664392113685609 0.52048450708389293 0.35797367990016943 0.18818803131580356 1.0000000180025095e-35 5.4480269741181924e-06 212.69825744628909 0.99966749548912059 1.6072558700752913e-06 0.0061740779783576736 0.65933024883270275 -0.29586949944496149 1.0000000180025095e-35 31.762910842895511 219.51232910156253 0.93326175212860119 2.5028109550476079
decision_type=2 2 2 2 2 2 2 2 2 2 2 2 2 2 2 2 2 2 2 2 2 2 2 2 2 2 2 2 2 2
left_child=9 2 4 -3 5 6 8 -8 -2 10 -1 13 -13 -12 15 16 17 20 -19 -16 -15 24 27 -24 -11 26 -26 -23 29 -4
right_child=1 3 28 -5 -6 -7 7 -9 -10 21 11 12 -14 14 19 -17 -18 18 -20 -21 -22 22 23 -25 25 -27 -28 -29 -30 -31
leaf_value=1.136926081105491e-05 -0.013046326722299073 -0.048212754622116466 -0.023628490192815665 0.14245538943796418 0.033100277592787081 -0.06217498702901314 -0.01246907954866236 -0.27491527281701567 0.13143503685363211 -0.1573487527467109 -0.0014366735040409701 -0.028157782476470251 -0.229896428094163 -0.033942616238135291 -0.076803462751275683 -0.28285725680179896 0.30171796903014186 0.39391870016143438 -0.0055340728412071865 -0.2843335409722631 0.1604906839750162 -0.033924299235373864 -0.064725422568944757 -0.3559926925315744 -0.043329083173654886 -0.14777788116713056 0.047938656097731409 0.085219715513400185 -0.17872299956423898 0.049697523845734753
leaf_weight=82589720 10967 1745 350 40 546 876 33 40 59 37 484467 199 79 856 113 32 24 21 24 63 41 239 103 21 172 40 1786 134 28 861
leaf_count=82589720 10967 1745 350 40 546 876 33 40 59 37 484467 199 79 856 113 32 24 21 24 63 41 239 103 21 172 40 1786 134 28 861
internal_value=0 -0.0149272 -0.0111635 -0.0439401 -0.0146254 -0.0168015 -0.0132203 -0.156275 -0.0122732 2.7933e-06 2.1241e-06 -0.00156924 -0.0854864 -0.0015212 -0.0364031 -0.0161778 -0.00734374 -0.0152179 0.180877 -0.15109 -0.0250555 0.0219596 -0.0217928 -0.114053 0.0326451 0.0361635 0.0399213 0.00887811 0.0238219 0.028505
internal_weight=0 15545 13760 1785 12521 11975 11099 73 11026 8.30782e+07 8.30756e+07 485919 278 485641 1174 998 966 942 45 176 897 2532 497 124 2035 1998 1958 373 1239 1211
internal_count=83093716 15545 13760 1785 12521 11975 11099 73 11026 83078171 83075639 485919 278 485641 1174 998 966 942 45 176 897 2532 497 124 2035 1998 1958 373 1239 1211
is_linear=0
shrinkage=0.1


Tree=26
num_leaves=31
num_cat=0
split_feature=4 0 10 15 16 6 7 1 1 3 4 13 9 3 2 1 2 2 7 3 3 2 1 1 0 7 4 2 17 3
split_gain=291.091 223.939 219.266 186.508 181.156 186.115 299.638 221.95 219.893 193.846 166.428 164.166 154.717 152.504 129.433 255.632 158.596 199.197 125.054 112.403 134.99 109.676 185.472 160.149 119.739 109.701 145.361 138.565 109.478 155.579
threshold=1.0000000180025095e-35 52.780466079711921 0.22492027282714847 0.044482378289103515 0.066122770309448256 0.31070631742477423 0.098755661398172392 2.3618336654080494e-05 8.4916368203742586e-05 0.015909499488770965 0.98685157299041759 0.92628020048141491 0.0044783833436667928 -1.0000000180025095e-35 -0.00027652748235769994 0.0015969188177035003 -0.0015004502105511498 -0.0013615873076833998 0.72271147370338451 2.9375464916229252 3.7290139198303227 -0.019336473726990048 0.00017438028004465001 1.2666905803989707e-06 266.93064880371099 0.58556854724884044 0.65088403224945079 -0.0040520794056662984 0.57706825435161602 3.7290139198303227
decision_type=2 2 2 2 2 2 2 2 2 2 2 2 2 2 2 2 2 2 2 2 2 2 2 2 2 2 2 2 2 2
left_child=18 -2 4 -4 5 6 11 -8 9 -9 13 -3 19 -10 16 -16 -6 -18 28 -7 -21 -22 23 24 -23 26 27 -24 -1 -30
right_child=1 2 3 -5 14 12 7 8 10 -11 -12 -13 -14 -15 15 -17 17 -19 -20 20 21 22 25 -25 -26 -27 -28 -29 29 -31
leaf_value=4.8203285543797683e-06 0.0067303822562724538 -0.0012204112893186188 0.064990310064432302 0.3969678185414523 -0.0016272038077822081 -0.25162428665161135 -0.012402342095425664 -0.26031709410927512 0.14658055926494776 -0.068847449634967528 0.10655735123104282 -0.24810856026036807 0.035058610012582571 -0.035579355994036679 0.024861076350161437 -0.30328695084899665 -0.34589329823851589 -0.061763816845449182 -0.021601257998789702 0.10516567947342992 0.034059675541530186 -0.034473654077776986 0.011245846415036604 -0.0054430114134328472 -0.087927649856785375 0.14366299629211426 -0.13535054581685838 -0.10952574593554204 -0.023842265737630153 -0.18723547690444522
leaf_weight=83056719 6899 10822 110 20 558 25 4519 55 47 1369 91 27 292 2076 2189 24 30 139 2679 64 185 1293 190 1221 620 20 403 190 777 63
leaf_count=83056719 6899 10822 110 20 558 25 4519 55 47 1369 91 27 292 2076 2189 24 30 139 2679 64 185 1293 190 1221 620 20 403 190 777 63
internal_value=0 -0.00932281 -0.0134897 0.116064 -0.0141264 -0.0170531 -0.0127222 -0.0272027 -0.0455872 -0.0762427 -0.0258703 -0.00183484 -0.0353328 -0.0315466 0.00927621 0.0213023 -0.0273314 -0.112201 3.75835e-06 -0.0402139 -0.0389513 -0.0411889 -0.0447248 -0.0337382 -0.051798 -0.0876042 -0.0935114 -0.0491399 4.45522e-06 -0.0360968
internal_weight=0 33478 26579 130 26449 23509 19006 8157 3638 1424 2214 10849 4503 2123 2940 2213 727 169 8.30602e+07 4211 4186 4122 3937 3134 1913 803 783 380 8.30576e+07 840
internal_count=83093716 33478 26579 130 26449 23509 19006 8157 3638 1424 2214 10849 4503 2123 2940 2213 727 169 83060238 4211 4186 4122 3937 3134 1913 803 783 380 83057559 840
is_linear=0
shrinkage=0.1


Tree=27
num_leaves=31
num_cat=0
split_feature=4 2 2 1 3 7 2 1 9 0 3 20 12 13 17 15 3 2 2 14 2 14 3 9 3 0 8 18 1 22
split_gain=248.327 129.179 129.032 180.915 129.267 130.104 124.904 155.258 123.524 105.66 107.438 170.404 152.242 191.15 112.096 124.807 128.223 159.14 146.131 124.999 114.344 109.666 253.771 320.406 372.669 231.837 208.646 161.911 312.067 101.821
threshold=0.75704458355903637 -1.0000000180025095e-35 0.00055228668362705018 1.0000000180025095e-35 2.0711144208908085 0.72271147370338451 -0.0017183350535578997 0.00065626417387035013 0.99188458919525158 3.4479532241821294 0.85109150409698497 0.71420341730117809 1.0000000180025095e-35 0.97636666893959057 0.57706825435161602 0.22321097552776339 3.7290139198303227 0.0007826589521061502 -0.0037559232676861996 0.05035687796771527 -0.0054149958129167996 0.71498215198516857 2.5028109550476079 1.0000000180025095e-35 3.343134999275208 182.42417144775393 0.96035403013229381 0.8586067557334901 0.0011448066418240502 1.0000000180025095e-35
decision_type=2 2 2 2 2 2 2 2 2 2 2 2 2 2 2 2 2 2 2 2 2 2 2 2 2 2 2 2 2 2
left_child=9 6 3 -3 -4 -6 8 -8 -2 -1 12 14 29 -14 21 16 18 -18 20 -20 -16 26 -23 24 25 -24 -12 28 -27 -11
right_child=1 2 4 -5 5 -7 7 -9 -10 10 11 -13 13 -15 15 -17 17 -19 19 -21 -22 22 23 -25 -26 27 -28 -29 -30 -31
leaf_value=-0.0018182705479883052 -0.025474492195742049 -0.012249176659772971 0.046574530009656473 0.029022951427448009 0.010192951688562366 -0.085579131097608063 -0.084386109641691492 0.16545292140486151 0.16108753748445048 3.3955385879758813e-05 -0.0003759305585148056 -0.007950861727845376 -0.022604465591122499 -0.19353073744774413 0.01537811472080648 -0.27937076432364333 -0.29742536387455309 0.027436490058898928 0.0046047922368431561 -0.21947065669183552 -0.27677492749046639 -0.0035803482705483018 -0.046947636140272919 -0.0056852975929155948 -0.0019823218582324868 -0.18369537166443217 0.31483130839076784 0.055637277403603427 -0.52509710331757864 0.020674783020868712
leaf_weight=317703 2504 4702 133 1372 192 543 574 26 36 78951840 3719642 30529 1729 68 21 21 38 25 586 26 37 57228 149 1000 279 249 21 23 30 2390
leaf_count=317703 2504 4702 133 1372 192 543 574 26 36 78951840 3719642 30529 1729 68 21 21 38 25 586 26 37 57228 149 1000 279 249 21 23 30 2390
internal_value=0 -0.0156932 -0.0080804 -0.0029266 -0.0441452 -0.0605611 -0.0325238 -0.0735598 -0.0228303 1.90339e-06 8.89026e-06 -0.000509776 3.39177e-05 -0.0290725 -0.000449669 -0.0390034 -0.0321171 -0.168512 -0.0192919 -0.00491475 -0.170995 -0.000441976 -0.00472104 -0.0424549 -0.0928242 -0.149021 -0.000374151 -0.199382 -0.220405 3.45802e-05
internal_weight=0 10082 6942 6074 868 735 3140 600 2540 8.30836e+07 8.27659e+07 3.8099e+06 7.8956e+07 1797 3.77938e+06 754 733 63 670 612 58 3.77862e+06 58958 1730 730 451 3.71966e+06 302 279 7.89542e+07
internal_count=83093716 10082 6942 6074 868 735 3140 600 2540 83083634 82765931 3809904 78956027 1797 3779375 754 733 63 670 612 58 3778621 58958 1730 730 451 3719663 302 279 78954230
is_linear=0
shrinkage=0.1


Tree=28
num_leaves=31
num_cat=0
split_feature=7 0 4 1 14 3 4 0 8 16 20 18 4 4 15 9 15 2 18 4 1 9 13 2 9 9 15 2 4 0
split_gain=210.224 158.414 145.888 147.841 214.468 136.04 124.918 164.516 189.621 163.323 224.416 136.829 199.971 186.273 145.818 141.796 133.179 157.868 127.604 123.937 123.418 246.087 141.799 120.537 116.88 129.229 114.915 113.633 111.862 106.222
threshold=0.58556854724884044 398.01026916503912 0.98685157299041759 6.0782147360469059e-06 0.011502557899802925 4.1433904170989999 1.0000000180025095e-35 116.84602355957033 0.07163399271667005 0.0063950831536203631 0.93326175212860119 0.37069971859455114 0.17585674673318866 0.98685157299041759 0.034605244174599654 1.0000000180025095e-35 0.0050791089888662109 -0.015957623089464145 0.8586067557334901 0.51241087913513195 0.070650786016459965 0.10814816877245904 0.23866202682256701 0.030816266808323754 0.99864530563354503 0.25023169815540319 0.19735587388277057 -0.019336473726990048 0.9252023994922639 537.87362670898449
decision_type=2 2 2 2 2 2 2 2 2 2 2 2 2 2 2 2 2 2 2 2 2 2 2 2 2 2 2 2 2 2
left_child=5 -2 3 -3 23 19 20 27 9 11 26 15 -13 14 16 -9 -14 18 -18 -1 -7 -22 24 28 25 -23 -11 -8 29 -5
right_child=1 2 -4 4 -6 6 7 8 -10 10 -12 12 13 -15 -16 -17 17 -19 -20 -21 21 22 -24 -25 -26 -27 -28 -29 -30 -31
leaf_value=5.9577632737111519e-06 -0.0089018023671918797 -0.021430743907446013 0.10750349019804309 -0.080959294395117509 0.14423251908559065 -0.0016417247576656002 0.026736805297125285 -0.035217524431098872 0.063819159841941628 0.024326870547626268 -0.32232082605361945 -0.13479064219402817 0.01505496404056058 -0.11691571708049692 0.079068170933691506 0.024072161007446247 -0.0531022203120185 0.0042832391109502268 -0.28738761628451559 0.029363804108136812 0.031764282903039225 -0.26631451277383444 -0.33783158823138193 0.13845827728509905 -0.30314442884354365 -0.048279512510313073 -0.071061966694957984 -0.0053077343682667588 -0.0032239085291107389 -0.17019471442215145
leaf_weight=82971050 8948 866 62 286 39 91118 1338 7010 271 1290 20 106 1124 114 294 428 47 121 46 1438 293 29 21 21 21 434 140 6399 92 250
leaf_count=82971050 8948 866 62 286 39 91118 1338 7010 271 1290 20 106 1124 114 294 428 47 121 46 1438 293 29 21 21 21 434 140 6399 92 250
internal_value=0 -0.0141058 -0.0429213 -0.0489228 -0.0835275 1.79338e-06 -0.00350202 -0.0109412 -0.0187936 -0.0208781 0.0103356 -0.02575 -0.00142859 0.00666785 0.0153005 -0.0318059 0.0012888 -0.0710157 -0.168985 6.46657e-06 -0.00198465 -0.0411403 -0.0834395 -0.0972142 -0.0724018 -0.0619361 0.0149881 0.000233896 -0.105095 -0.12258
internal_weight=0 10564 1616 1554 688 8.30832e+07 110664 18748 11011 10740 1450 9290 1852 1746 1632 7438 1338 214 93 8.29725e+07 91916 798 505 649 484 463 1430 7737 628 536
internal_count=83093716 10564 1616 1554 688 83083152 110664 18748 11011 10740 1450 9290 1852 1746 1632 7438 1338 214 93 82972488 91916 798 505 649 484 463 1430 7737 628 536
is_linear=0
shrinkage=0.1


Tree=29
num_leaves=31
num_cat=0
split_feature=4 3 13 2 5 0 8 3 3 0 18 0 22 0 0 7 7 15 15 13 3 9 7 0 1 1 9 3 19 17
split_gain=179.602 146.716 99.497 94.3605 124.09 124.25 120.088 109.25 160.359 98.2181 94.4788 94.3267 94.837 143.328 91.325 103.812 98.8313 162.7 89.6972 186.407 106.873 157.478 125.442 116.398 111.357 121.492 87.7494 87.1928 86.3501 85.8336
threshold=0.80852606892585765 4.1433904170989999 0.96344175934791576 -0.0021377268432001997 1.0000000180025095e-35 35.285516738891609 1.0000000180025095e-35 1.1838999986648562 0.41802349686622625 299.24307250976568 0.90562623739242565 5.3191337585449228 0.96153518557548534 462.82772827148443 614.63195800781261 0.98685157299041759 0.027126056142151359 0.028851021081209186 0.0040164506062865266 0.079774364829063429 2.9375464916229252 0.9417330026626588 0.98685157299041759 264.32841491699224 0.0017366336486112502 0.029216446485834453 0.84089529514312755 0.53070998191833507 0.7019123136997224 0.57706825435161602
decision_type=2 2 2 2 2 2 2 2 2 2 2 2 2 2 2 2 2 2 2 2 2 2 2 2 2 2 2 2 2 2
left_child=3 18 14 10 11 -6 9 8 -8 -7 29 -5 -13 27 16 -16 17 -3 20 -20 22 24 26 -24 -22 -26 -2 -14 -19 -1
right_child=1 2 -4 4 5 6 7 -9 -10 -11 -12 12 13 -15 15 -17 -18 28 19 -21 21 -23 23 -25 25 -27 -28 -29 -30 -31
leaf_value=-0.0013712192925313081 -0.033803291826721142 -0.018135689366884887 0.12533291920191711 -0.0012074406091806035 0.067043689266837986 -0.099945849345262058 -0.033164489063051354 -0.17596028301310032 0.18981205995593753 -0.33114278032666161 -0.072107800171912581 1.8880929743377063e-05 0.0071494044329196167 0.15451172759587117 -0.1008139004183448 0.1311261079850651 -0.042175801376110524 0.10140829213189979 -0.089277234061155467 0.16088149509259633 0.053754676335696486 -0.21733254389837386 0.030787409563387231 0.27103348387913273 -0.15630852619984323 0.046892137669267198 0.17829443514347076 0.11480235737693661 -0.029383333474397661 -0.096434145836576238
leaf_weight=464476 790 3890 45 631709 94 147 411 47 35 21 189 81987236 655 88 238 21 1629 181 200 35 903 24 242 22 56 62 20 85 70 95
leaf_count=464476 790 3890 45 631709 94 147 411 47 35 21 189 81987236 655 88 238 21 1629 181 200 35 903 24 242 22 56 62 20 85 70 95
internal_value=0 -0.0145973 -0.022811 1.48032e-06 9.4732e-06 -0.0405315 -0.0558296 -0.0309479 -0.0156663 -0.128845 -0.00141942 9.84368e-06 1.92227e-05 0.0338624 -0.0239168 -0.082008 -0.0213092 -0.0131006 0.00659665 -0.0520196 0.0130973 0.0358646 -0.00905533 0.0508079 0.0418164 -0.0495421 -0.0285663 0.0195149 0.0649325 -0.00139066
internal_weight=0 8428 6074 8.30853e+07 8.26205e+07 755 661 493 446 168 464760 8.26198e+07 8.19881e+07 828 6029 259 5770 4141 2354 235 2119 1045 1074 264 1021 118 810 740 251 464571
internal_count=83093716 8428 6074 83085288 82620528 755 661 493 446 168 464760 82619773 81988064 828 6029 259 5770 4141 2354 235 2119 1045 1074 264 1021 118 810 740 251 464571
is_linear=0
shrinkage=0.1


Tree=30
num_leaves=31
num_cat=0
split_feature=7 4 16 6 7 13 20 2 4 10 1 13 15 0 4 2 1 3 18 1 2 6 0 2 20 20 1 0 0 1
split_gain=157.73 130.228 116.896 296.606 161.578 154.255 122.334 118.661 114.187 142.733 112.409 260.494 147.453 123.442 109.756 149.641 104.503 345.194 172.505 151.296 146.618 230.484 235.079 207.03 277.466 456.798 209.331 206.609 178.684 168.226
threshold=0.72271147370338451 0.98685157299041759 0.13225658982992175 0.31070631742477423 0.098755661398172392 0.52838325500488292 0.93326175212860119 -0.019336473726990048 0.27964606881141668 0.22492027282714847 6.4231245220049121e-06 0.054830383509397514 0.00087935687042772781 115.07026672363283 0.98685157299041759 -1.0000000180025095e-35 0.011766311318164552 -0.33024498820304865 0.90562623739242565 0.014622739945749553 -0.058934122107042346 0.067786492407321944 111.58505249023439 -0.049488690185407844 0.69166481494903576 0.83920091390609752 0.029216446485834453 356.75193786621099 329.87959289550787 0.070650786016459965
decision_type=2 2 2 2 2 2 2 2 2 2 2 2 2 2 2 2 2 2 2 2 2 2 2 2 2 2 2 2 2 2
left_child=2 10 3 4 8 -6 -4 -5 16 14 -2 12 -12 -14 -10 -16 -1 19 20 -18 29 23 -23 24 26 27 -22 -26 -28 -19
right_child=1 -3 6 7 5 -7 -8 -9 9 -11 11 -13 13 -15 15 -17 17 18 -20 -21 21 22 -24 -25 25 -27 28 -29 -30 -31
leaf_value=3.5220656155172839e-06 -0.0095431570281431424 0.023100004986756378 0.013435973779942998 0.042630631140711618 -0.013991738722292792 -0.18687762394256424 -0.18891295221944651 -0.02506173184462453 0.016152242239793058 0.23445771125883891 -0.030863238404637214 0.085331980743720171 -0.023888757417249031 -0.12603198954686096 -0.096270195409690729 0.0084954138918345839 -0.44244980694105229 0.017261020302005999 -0.16766755494163998 -0.11830963711771701 0.021639840028633631 -0.020119405626541093 -0.49916210889816287 -0.010582285620614107 -0.27157777335607641 -0.066286733326998276 -0.072920387952676066 -0.67890219479799274 -0.35414617498671369 -0.013416385479013363
leaf_weight=83044791 4624 837 7322 271 6854 52 30 5827 6045 29 1690 164 179 349 212 382 24 3874 67 36 271 21 20 6121 33 107 117 20 28 3319
leaf_count=83044791 4624 837 7322 271 6854 52 30 5827 6045 29 1690 164 179 349 212 382 24 3874 67 36 271 21 20 6121 33 107 117 20 28 3319
internal_value=0 -0.0141806 1.33848e-06 2.22661e-07 1.84153e-06 -0.0152935 0.0126103 -0.0220534 3.11317e-06 0.0130887 -0.0186345 -0.0362828 -0.0452751 -0.0914039 0.0121217 -0.0288957 2.06265e-06 -0.00861912 -0.0075932 -0.247966 -0.00682334 -0.017423 -0.253799 -0.0159759 -0.073292 -0.185205 -0.0302485 -0.425285 -0.127226 0.00310583
internal_weight=0 7843 8.30859e+07 8.30785e+07 8.30724e+07 6906 7352 6098 8.30655e+07 6668 7006 2382 2218 528 6639 594 8.30588e+07 14058 13998 60 13931 6738 41 6697 576 160 416 53 145 7193
internal_count=83093716 7843 83085873 83078521 83072423 6906 7352 6098 83065517 6668 7006 2382 2218 528 6639 594 83058849 14058 13998 60 13931 6738 41 6697 576 160 416 53 145 7193
is_linear=0
shrinkage=0.1


Tree=31
num_leaves=31
num_cat=0
split_feature=3 4 8 16 14 0 4 1 9 20 15 20 9 19 9 18 20 20 4 13 0 15 15 19 2 1 2 1 15 2
split_gain=137.945 174.129 147.555 117.14 140.39 110.459 260.669 189.94 166.945 143.83 150.935 147.034 174.957 112.177 109.828 102.444 95.44 293.983 133.231 93.3264 90.3993 87.1193 198.215 137.998 177.837 257.699 128.712 275.432 197.264 136.898
threshold=4.1433904170989999 0.82193505764007579 0.07163399271667005 0.066122770309448256 0.38115081191062933 118.47588348388673 0.021004183217883114 0.070650786016459965 0.10814816877245904 0.95064401626586925 0.0021066879853606228 0.44704665243625646 0.68821924924850475 0.0089980079792439955 0.17202250659465793 1.0000000180025095e-35 0.24840288609266284 0.32240396738052374 0.32919138669967657 0.19089563190937045 264.32841491699224 0.26356908679008489 0.035152798518538482 0.7019123136997224 -0.058934122107042346 0.029216446485834453 -0.081241258522397927 0.0012065066200233003 0.12700602412223819 0.0031227550521294007
decision_type=2 2 2 2 2 2 2 2 2 2 2 2 2 2 2 2 2 2 2 2 2 2 2 2 2 2 2 2 2 2
left_child=-1 2 3 5 -5 13 7 -7 15 10 -10 -12 -13 -2 16 -9 21 -18 -19 -4 -11 22 23 -8 -25 -26 -24 29 -29 -28
right_child=1 -3 19 4 -6 6 14 8 9 20 11 12 -14 -15 -16 -17 17 18 -20 -21 -22 -23 26 24 25 -27 27 28 -30 -31
leaf_value=4.8078586608418556e-06 8.8605681943614489e-05 -0.020419337012476141 0.049052830784951887 0.011392502142502984 -0.24760138477597918 -0.0030616688052271966 -0.031648237131709368 0.045770615394701439 0.0065262927490211745 -0.065225037766827476 0.093607846715233547 -0.2664879707642544 0.012863757293070516 0.035612066277442553 0.041026714392655504 -0.13465236383370865 -0.39713746585227827 0.075347350575785177 -0.096797516875585937 0.2664284666379293 -0.28673640625744035 -0.063241990529913236 -0.06616783954854287 -0.053441101605118807 0.060126145386555856 0.44241526186466218 -0.0010208825340014894 0.23322187037762221 -0.01380538990100225 0.14832652599192583
leaf_weight=82978157 33730 5748 332 6228 21 59645 5573 163 137 27 22 81 31 913 264 39 27 63 157 21 58 494 182 121 149 20 1101 99 48 65
leaf_count=82978157 33730 5748 332 6228 21 59645 5573 163 137 27 22 81 31 913 264 39 27 63 157 21 58 494 182 121 149 20 1101 99 48 65
internal_value=0 -0.00345262 -0.0025645 -0.00277267 0.0105221 -0.00357763 -0.00590302 -0.00360496 -0.0616772 -0.102879 -0.0672815 -0.142742 -0.189167 0.00102481 -0.0224462 0.0109365 -0.0245152 -0.0857208 -0.0475015 0.0619845 -0.216374 -0.0225898 -0.0198605 -0.0281485 0.039106 0.105367 0.0126428 0.0235671 0.15256 0.00730466
internal_weight=0 115559 109811 109458 6249 103209 68566 60203 558 356 271 134 112 34643 8363 202 8099 247 220 353 85 7852 7358 5863 290 169 1495 1313 147 1166
internal_count=83093716 115559 109811 109458 6249 103209 68566 60203 558 356 271 134 112 34643 8363 202 8099 247 220 353 85 7852 7358 5863 290 169 1495 1313 147 1166
is_linear=0
shrinkage=0.1


Tree=32
num_leaves=31
num_cat=0
split_feature=7 1 1 3 0 13 1 14 12 3 0 3 8 21 3 17 10 3 9 9 1 16 6 2 1 2 15 4 4 1
split_gain=121.161 150.31 190.544 106.859 84.8025 84.3242 123.062 83.3824 137.326 186.608 154.301 122.841 147.145 92.4401 215.518 89.0315 216.064 139.532 99.0571 122.525 83.2294 77.9707 233.822 162.847 160.86 141.103 141.679 103.396 124.714 146.312
threshold=0.26424887776374822 7.5648036044634752e-06 6.2451215715937953e-05 -1.0000000180025095e-35 125.75331115722658 0.058856114745140083 0.00025506191624340006 0.2175521403551102 1.0000000180025095e-35 -0.0028364999452605839 159.65065765380862 1.8119350075721743 0.74613162875175487 1.0000000180025095e-35 0.064235497266054167 1.0000000180025095e-35 0.12400152161717416 3.343134999275208 0.30526308715343481 0.080030526965856566 6.4238163683443824e-05 0.066122770309448256 1.0000000180025095e-35 -0.13604505617114263 0.011766311318164552 -0.03362212212173319 0.014833453577011825 0.27964606881141668 0.48933163285255438 0.0074286826741851008
decision_type=2 2 2 2 2 2 2 2 2 2 2 2 2 2 2 2 2 2 2 2 2 2 2 2 2 2 2 2 2 2
left_child=7 -2 4 -4 -3 20 -7 15 11 -10 -11 13 -13 -9 -15 21 17 -17 19 -19 -5 22 27 -24 -25 -26 -27 -1 29 -29
right_child=1 2 3 5 -6 6 -8 8 9 10 -12 12 -14 14 -16 16 -18 18 -20 -21 -22 -23 23 24 25 26 -28 28 -30 -31
leaf_value=7.9958868235353597e-06 -0.0012571443279091009 -0.021376275765829972 0.14704846135925417 0.13736394444746633 -0.066714864011977779 -0.00085567643555502107 0.12449066802345321 -0.0008467119136344244 0.1354115249532642 -0.034253552171361189 -0.22171303869358133 -0.0067064902544843978 -0.23204442059685448 0.32502008121589138 -0.0036003878631163388 -0.0047079338483643684 -0.30075286633024612 -0.079120985517393952 0.01982769021121113 -0.32903458561216081 -0.0175713530602143 0.012152600299958731 0.18159711265138218 -0.014136184198556051 0.001039228869172243 -0.12316477524189207 -0.40600667459809259 0.0090641147925129752 0.0054663352345543335 0.074925645021952703
leaf_weight=82791387 10031 673 43 35 1066 300 106 222357 33 92 84 39220 29 29 64 1895 27 298 97 21 3697 5286 42 10289 65 77 23 726 4994 630
leaf_count=82791387 10031 673 43 35 1066 300 106 222357 33 92 84 39220 29 29 64 1895 27 298 97 21 3697 5286 42 10289 65 77 23 726 4994 630
internal_value=0 -0.00871455 -0.0213506 -0.00978023 -0.0491686 -0.0114099 0.0318702 1.673e-06 -0.00177979 -0.0828069 -0.123723 -0.00171508 -0.00687299 -0.000805022 0.0988727 7.30695e-06 -0.0195066 -0.0162207 -0.0686646 -0.095573 -0.0161183 7.85786e-06 7.08261e-06 -0.0149175 -0.015707 -0.113662 -0.188218 8.97456e-06 0.0127689 0.0396635
internal_weight=0 15951 5920 4181 1739 4138 406 8.30778e+07 261908 209 176 261699 39249 222450 93 8.28159e+07 2338 2311 416 319 3732 8.28135e+07 8.28082e+07 10496 10454 165 100 8.27977e+07 6350 1356
internal_count=83093716 15951 5920 4181 1739 4138 406 83077765 261908 209 176 261699 39249 222450 93 82815857 2338 2311 416 319 3732 82813519 82808233 10496 10454 165 100 82797737 6350 1356
is_linear=0
shrinkage=0.1


Tree=33
num_leaves=31
num_cat=0
split_feature=3 4 8 20 15 15 1 13 1 9 9 16 14 2 1 1 4 9 16 7 13 1 6 15 2 2 4 13 13 9
split_gain=106.321 132.624 113.412 101.738 235.253 92.2212 103.647 208.51 97.8829 109.588 118.025 79.8919 112.812 86.3846 100.428 126.623 94.4498 88.5107 86.7577 84.9201 200.713 107.193 102.446 92.7094 149.562 141.322 89.1422 79.8598 76.5975 76.0547
threshold=4.1433904170989999 0.82193505764007579 0.07163399271667005 0.64979323744773876 0.07924883067607881 0.17258822917938235 0.0074286826741851008 0.1670627444982529 1.6072558700752913e-06 0.17202250659465793 0.69480717182159435 0.066122770309448256 0.38115081191062933 0.0020862498783650002 3.0575672901077271e-05 4.2293584304260564e-05 0.021004183217883114 0.45922765135765081 0.72313192486763012 0.012249965453520419 0.37126667797565466 0.0065773731705465006 0.29005666077136999 0.013487236574292185 0.0070445719206095507 0.012807305009889853 0.48933163285255438 0.96344175934791576 0.19089563190937045 0.99999997019767772
decision_type=2 2 2 2 2 2 2 2 2 2 2 2 2 2 2 2 2 2 2 2 2 2 2 2 2 2 2 2 2 2
left_child=-1 2 3 11 -5 8 -7 -8 9 -6 -11 19 13 14 16 -16 -13 -17 -18 22 21 23 -2 -21 -25 -26 -23 29 -4 -3
right_child=1 27 28 4 5 6 7 -9 -10 10 -12 12 -14 -15 15 17 18 -19 -20 20 -22 26 -24 24 25 -27 -28 -29 -30 -31
leaf_value=4.2212831264686851e-06 -0.001170752004068201 -0.019915303355941893 0.04261898661866162 -0.0086658411858766479 -0.36787083656699571 -0.0091337593888644788 0.0082580520961509692 -0.2916449647227472 -0.059992799307177741 -0.019090967564735301 -0.25077052109357384 0.008191499217454783 -0.22217060128847757 0.063574472073309837 -0.1518004438141361 -0.0048616651844975 0.029187088530338575 -0.17832780932386716 0.10931645423086762 -0.025688995483651264 -0.17774638783333727 0.011017649126600247 -0.017312150502696778 -6.5032198967360949e-05 0.37171213782968976 0.049947111595135471 0.21997094054307259 0.11485554154548382 0.2395508890882844 0.11060464845763313
leaf_weight=82978157 90301 5658 332 4300 27 238 49 44 111 43 45 3491 21 287 64 1508 644 30 171 2770 76 49 4111 983 21 39 35 45 21 45
leaf_count=82978157 90301 5658 332 4300 27 238 49 44 111 43 45 3491 21 287 64 1508 644 30 171 2770 76 49 4111 983 21 39 35 45 21 45
internal_value=0 -0.00303114 -0.00225606 -0.00243857 -0.0165868 -0.0777358 -0.0441135 -0.133632 -0.126979 -0.191636 -0.137563 -0.00178162 0.00921331 0.00999767 0.007395 -0.0139803 0.0153475 -0.00824527 0.0459995 -0.00247628 -0.016798 -0.0136591 -0.0018736 -0.0161208 0.00929048 0.162565 0.0980815 -0.0178384 0.0543345 -0.0188854
internal_weight=0 115559 109811 109458 4857 557 331 93 226 115 88 104601 6216 6195 5908 1602 4306 1538 815 98385 3973 3897 94412 3813 1043 60 84 5748 353 5703
internal_count=83093716 115559 109811 109458 4857 557 331 93 226 115 88 104601 6216 6195 5908 1602 4306 1538 815 98385 3973 3897 94412 3813 1043 60 84 5748 353 5703
is_linear=0
shrinkage=0.1


Tree=34
num_leaves=31
num_cat=0
split_feature=7 4 2 3 3 16 22 0 3 3 1 6 2 1 16 20 7 1 13 0 4 3 0 6 1 0 0 6 13 14
split_gain=100.857 122.874 88.4527 84.7186 90.5149 87.864 74.5298 122.583 90.3363 82.3429 74.2728 121.32 114.033 90.0905 82.3937 115.93 93.0765 121.322 139.392 93.1375 100.143 128.76 79.1297 73.5997 99.2825 127.466 110.138 118.424 105.379 80.6917
threshold=0.81283089518547069 0.98685157299041759 -0.0020093086143538499 0.52048450708389293 0.49990250170230871 1.0000000180025095e-35 0.96153518557548534 50.184505462646491 0.53070998191833507 0.008138999808579685 0.00012079292371305001 0.52134644985198986 -0.008747229335895149 0.00093380336056365009 0.13225658982992175 0.93326175212860119 0.012249965453520419 2.3618336654080494e-05 0.697309970855713 314.12844848632818 0.32919138669967657 3.7290139198303227 5.3191337585449228 0.32919138669967657 1.2666905803989707e-06 238.39286804199222 173.756462097168 0.52134644985198986 0.11515636369585992 0.011502557899802925
decision_type=2 2 2 2 2 2 2 2 2 2 2 2 2 2 2 2 2 2 2 2 2 2 2 2 2 2 2 2 2 2
left_child=6 -2 -3 4 -4 -5 10 -8 9 -9 14 -12 13 -13 16 -16 22 -18 19 -19 -21 -22 -1 -24 25 -25 -26 -28 -29 -27
right_child=1 2 3 5 -6 -7 7 8 -10 -11 11 12 -14 -15 15 -17 17 18 -20 20 21 -23 23 24 26 29 27 28 -30 -31
leaf_value=-0.0011062475060880492 -0.018629762889562342 0.15592636968544191 0.045001863985939812 0.016731523029134415 0.25403361547376135 -0.082444850912862369 -0.047885714922520542 0.056398234127892181 0.1442231100659038 -0.028926190974092797 -0.00094020041032540395 0.057636324039512236 -0.048586837293295909 -0.027162939733489579 0.011702514258352571 -0.19218605443768735 -0.0036001454658105888 -0.016925442327205779 -0.29460532153258101 -0.022844115159965643 -0.22055311819636511 -0.063689132868534046 1.9011402649560352e-05 -0.011369423813444017 -0.015819565566690435 -0.053088767789469388 -0.035699914025298908 0.070979355106640968 -0.11625182642601431 -0.20865014541894197
leaf_weight=630527 5209 47 89 568 27 106 164 442 86 152 735730 220 1014 291 6940 28 5970 1510 20 254 76 168 81699800 1858 979 705 173 496 32 35
leaf_count=630527 5209 47 89 568 27 106 164 442 86 152 735730 220 1014 291 6940 28 5970 1510 20 254 76 168 81699800 1858 979 705 173 496 32 35
internal_value=0 -0.0129152 0.0226487 0.0147195 0.0936558 0.00113405 9.40694e-07 0.029717 0.048433 0.0345644 6.38837e-07 -0.000998603 -0.0291747 0.00934555 9.5848e-06 0.0108832 8.66465e-06 -0.0107785 -0.0319101 -0.0292936 -0.0667956 -0.112548 9.71252e-06 1.83246e-05 -0.0130978 -0.0253482 0.00584658 0.036105 0.059632 -0.0604464
internal_weight=0 6046 837 790 116 674 8.30877e+07 844 680 594 8.30868e+07 737255 1525 511 8.23496e+07 6968 8.23426e+07 7998 2028 2008 498 244 8.23346e+07 8.17041e+07 4278 2598 1680 701 528 740
internal_count=83093716 6046 837 790 116 674 83087670 844 680 594 83086826 737255 1525 511 82349571 6968 82342603 7998 2028 2008 498 244 82334605 81704078 4278 2598 1680 701 528 740
is_linear=0
shrinkage=0.1


Tree=35
num_leaves=31
num_cat=0
split_feature=7 2 1 2 2 0 1 1 2 14 0 0 0 4 1 3 15 1 1 4 7 3 12 13 0 0 1 15 13 16
split_gain=82.5026 89.8563 126.963 117.312 100.733 129.477 102.447 100.891 95.9551 95.2884 91.5034 80.4188 95.1156 91.3417 118.534 74.7294 84.11 90.997 85.5167 81.4123 74.2106 70.6884 139.444 140.195 100.571 91.7776 91.279 89.4667 93.3593 88.2996
threshold=0.72271147370338451 0.00050966127470550011 0.00010609462520590002 0.0018692392759132503 0.00031802762916345004 342.69412231445318 0.00065626417387035013 0.00028705688994705008 0.00026007410692540002 0.031739909201860435 123.84985351562501 336.39776611328131 654.50115966796886 0.9252023994922639 5.6309722301967368e-05 0.064235497266054167 0.018427844159305099 0.00045996814701465002 0.00030391057890810001 0.68211069703102123 0.91760551929473888 0.62708550691604625 1.0000000180025095e-35 0.97636666893959057 123.84985351562501 109.92773056030275 0.00011163639738940002 0.2904272079467774 0.10378105565905572 0.066122770309448256
decision_type=2 2 2 2 2 2 2 2 2 2 2 2 2 2 2 2 2 2 2 2 2 2 2 2 2 2 2 2 2 2
left_child=21 4 3 10 6 -6 7 8 11 -8 -3 -2 -13 14 -14 -4 17 18 -17 -19 -9 22 -1 25 -25 -24 29 28 -27 -23
right_child=1 2 15 -5 5 -7 9 20 -10 -11 -12 12 13 -15 -16 16 -18 19 -20 -21 -22 26 23 24 -26 27 -28 -29 -30 -31
leaf_value=2.5923030262320785e-05 -0.0011783332751025563 -0.040417794952297526 0.15307375917146948 -0.010854219068692978 0.0063661148066096246 0.32399970349811374 0.08479945110078474 -0.0062066049705589979 -0.16388389881795798 -0.14497201479505747 -0.15216031038394229 -0.043513864876211783 0.026467976488413349 0.15452254226674206 -0.22669614925980569 -0.017669542731334257 0.063071059221319392 0.071493408282880075 0.19379763283899853 -0.13989717687286859 -0.14871180681616403 -0.0002556722439557622 0.010500115459332261 -0.031076965853571892 -0.27461564573339925 -0.026433458064836157 -0.001919189807265684 0.04875042099173707 -0.092616820652707085 0.011743706283941661
leaf_weight=77674651 5197 116 29 186 33 21 185 62 39 20 199 969 155 46 21 214 113 22 21 106 89 5057128 535 30 39 589 346326 101 334 6140
leaf_count=77674651 5197 116 29 186 33 21 185 62 39 20 199 969 155 46 21 214 113 22 21 106 89 5057128 535 30 39 589 346326 101 334 6140
internal_value=0 -0.0102559 -0.0381599 -0.0738268 -0.00615005 0.12989 -0.00723308 -0.00940262 -0.00750432 0.0623827 -0.111011 -0.00654959 -0.0299874 0.0290538 -0.00373911 -0.00277546 -0.0122705 -0.0357239 0.00122752 -0.103564 -0.0901997 9.68056e-07 2.53096e-05 -0.029241 -0.168729 -0.0230673 -0.000348552 -0.040605 -0.0503828 -0.000241121
internal_weight=0 7843 1006 501 6837 54 6783 6578 6427 205 315 6388 1191 222 176 505 476 363 235 128 151 8.30859e+07 7.76763e+07 1628 69 1559 5.40959e+06 1024 923 5.06327e+06
internal_count=83093716 7843 1006 501 6837 54 6783 6578 6427 205 315 6388 1191 222 176 505 476 363 235 128 151 83085873 77676279 1628 69 1559 5409594 1024 923 5063268
is_linear=0
shrinkage=0.1


Tree=36
num_leaves=31
num_cat=0
split_feature=3 4 8 20 15 13 0 9 15 0 1 13 0 7 1 14 3 12 3 0 21 3 17 10 3 0 2 15 0 13
split_gain=74.9457 91.0197 97.9171 80.7941 188.989 78.2971 76.194 85.3629 74.8314 97.2446 81.8794 87.3133 73.1449 75.4883 71.0537 66.0618 101.191 120.923 160.13 103.986 74.8306 174.567 74.3613 174.697 111.409 86.2951 193.326 85.1488 65.3399 64.2451
threshold=4.1433904170989999 0.82193505764007579 0.46194367110729223 0.64979323744773876 0.07924883067607881 0.014511157758533956 248.33558654785159 0.99999997019767772 0.4086159616708756 145.9719161987305 0.011766311318164552 0.13483144342899325 614.63195800781261 0.98685157299041759 0.0039542978823803006 0.2175521403551102 1.8119350075721743 1.0000000180025095e-35 -0.0028364999452605839 210.62327575683597 1.0000000180025095e-35 0.064235497266054167 1.0000000180025095e-35 0.12400152161717416 3.343134999275208 305.07629394531256 -0.00063106660227654993 0.0050791089888662109 3.4479532241821294 0.91854920983314525
decision_type=2 2 2 2 2 2 2 2 2 2 2 2 2 2 2 2 2 2 2 2 2 2 2 2 2 2 2 2 2 2
left_child=15 2 3 -2 6 -4 -5 -8 9 -6 -11 -12 29 14 -14 22 17 20 -19 -20 -17 -22 28 24 -24 -26 -27 -28 -1 -3
right_child=1 12 5 4 8 -7 7 -9 -10 10 11 -13 13 -15 -16 16 -18 18 19 -21 21 -23 23 -25 25 26 27 -29 -30 -31
leaf_value=-0.0014245423847437104 -0.0014285245548182417 -0.01354166542113024 0.050498777410158749 0.0028224270297015665 -0.018067690617134494 0.26303443682380018 -0.02041295275156867 -0.14944754017973846 0.026470906974774014 -0.091601515802300804 -0.056735777519643309 -0.31733185837252276 -0.11450715032974999 0.11256415006660281 0.026300714173250729 -0.00073449115470603681 -0.0063228532612503528 0.12250647258690812 -0.05913293239910964 -0.22387831994953256 0.29251646990727248 -0.003239544897223823 -0.0047328726091900412 -0.2706588990158505 -0.0246310996560722 0.11110956468929847 -0.11772755177176381 -0.29192733853124081 1.4574517364695557e-05 0.094116243633574681
leaf_weight=316703 104798 5450 130 2683 155 20 1570 53 71 275 20 36 176 21 45 222401 38436 33 106 60 29 64 1921 27 245 30 94 40 82397968 56
leaf_count=316703 104798 5450 130 2683 155 20 1570 53 71 275 20 36 176 21 45 222401 38436 33 106 60 29 64 1921 27 245 30 94 40 82397968 56
internal_value=0 -0.00254489 -0.00190279 -0.00201323 -0.0146137 0.0788369 -0.00752357 -0.0246267 -0.0694257 -0.0834353 -0.114046 -0.224262 -0.0148117 -0.0686193 -0.0858359 3.54491e-06 -0.0015845 -0.000766679 -0.0786838 -0.118679 -0.000696989 0.0889854 8.55821e-06 -0.0177533 -0.0148226 -0.0622123 -0.118355 -0.169727 9.06434e-06 -0.0124467
internal_weight=0 115559 109811 109661 4863 150 4306 1623 557 486 331 56 5748 242 221 8.29782e+07 261129 222693 199 166 222494 93 8.2717e+07 2357 2330 409 164 134 8.27147e+07 5506
internal_count=83093716 115559 109811 109661 4863 150 4306 1623 557 486 331 56 5748 242 221 82978157 261129 222693 199 166 222494 93 82717028 2357 2330 409 164 134 82714671 5506
is_linear=0
shrinkage=0.1


Tree=37
num_leaves=31
num_cat=0
split_feature=7 1 1 13 2 2 2 2 2 3 2 2 2 2 15 22 1 3 8 15 14 13 3 3 15 3 3 13 14 14
split_gain=66.1973 78.2112 147.885 154.673 70.0343 75.9117 77.4447 94.9413 90.3072 81.5586 127.055 140.58 110.005 104.59 65.9183 62.79 92.7871 127.178 125.642 108.782 207.239 130.251 112.988 122.123 108.065 153.548 119.804 105.255 99.6108 121.362
threshold=0.012249965453520419 7.5648036044634752e-06 7.4126805337459454e-05 0.63029062747955333 0.0031227550521294007 0.0020862498783650002 0.00085812832907095006 0.0010142576313704502 0.0011597548747331501 0.023833500221371654 -0.0011310388869960998 -0.0013998216389781999 -0.0004251452546252499 -0.0013615873076833998 0.0021066879853606228 1.0000000180025095e-35 1.6072558700752913e-06 -1.0000000180025095e-35 0.28284921497106558 0.0054431557655334481 0.031739909201860435 0.0010905198287218811 -0.18869099766016004 -1.0000000180025095e-35 0.069752547889947905 0.066911000758409514 0.56513798236846935 0.74128538370132457 0.92915076017379772 0.72279644012451183
decision_type=2 2 2 2 2 2 2 2 2 2 2 2 2 2 2 2 2 2 2 2 2 2 2 2 2 2 2 2 2 2
left_child=15 -2 3 4 5 6 9 -8 -9 12 11 -11 -3 -13 -10 -1 19 18 -18 21 24 28 -23 -24 25 -21 -26 -19 29 -17
right_child=1 2 -4 -5 -6 -7 7 8 14 10 -12 13 -14 -15 -16 16 17 27 -20 20 -22 22 23 -25 26 -27 -28 -29 -30 -31
leaf_value=9.3247508122779447e-07 -0.00094116972095833649 0.034166743532952036 -0.0037307022896617848 -0.29119635846303854 -0.12108918935599099 0.036189357029823212 -0.14140270086493165 0.073374225115724681 -0.033198560164471855 -0.029907827479353045 0.002755383727945049 -0.32901250261526843 -0.19247922690157765 -0.10239939581047981 -0.12530552897317049 0.035714704986005895 -0.0059715477247605092 -0.044980122498236602 0.18624487082731533 0.32664078900165727 -0.016194864213613307 -0.22585072163492442 0.16935475275386125 -0.034079723691538291 0.0069816452987266318 0.040674689465335444 0.27644143158739265 -0.28174150954931976 0.218107159302703 -0.087993641137419379
leaf_weight=83070367 13115 33 5097 23 83 173 126 58 259 458 1100 26 61 94 111 1183 123 307 47 57 127 28 32 379 66 28 22 20 28 85
leaf_count=83070367 13115 33 5097 23 83 173 126 58 259 458 1100 26 61 94 111 1183 123 307 47 57 127 28 32 379 66 28 22 20 28 85
internal_value=0 -0.00563841 -0.0136369 -0.0330196 -0.0307198 -0.0277183 -0.0324716 -0.0651054 -0.042644 -0.0222689 -0.0171911 -0.0551516 -0.112912 -0.151499 -0.0608307 1.41246e-06 0.0157487 -0.0229874 0.0471706 0.0252091 0.0808106 0.015595 -0.0314822 -0.0182405 0.152023 0.23244 0.0743466 -0.0594609 0.0315417 0.027422
internal_weight=0 20817 7702 2605 2582 2499 2326 554 428 1772 1678 578 94 120 370 8.30729e+07 2532 497 170 2035 300 1735 439 411 173 85 88 327 1296 1268
internal_count=83093716 20817 7702 2605 2582 2499 2326 554 428 1772 1678 578 94 120 370 83072899 2532 497 170 2035 300 1735 439 411 173 85 88 327 1296 1268
is_linear=0
shrinkage=0.1


Tree=38
num_leaves=31
num_cat=0
split_feature=3 4 8 20 15 15 9 0 1 1 9 0 14 20 8 9 5 0 22 0 1 3 0 3 8 3 3 1 13 1
split_gain=58.0675 71.4863 79.7865 67.3071 174.036 101.876 106.952 77.0826 69.7693 107.746 68.3886 73.469 73.2528 168.715 60.9167 127.963 115.828 126.798 104.544 116.866 95.2056 141.737 151.023 132.561 262.981 124.936 240.21 182.503 131.849 236.366
threshold=4.1433904170989999 0.82193505764007579 0.07163399271667005 0.52729755640029918 0.077714972198009505 0.20530420541763308 0.32232248783111578 171.68933105468753 1.6072558700752913e-06 0.011766311318164552 0.99999997019767772 182.42417144775393 0.023302574642002586 0.68681129813194286 0.011934864800423385 0.75438639521598827 1.0000000180025095e-35 103.36304473876955 1.0000000180025095e-35 342.69412231445318 1.8125423324538831e-06 1.8839390277862551 54.11700630187989 0.008138999808579685 0.96035403013229381 -0.0028364999452605839 -0.14505600184202191 5.6660420142234267e-06 0.12022032588720323 5.3780389205397376e-06
decision_type=2 2 2 2 2 2 2 2 2 2 2 2 2 2 2 2 2 2 2 2 2 2 2 2 2 2 2 2 2 2
left_child=14 2 3 -2 10 7 -7 -6 -9 -10 12 -12 -5 -14 16 20 18 -18 -1 -20 23 22 -22 -16 -25 26 27 -24 -27 -30
right_child=1 -3 -4 4 5 6 -8 8 9 -11 11 -13 13 -15 15 -17 17 -19 19 -21 21 -23 25 24 -26 28 -28 -29 29 -31
leaf_value=3.5942457756437962e-06 -0.00123641586460107 -0.013111189714349263 0.045794490302145142 -0.0011268513335337567 -0.032386893229559066 0.075274095167353589 -0.052581555057488585 -0.18673999526029961 -0.012280829095953079 -0.19929842736261588 -0.017860185041254063 -0.13162421678561112 -0.26479710524635658 -0.0096975429533049471 -0.014285958238307786 -0.14711982942839613 0.00086282009855086846 -0.15575790016911925 0.013194985180064001 0.085504181257042913 0.016824681729454786 0.03274298634848552 -0.26968505747798011 0.0047704165512872368 0.11167714735148129 -0.052335301434878738 0.079799155070890443 -0.032594866928560902 -0.39220234944950794 -0.10016964365579728
leaf_weight=82969896 103637 5748 353 4723 130 89 247 110 86 48 167 86 35 100 2709 67 107 100 1213 274 376 334 41 1557 270 646 172 156 32 207
leaf_count=82969896 103637 5748 353 4723 130 89 247 110 86 48 167 86 35 100 2709 67 107 100 1213 274 376 334 41 1557 270 646 172 156 32 207
internal_value=0 -0.00224007 -0.00167103 -0.00182411 -0.0122873 -0.0586795 -0.018715 -0.0945833 -0.127721 -0.0792722 -0.00584271 -0.056531 -0.00320292 -0.0758345 3.12056e-06 -0.00962779 3.88283e-06 -0.0747994 4.06945e-06 0.0265189 -0.00821057 -0.0266031 -0.0387635 -0.000246978 0.0205694 -0.0554311 -0.0065486 -0.0819385 -0.0758127 -0.13927
internal_weight=0 115559 109811 109458 5821 710 336 374 244 134 5111 253 4858 135 8.29782e+07 6567 8.29716e+07 207 8.29714e+07 1487 6500 1964 1630 4536 1827 1254 369 197 885 239
internal_count=83093716 115559 109811 109458 5821 710 336 374 244 134 5111 253 4858 135 82978157 6567 82971590 207 82971383 1487 6500 1964 1630 4536 1827 1254 369 197 885 239
is_linear=0
shrinkage=0.1


Tree=39
num_leaves=31
num_cat=0
split_feature=2 17 2 7 2 0 2 16 16 6 4 1 14 3 15 13 13 4 13 1 0 15 0 3 13 3 1 4 5 0
split_gain=56.3867 69.0543 119.258 67.4652 125.299 98.0551 100.666 98.0722 68.608 97.5825 143.458 83.5619 84.7123 81.8872 78.0556 90.8292 88.8686 83.137 92.0316 73.9715 79.3694 71.8536 71.0012 69.4589 76.415 67.5884 66.8778 85.5584 63.9159 89.6582
threshold=-0.0021377268432001997 0.57706825435161602 -0.0054149958129167996 0.58556854724884044 -0.0010923678423909497 398.01026916503912 -0.00035139888326994991 0.56331124901771557 0.066122770309448256 0.34849354624748236 0.51241087913513195 0.00021880788508005003 0.012838638853281738 2.2194035053253178 0.024029564112424854 0.025005077943205837 1.0000000180025095e-35 1.0000000180025095e-35 1.0000000180025095e-35 0.014622739945749553 350.07540893554693 0.26356908679008489 226.29190826416018 3.343134999275208 0.10378105565905572 3.7290139198303227 0.0015969188177035003 0.9252023994922639 1.0000000180025095e-35 35.285516738891609
decision_type=2 2 2 2 2 2 2 2 2 2 2 2 2 2 2 2 2 2 2 2 2 2 2 2 2 2 2 2 2 2
left_child=1 -1 -3 8 -5 -6 7 25 9 10 19 12 13 -12 15 16 -11 -16 -19 28 -21 23 -13 24 -15 -7 -24 -28 -2 -30
right_child=3 2 -4 4 5 6 -8 -9 -10 14 11 22 -14 21 17 -17 -18 18 -20 20 -22 -23 26 -25 -26 -27 27 -29 29 -31
leaf_value=-0.0010785380704973926 6.9537244135237674e-06 0.026568651005315289 -0.19520528498961001 -0.06088183769604303 -0.0015184328057195667 -0.28457696500577429 -0.023452681089663262 0.036478162525842593 0.01062251024132568 -0.019510131633373461 0.071491329224187536 0.037379783041537079 0.11577799693658584 -0.081783745193233101 -0.13851140041369944 0.10783247791782574 -0.098428068381590433 0.072897085982849927 -0.0086358217217974258 -0.00895782388650853 -0.06436815133512 -0.16416483838111162 0.25828838926390746 0.013954376576446218 0.070821556253802209 -0.070221468627763295 0.00013338327090340582 0.23485544013480344 0.062292478156791245 -0.042084275323937409
leaf_weight=466616 82601665 48 49 434 7770 38 1302 24 6088 3370 220 219 82 150 32 54 149 247 315 981 351 24 32 2567 42 24 44 24 94 661
leaf_count=466616 82601665 48 49 434 7770 38 1302 24 6088 3370 220 219 82 150 32 54 149 247 315 981 351 24 32 2567 42 24 44 24 94 661
internal_value=0 -0.00109608 -0.0854615 6.19048e-06 -0.00837991 -0.00589183 -0.030374 -0.13516 7.16411e-06 6.38182e-06 7.15374e-06 0.0205357 0.0154975 0.0127592 -0.0152961 -0.0208766 -0.0228516 0.0182709 0.027198 6.30778e-06 -0.0235592 0.00811638 0.0692596 0.00961502 -0.0484013 -0.201601 0.139076 0.0829765 6.68778e-06 -0.029089
internal_weight=0 466713 97 8.2627e+07 9592 9158 1388 86 8.26174e+07 8.26113e+07 8.26072e+07 3404 3085 3003 4167 3573 3519 594 562 8.26038e+07 1332 2783 319 2759 192 62 100 68 8.26024e+07 755
internal_count=83093716 466713 97 82627003 9592 9158 1388 86 82617411 82611323 82607156 3404 3085 3003 4167 3573 3519 594 562 82603752 1332 2783 319 2759 192 62 100 68 82602420 755
is_linear=0
shrinkage=0.1


Tree=40
num_leaves=31
num_cat=0
split_feature=14 3 9 1 20 3 14 15 3 14 14 16 0 14 3 8 6 0 15 2 3 14 18 3 14 20 2 3 20 1
split_gain=52.9388 69.1461 118.945 127.307 86.0114 76.5457 327.558 255.439 180.159 321.716 356.737 116.327 82.6118 70.7735 69.5503 69.1371 64.9091 148.964 100.13 64.5436 63.2881 60.1042 58.7436 80.061 58.2911 56.6182 93.5236 169.478 190.715 145.873
threshold=0.0040319836698472509 1.8839390277862551 1.0000000180025095e-35 0.070650786016459965 0.99999997019767772 2.5028109550476079 0.74447649717330944 0.0086138504557311552 2.9375464916229252 0.88970136642456066 0.85525208711624157 0.72313192486763012 274.52044677734381 0.99966749548912059 3.7290139198303227 0.28284921497106558 0.11898779869079591 378.99937438964849 0.38713116943836218 -0.0048443123848370987 2.9375464916229252 0.069974821060895934 0.21915384382009509 3.7290139198303227 0.83454889059066784 0.49189253151416784 -0.13604505617114263 3.343134999275208 0.99852940440177929 0.0074286826741851008
decision_type=2 2 2 2 2 2 2 2 2 2 2 2 2 2 2 2 2 2 2 2 2 2 2 2 2 2 2 2 2 2
left_child=25 -2 4 15 5 -3 11 8 9 10 24 16 -13 -10 -15 -4 22 18 19 -18 -9 -19 -7 -24 -8 -1 27 -27 -29 -28
right_child=1 2 3 -5 -6 6 7 20 13 -11 -12 12 -14 14 -16 -17 17 21 -20 -21 -22 -23 23 -25 -26 26 29 28 -30 -31
leaf_value=8.7257376715684287e-06 -0.00060774109411104358 -0.0059499641409565679 0.003237992439868745 -0.2067526196611339 0.17805733756721021 -0.002445817545438992 -0.030253405797160599 -0.17113870075096688 0.016540908985168225 -0.025330489388116724 -0.42611291812224822 0.052849396458774248 0.29137196660041814 -0.12372661426882535 0.047323744315089601 -0.13360464713297079 0.11693765561767788 -0.23693378907442095 -0.22667290017008784 -0.01957677393704339 -0.33911469741724432 -0.06142478780820966 0.055084221381028857 -0.14916553805108931 -0.22201778584605325 0.052574596441348653 -0.0023467639725855381 0.0017833297497280962 -0.18914895587866862 -0.026634108404699104
leaf_weight=82525557 430379 35012 17193 29 25 2945 51 75 278 176 55 53 20 85 33 37 43 50 20 178 32 32 28 61 23 838 77002 795 56 2555
leaf_count=82525557 430379 35012 17193 29 25 2945 51 75 278 176 55 53 20 85 33 37 43 50 20 178 32 32 28 61 23 838 77002 795 56 2555
internal_value=0 -0.00103965 -0.00432762 0.00259178 -0.00736829 -0.00748639 -0.0201795 -0.0774598 -0.0554927 -0.113258 -0.233221 -0.00668609 0.118198 -0.0110018 -0.0758905 0.00294413 -0.00940178 -0.0520188 -0.0124058 0.00698486 -0.221375 -0.168442 -0.00486476 -0.0849072 -0.0898558 6.12811e-06 -0.00263241 0.020653 -0.010781 -0.00312676
internal_weight=0 486913 56534 17259 39275 39250 4238 808 701 305 129 3430 73 396 118 17230 3357 323 241 221 107 82 3034 89 74 8.26068e+07 81246 1689 851 79557
internal_count=83093716 486913 56534 17259 39275 39250 4238 808 701 305 129 3430 73 396 118 17230 3357 323 241 221 107 82 3034 89 74 82606803 81246 1689 851 79557
is_linear=0
shrinkage=0.1


Tree=41
num_leaves=31
num_cat=0
split_feature=0 3 12 13 4 7 1 0 2 4 15 3 1 17 3 3 20 14 18 0 8 13 3 0 15 13 13 16 15 16
split_gain=50.5612 51.212 95.2914 116.626 89.919 85.7215 118.812 76.3646 73.8955 96.4883 95.8879 98.9668 97.8747 94.9801 107.884 99.0605 88.0157 80.2995 94.143 115.915 76.2496 89.2758 72.7521 68.1005 70.3764 72.7656 75.256 67.173 66.1081 63.8048
threshold=3.4479532241821294 0.62708550691604625 1.0000000180025095e-35 0.97636666893959057 0.98685157299041759 0.81283089518547069 9.525102986616698e-05 123.84985351562501 -6.2258415221162059e-05 0.68211069703102123 0.011507524177432062 2.0711144208908085 3.9453280730888612e-05 0.57706825435161602 3.7290139198303227 3.343134999275208 0.5209239423274995 0.71498215198516857 0.90562623739242565 136.53020477294925 0.07163399271667005 0.26789896190166479 0.49990250170230871 109.92773056030275 0.2904272079467774 0.58586266636848461 0.15468687564134601 0.89584308862686168 0.0013892139540985229 0.066122770309448256
decision_type=2 2 2 2 2 2 2 2 2 2 2 2 2 2 2 2 2 2 2 2 2 2 2 2 2 2 2 2 2 2
left_child=-1 2 4 23 5 -2 -7 -5 9 13 11 -11 -13 17 15 -15 29 18 20 -20 -3 -22 -6 -4 -25 26 -26 -18 -19 -10
right_child=1 8 3 7 22 6 -8 -9 16 10 -12 12 -14 14 -16 -17 27 28 19 -21 21 -23 -24 24 25 -27 -28 -29 -30 -31
leaf_value=-0.0012589352043722796 2.6323880787048587e-05 -0.0012041274783189627 0.010429187967526005 -0.029495335652910432 0.044335070091845667 -0.047184975344733274 0.096605416913590744 -0.24376922005262133 -0.00016649056868236787 -0.14616310987270104 -0.054651366781169997 -0.11972257431548138 -0.0055739361985235178 -0.10565788151607627 -0.29930695950984959 0.098820152314323381 -0.0052756242581919709 -0.0063827524842666869 -0.0073350370528974711 -0.2302206220943481 0.033269714080835275 0.25098938520997766 0.23223809139044196 -0.042346511704530389 -0.010598934395238757 -0.091475436197859916 0.19294591213648138 -0.16607586561630552 -0.027557138203735312 0.0086287231546367405
leaf_weight=317794 77367311 405022 532 29 87 654 63 39 4947293 53 586 77 3069 84 20 33 32064 7279 56 40 323 20 27 923 34 28 39 26 1849 8262
leaf_count=317794 77367311 405022 532 29 87 654 63 39 4947293 53 586 77 3069 84 20 33 32064 7279 56 40 323 20 27 923 34 28 39 26 1849 8262
internal_value=0 4.83402e-06 2.56258e-05 -0.0241974 2.61343e-05 2.60034e-05 -0.0345507 -0.152388 -0.000292727 -0.00156905 -0.017463 -0.0106507 -0.00836778 -0.00142399 -0.084674 -0.0479846 -0.000185631 -0.00139648 -0.00118766 -0.100204 -0.00116422 0.0459647 0.0888384 -0.0185953 -0.0336744 0.0455764 0.0981442 -0.00540591 -0.0106719 -0.000151827
internal_weight=0 8.27759e+07 7.73698e+07 1624 7.73681e+07 7.7368e+07 717 68 5.40616e+06 418511 3785 3199 3146 414726 137 117 4.98764e+06 414589 405461 96 405365 343 114 1556 1024 101 73 32090 9128 4.95556e+06
internal_count=83093716 82775922 77369766 1624 77368142 77368028 717 68 5406156 418511 3785 3199 3146 414726 137 117 4987645 414589 405461 96 405365 343 114 1556 1024 101 73 32090 9128 4955555
is_linear=0
shrinkage=0.1


Tree=42
num_leaves=31
num_cat=0
split_feature=7 1 1 14 0 15 2 2 16 3 1 4 2 7 3 1 15 13 0 2 2 15 2 1 3 2 3 1 16 0
split_gain=47.0749 60.675 83.5209 103.552 98.6846 104.564 155.599 111.672 96.2161 89.2856 69.5895 111.807 74.5181 60.8139 60.8735 60.1001 59.8177 59.0201 58.0759 56.803 61.9677 61.6095 62.5416 62.429 98.9969 103.274 91.6178 81.8326 93.7353 68.4644
threshold=0.012249965453520419 0.0023825874081039003 7.5648036044634752e-06 0.011502557899802925 245.86995697021487 0.03585259988904 0.0046883106293480513 0.011749388966535702 0.72313192486763012 3.7290139198303227 0.00045996814701465002 0.38595117628574377 0.030816266808323754 0.81283089518547069 3.7290139198303227 5.6944641303432595e-05 0.44925495982170111 0.67462763190269481 84.378223419189467 -0.0029105252387257494 0.0021293424363931506 0.0021066879853606228 -0.0011638511559259497 5.3312829028066709e-05 3.343134999275208 0.00049165616917980009 2.9375464916229252 3.5659155254469164e-05 0.80477145314216625 589.80792236328136
decision_type=2 2 2 2 2 2 2 2 2 2 2 2 2 2 2 2 2 2 2 2 2 2 2 2 2 2 2 2 2 2
left_child=-1 2 16 4 15 10 9 -8 13 -7 17 -12 -13 14 -5 -4 -2 19 -18 -6 21 23 -23 27 26 29 -25 -21 -29 -26
right_child=1 -3 3 8 5 6 7 -9 -10 -11 11 12 -14 -15 -16 -17 18 -19 -20 20 -22 22 -24 24 25 -27 -28 28 -30 -31
leaf_value=1.1911466928541278e-06 -0.0016418411133151509 0.032287389712782437 -0.033564343781218628 0.083981523170535061 0.021689789794753632 0.0541299994768841 0.33613864949771338 0.065734054194763303 0.2282685227394104 -0.04740552479571021 -0.025784112925727021 -0.17507902931732436 0.023710194941271436 -0.14426897469908001 -0.0063108142337296161 -0.0025711779970424985 -0.035445733095652292 -0.20145439661684492 0.083270393940620135 -0.067786166812514967 0.0063249369599996871 0.025176490460123338 -0.12105137641499804 -0.026135067348205393 -0.094096108093924297 -0.022200588455222582 0.13655893336981537 0.021038026257883757 0.24681703698906032 -0.2310128776800065
leaf_weight=83072899 12903 433 754 140 172 126 21 56 25 277 152 132 22 20 160 3676 56 21 156 84 252 35 178 257 280 213 40 112 22 42
leaf_count=83072899 12903 433 754 140 172 126 21 56 25 277 152 132 22 20 160 3676 56 21 156 84 252 35 178 257 280 213 40 112 22 42
internal_value=0 -0.00475479 -0.00554164 -0.0141397 -0.0168039 -0.032715 0.00922723 0.139481 0.0393305 -0.0156599 -0.0427112 -0.0866274 -0.146681 0.0245697 0.0358256 -0.00784631 -0.000776169 -0.0348433 0.0519114 -0.0327693 -0.0389521 -0.047986 -0.0970233 -0.0380384 -0.0505199 -0.0762209 -0.00422342 0.00959723 0.0581062 -0.111955
internal_weight=0 20817 20384 7269 6924 2494 480 77 345 403 2014 306 154 320 300 4430 13115 1708 212 1687 1515 1263 213 1050 832 535 297 218 134 322
internal_count=83093716 20817 20384 7269 6924 2494 480 77 345 403 2014 306 154 320 300 4430 13115 1708 212 1687 1515 1263 213 1050 832 535 297 218 134 322
is_linear=0
shrinkage=0.1


Tree=43
num_leaves=31
num_cat=0
split_feature=0 1 20 0 15 15 14 2 1 3 19 2 20 20 1 2 6 0 22 13 3 3 13 0 18 4 7 3 1 1
split_gain=45.4606 162.258 142.616 115.917 108.941 115.571 106.798 102.146 209.54 252.943 126.966 213.35 169.286 555.872 157.651 144.642 131.928 111.527 95.2128 104.943 105.36 163.894 142.064 94.7011 86.5341 134.381 82.6559 82.0593 82.0182 78.3823
threshold=217.15000915527347 0.070650786016459965 0.95304629206657421 326.56831359863287 0.52380889654159557 0.15604898333549502 0.1343670263886452 -0.058934122107042346 0.011766311318164552 -0.39716699719429011 0.61783882975578319 -0.049488690185407844 0.64979323744773876 0.83920091390609752 0.029216446485834453 -0.049488690185407844 1.0000000180025095e-35 386.55717468261724 1.0000000180025095e-35 0.099891610443592085 -0.18869099766016004 -1.0000000180025095e-35 0.59996792674064647 732.00109863281261 0.90562623739242565 0.80852606892585765 0.098755661398172392 0.34228551387786871 0.014622739945749553 6.0782147360469059e-06
decision_type=2 2 2 2 2 2 2 2 2 2 2 2 2 2 2 2 2 2 2 2 2 2 2 2 2 2 2 2 2 2
left_child=-1 7 4 -4 5 6 23 28 18 -10 11 12 14 -14 -11 -12 -13 -16 26 -20 -21 22 -22 24 25 27 -9 -3 -2 -28
right_child=1 2 3 -5 -6 -7 -8 8 9 10 15 16 13 -15 17 -17 -18 -19 19 20 21 -23 -24 -25 -26 -27 29 -29 -30 -31
leaf_value=-7.1213607624901414e-05 0.0061891831904534959 -0.18670434517165024 0.0027892174485784314 -0.21075505503542621 -0.21001249844829242 0.063401714057563258 0.071208146932450214 7.9087673937507238e-05 -0.38067302033305173 0.011770298175203303 0.33652016639709476 -0.015181091072795944 -0.53492275045386384 -0.025130544467405841 -0.091105306317860443 0.01832348476536572 -0.17309374235294483 -0.37120409458875658 0.050785710475962823 -0.19858543590225022 0.278993411979505 -0.033309228992336154 -0.050004127657129652 0.049388250714484536 -0.11035383469071883 0.075969985503304222 -0.0018908414211063586 -0.033911299619364489 0.030871240394448659 -0.023510500661079639
leaf_weight=43121987 7034 36 39 73 30 161 110 39949676 20 120 20 2611 35 55 44 50 54 21 743 29 35 255 21 139 145 112 4042 1488 1665 2866
leaf_count=43121987 7034 36 39 73 30 161 110 39949676 20 120 20 2611 35 55 44 50 54 21 743 29 35 255 21 139 145 112 4042 1488 1665 2866
internal_value=0 7.68253e-05 -0.0262946 -0.136396 -0.0207424 -0.0181508 -0.0246188 7.83646e-05 7.6006e-05 -0.0262204 -0.0238652 -0.0270343 -0.110894 -0.223383 -0.0561702 0.109237 -0.0183808 -0.181599 7.8e-05 0.0297282 -0.0162887 0.000710062 0.155619 -0.0301089 -0.0363133 -0.0297511 7.71964e-05 -0.0375206 0.0109134 -0.0108604
internal_weight=0 3.99717e+07 2333 112 2221 2191 2030 3.99694e+07 3.99607e+07 3030 3010 2940 275 90 185 70 2665 65 3.99577e+07 1083 340 311 56 1920 1781 1636 3.99566e+07 1524 8699 6908
internal_count=83093716 39971729 2333 112 2221 2191 2030 39969396 39960697 3030 3010 2940 275 90 185 70 2665 65 39957667 1083 340 311 56 1920 1781 1636 39956584 1524 8699 6908
is_linear=0
shrinkage=0.1


Tree=44
num_leaves=31
num_cat=0
split_feature=0 14 3 9 14 3 15 14 20 15 3 15 14 15 3 2 0 3 3 0 2 15 2 2 17 10 3 0 2 15
split_gain=42.3772 44.3166 125.714 150.214 285.929 239.942 226.147 139.81 103.508 87.3977 62.0895 82.5402 75.9995 73.2662 134.549 122.97 116.814 139.241 60.7264 95.2168 56.8234 51.9326 73.6452 50.8107 48.3455 143.975 89.6499 70.853 142.536 68.1057
threshold=5.3191337585449228 0.80809500813484203 2.5028109550476079 1.0000000180025095e-35 0.88117954134941112 2.9375464916229252 0.0086138504557311552 0.87357741594314586 0.99852940440177929 0.00044526625424623495 1.8839390277862551 0.02984606567770243 0.94182702898979198 0.0072976776864379653 2.0711144208908085 0.00011052979696065002 279.79098510742193 1.9652274847030642 3.7290139198303227 431.02168273925787 -0.015083690928206349 0.27119298279285436 -0.029150001330241947 -0.03362212212173319 1.0000000180025095e-35 0.12400152161717416 3.343134999275208 305.07629394531256 -0.00063106660227654993 0.0050791089888662109
decision_type=2 2 2 2 2 2 2 2 2 2 2 2 2 2 2 2 2 2 2 2 2 2 2 2 2 2 2 2 2 2
left_child=-1 24 9 4 5 7 8 -4 18 -3 -11 12 13 -12 15 16 -15 -18 19 -6 -5 23 -23 -13 -2 26 -26 -28 -29 -30
right_child=1 2 3 20 6 -7 -8 -9 -10 10 11 21 -14 14 -16 -17 17 -19 -20 -21 -22 22 -24 -25 25 -27 27 28 29 -31
leaf_value=-0.00081457731259812483 9.1947594767372376e-06 -0.00056392619474408346 -0.1988247550261969 -0.15436454920665077 -0.013900951982196735 -0.018330804910510781 -0.25000878444739749 -0.45895733364202362 0.18595331884347477 -0.0069588105469988552 -0.034016417622743121 0.13725269094907813 -0.0069464460930482742 -0.055622964788760457 -0.013790278992603853 0.049368328849474591 -0.14263532058284101 -0.38627258904126227 0.050312284707571521 -0.1466893071901392 0.0053454540803902408 -0.21751748310483021 -0.030651089009337541 -0.00041326004186189084 -0.0027819607145532117 -0.24358958612989495 -0.020357802702024721 0.092575914040207874 -0.10149291310449469 -0.25594818915535761
leaf_weight=633787 82360652 83773 88 23 297 64 42 27 26 10027 179 28 202 35 79 21 45 49 99 66 709 23 254 631 2045 27 253 30 94 41
leaf_count=633787 82360652 83773 88 23 297 64 42 27 26 10027 179 28 202 35 79 21 45 49 99 66 709 23 254 631 2045 27 253 30 94 41
internal_value=0 6.26043e-06 -0.00213229 -0.0314482 -0.0642544 -0.173528 -0.0273486 -0.259899 -0.00818519 -0.00168923 -0.00983492 -0.0284887 -0.0571108 -0.081947 -0.119412 -0.17504 -0.211572 -0.269638 -0.0191107 -0.0380443 0.000327244 -0.00983544 -0.0461671 0.00543598 8.7735e-06 -0.0139251 -0.0114075 -0.0536064 -0.104587 -0.148402
internal_weight=0 8.24599e+07 96787 1441 709 179 530 115 488 95346 11573 1546 610 408 229 150 129 94 462 363 732 936 277 659 8.23631e+07 2490 2463 418 165 135
internal_count=83093716 82459929 96787 1441 709 179 530 115 488 95346 11573 1546 610 408 229 150 129 94 462 363 732 936 277 659 82363142 2490 2463 418 165 135
is_linear=0
shrinkage=0.1


Tree=45
num_leaves=31
num_cat=0
split_feature=3 12 13 4 7 1 0 19 20 1 2 0 9 0 20 3 9 0 9 14 3 9 3 0 2 1 15 1 2 0
split_gain=38.2516 75.1839 90.1228 63.9608 69.6391 106.077 66.833 61.3483 60.9801 90.6277 150.096 77.0791 114.666 69.2593 116.429 60.9945 98.2707 60.9029 60.5664 58.3139 140.606 176.315 192.242 115.199 111.922 229.935 91.6054 83.7878 57.154 55.8994
threshold=0.62708550691604625 1.0000000180025095e-35 0.9468207359313966 0.98685157299041759 0.91760551929473888 5.9154542463192372e-06 142.20569610595706 0.26619982719421392 0.82058468461036693 0.070650786016459965 -0.13604505617114263 43.658098220825202 0.10814816877245904 323.27096557617193 0.94167014956474315 3.7290139198303227 0.89686185121536266 123.84985351562501 0.84645357728004467 0.71498215198516857 2.5028109550476079 1.0000000180025095e-35 3.7290139198303227 175.89697265625003 -0.058934122107042346 0.0011448066418240502 0.00044526625424623495 6.3589836407593299e-06 -0.020986724422763097 109.92773056030275
decision_type=2 2 2 2 2 2 2 2 2 2 2 2 2 2 2 2 2 2 2 2 2 2 2 2 2 2 2 2 2 2
left_child=1 3 29 4 7 -6 -5 -1 19 10 11 12 -10 -11 18 -16 -17 -4 -15 -2 26 22 23 -22 -25 27 -21 -26 -23 -3
right_child=8 2 17 6 5 -7 -8 -9 9 13 -12 -13 -14 14 15 16 -18 -19 -20 20 21 28 -24 24 25 -27 -28 -29 -30 -31
leaf_value=1.8564797968902984e-05 -0.00019359936642992273 0.010334598668971767 -0.024023115743572514 0.0068405457624149601 -0.064151758044849794 0.082456005994102063 0.15842789874340479 -0.080767735397998017 0.32445704609155657 -0.022717356269671595 -0.0050949974118509609 0.041605543678702395 0.0074885482234614241 -0.064467725479135332 -0.026664901189506054 -0.41106734663248068 -0.14555174169009147 -0.19608578033124408 0.14085870310664178 -0.00088812773117438618 -0.025203308507240053 -0.14923074724725807 0.029983588402427621 0.024825910129584374 -0.1479770385110751 -0.41308869192642828 -0.010874694157977281 -0.044215958684979552 0.0009834771999821842 -0.029740119525286532
leaf_weight=77675107 5312228 530 36 66 331 58 52 94 25 389 25815 331 21 51 20 20 46 48 20 64918 185 26 165 48 250 28 10699 113 982 1014
leaf_count=77675107 5312228 530 36 66 331 58 52 94 25 389 25815 331 21 51 20 20 46 48 20 64918 185 26 165 48 250 28 10699 113 982 1014
internal_value=0 1.79166e-05 -0.0214718 1.8367e-05 1.82551e-05 -0.0422925 0.0736418 1.8467e-05 -0.000256941 -0.00502076 -0.00418018 0.0584619 0.179754 -0.0453439 -0.101406 -0.179651 -0.226011 -0.122345 -0.00662929 -0.000233307 -0.00295811 -0.0306038 -0.0660086 -0.0913912 -0.119284 -0.136975 -0.00230112 -0.115677 -0.0028911 -0.0159839
internal_weight=0 7.76773e+07 1628 7.76757e+07 7.76756e+07 389 118 7.76752e+07 5.41638e+06 26738 26192 377 46 546 157 86 66 84 71 5.38964e+06 77414 1797 789 624 439 391 75617 363 1008 1544
internal_count=83093716 77677336 1628 77675708 77675590 389 118 77675201 5416380 26738 26192 377 46 546 157 86 66 84 71 5389642 77414 1797 789 624 439 391 75617 363 1008 1544
is_linear=0
shrinkage=0.1


Tree=46
num_leaves=31
num_cat=0
split_feature=0 1 20 15 15 14 2 1 2 3 2 4 20 3 15 20 2 0 0 22 13 3 3 13 3 3 3 1 0 3
split_gain=36.4187 119.478 97.1698 88.6068 123.748 80.9978 77.8262 183.742 244.51 239.523 206.415 289.861 137.712 121.847 314.644 185.544 121.095 102.282 73.5246 73.1117 90.6091 83.4315 128.383 105.639 81.9817 101.315 72.4065 71.8157 69.953 68.0405
threshold=226.29190826416018 0.070650786016459965 0.95304629206657421 0.52380889654159557 0.15604898333549502 0.15910667926073077 -0.058934122107042346 0.029216446485834453 -0.025553262607634599 3.7290139198303227 -0.04365553592328409 0.072617162019014372 0.82954031229019176 1.6206545233726504 0.022999620065093044 0.66379645466804515 -0.038089963686641991 478.66354370117193 732.00109863281261 1.0000000180025095e-35 0.099891610443592085 -0.18869099766016004 -1.0000000180025095e-35 0.59996792674064647 -0.087232500314712511 -0.2216365039348602 0.21064099669456485 1.8125423324538831e-06 326.56831359863287 0.34228551387786871
decision_type=2 2 2 2 2 2 2 2 2 2 2 2 2 2 2 2 2 2 2 2 2 2 2 2 2 2 2 2 2 2
left_child=-1 6 3 4 5 18 -2 19 9 12 -11 -12 13 14 -9 16 17 -15 29 -8 24 -22 23 -23 25 -21 -10 -24 -4 -3
right_child=1 2 28 -5 -6 -7 7 8 26 10 11 -13 -14 15 -16 -17 -18 -19 -20 20 21 22 27 -25 -26 -27 -28 -29 -30 -31
leaf_value=-6.1806212892885244e-05 0.0097110638999339787 -0.17107725624527251 0.0024736555621904487 -0.18899775709956887 0.070993310049188477 0.066403379427153894 7.0441377479322687e-05 0.034802330570029363 -0.091777104277298349 0.23864921480417253 0.12821797801030649 -0.28278374290093783 -0.0044075168691051657 -0.1910948115840273 -0.37258693197598824 -0.45152216516435151 -0.089161519778763354 -0.45187100840821154 0.041555881175909429 0.0099802585739281885 -0.17872966782286251 0.25002636489543051 -0.0028857963449210704 -0.041232370976358651 0.035216203489291054 0.24831836918989816 0.034138620164547294 -0.13334740134025064 -0.17118407032669408 -0.030203553236528131
leaf_weight=44396918 8375 35 34 30 152 97 38684344 70 54 34 37 32 64 53 26 28 83 21 143 31 29 33 193 20 636 42 296 54 73 1679
leaf_count=44396918 8375 35 34 30 152 97 38684344 70 54 34 37 32 64 53 26 28 83 21 143 31 29 33 193 20 636 42 296 54 73 1679
internal_value=0 7.09125e-05 -0.0230081 -0.0183496 -0.0159187 -0.0226796 7.22503e-05 7.01637e-05 -0.047914 -0.0968403 0.0369812 -0.0623915 -0.136793 -0.166945 -0.0755323 -0.21438 -0.172087 -0.265099 -0.0273328 7.11535e-05 0.0266104 -0.0167619 -0.00110499 0.140117 0.0467366 0.147106 0.0147116 -0.0314078 -0.116003 -0.0330802
internal_weight=0 3.86968e+07 2243 2136 2106 1954 3.86946e+07 3.86862e+07 798 448 103 69 345 281 96 185 157 74 1857 3.86854e+07 1038 329 300 53 709 73 350 247 107 1714
internal_count=83093716 38696798 2243 2136 2106 1954 38694555 38686180 798 448 103 69 345 281 96 185 157 74 1857 38685382 1038 329 300 53 709 73 350 247 107 1714
is_linear=0
shrinkage=0.1


Tree=47
num_leaves=31
num_cat=0
split_feature=0 3 4 8 0 15 7 2 7 2 6 9 13 15 16 0 2 14 18 16 0 4 15 19 19 15 20 20 13 0
split_gain=34.4616 35.4498 47.7541 67.9992 57.4749 66.483 177.556 66.0143 65.7113 63.1234 61.1471 56.4483 56.3934 56.3165 89.7515 102.376 79.3814 88.2637 71.6601 60.1273 65.9601 83.469 128.993 125.434 140.581 123.237 110.197 132.611 99.7979 103.472
threshold=3.4479532241821294 4.1433904170989999 0.82193505764007579 0.46194367110729223 689.37832641601574 0.02984606567770243 0.91760551929473888 0.0029063942852581002 0.81283089518547069 0.0021293424363931506 0.898319572210312 0.99999997019767772 0.014511157758533956 0.27594251930713659 0.40589234232902532 320.24674987792974 -0.081241258522397927 0.089962683618068709 0.37069971859455114 0.066122770309448256 118.47588348388673 1.0000000180025095e-35 0.046776629984378822 0.7019123136997224 0.61783882975578319 0.20530420541763308 0.18512071669101718 0.32240396738052374 0.049724135547876365 149.61078643798831
decision_type=2 2 2 2 2 2 2 2 2 2 2 2 2 2 2 2 2 2 2 2 2 2 2 2 2 2 2 2 2 2
left_child=-1 -2 3 13 5 7 -7 9 -9 11 -6 -4 -5 19 16 -16 18 -18 -15 20 -3 -22 26 24 28 -25 -23 -28 29 -24
right_child=1 2 4 12 10 6 -8 8 -10 -11 -12 -13 -14 14 15 -17 17 -19 -20 -21 21 22 23 25 -26 -27 27 -29 -30 -31
leaf_value=-0.0010393522393031655 6.4339222144552656e-06 0.0020648087138712737 -0.01246405605027079 0.041949362291309696 -0.041852129188426318 0.062978281567212399 -0.11639186081601614 -0.0090065926425158989 -0.16882097483085434 0.10375779216604618 -0.20791926704071187 0.10130192490971901 0.22232293441891671 -0.10506901282969179 -0.1650817401876504 0.055367257561663101 -0.0050656333875066769 -0.13179199390246399 0.06452327320973078 0.008855041217013547 -0.002047252429766438 -0.016631380378975619 -0.03785960011659785 -0.032545416561826586 0.22268253301872926 -0.28263807255029677 -0.29126752774263254 -0.058397174018244138 -0.014929083310706923 0.05661505277256447
leaf_weight=317794 82660664 33536 4972 130 124 313 67 50 53 48 27 44 20 147 77 29 2960 56 30 5876 58497 6498 141 93 34 25 29 156 574 652
leaf_count=317794 82660664 33536 4972 130 124 313 67 50 53 48 27 44 20 147 77 29 2960 56 30 5876 58497 6498 141 93 34 25 29 156 574 652
internal_value=0 3.99026e-06 -0.00174855 -0.00128435 -0.0106741 -0.00901704 0.0313525 -0.011986 -0.0912412 -0.0103739 -0.0715463 -0.0114661 0.0659992 -0.0013766 -0.0142436 -0.10477 -0.0112384 -0.00741864 -0.0763246 -0.000976561 -0.00155291 -0.00337189 -0.0128192 0.0134852 0.0218249 -0.0855311 -0.0187981 -0.0949012 0.0168292 0.0398169
internal_weight=0 8.27759e+07 115258 109560 5698 5547 380 5167 103 5064 151 5016 150 109410 3299 106 3193 3016 177 106111 100235 66699 8202 1519 1401 118 6683 185 1367 793
internal_count=83093716 82775922 115258 109560 5698 5547 380 5167 103 5064 151 5016 150 109410 3299 106 3193 3016 177 106111 100235 66699 8202 1519 1401 118 6683 185 1367 793
is_linear=0
shrinkage=0.1


Tree=48
num_leaves=31
num_cat=0
split_feature=14 16 1 6 0 7 15 2 2 6 4 8 3 15 14 0 14 21 1 0 14 14 15 3 3 14 0 8 8 3
split_gain=32.1719 52.4329 103.363 74.6819 126.246 56.8456 54.9511 65.5417 76.6799 64.529 52.9756 51.9038 198.53 178.145 134.029 177.089 186.519 95.0625 109.962 96.1557 106.749 197.691 101.189 93.5961 78.5164 145.695 91.8223 73.3758 66.4875 99.1767
threshold=0.0025480916956439619 0.64080783724784862 0.00019040885066585003 0.11898779869079591 597.89410400390636 0.81283089518547069 0.39641489088535314 -0.0048443123848370987 -1.0000000180025095e-35 0.47434714436531072 0.62018048763275158 0.5664392113685609 0.52048450708389293 0.35797367990016943 0.063909113407135024 149.61078643798831 0.90142375230789196 1.0000000180025095e-35 5.4480269741181924e-06 188.64375305175784 0.99078932404518139 0.83454889059066784 0.073371760547161116 1.0630374550819399 1.0000000180025095e-35 0.9534423053264619 235.93595123291018 0.96035403013229381 0.96035403013229381 -0.024914499372243878
decision_type=2 2 2 2 2 2 2 2 2 2 2 2 2 2 2 2 2 2 2 2 2 2 2 2 2 2 2 2 2 2
left_child=-1 3 -3 5 6 10 7 -5 -9 -10 11 -2 13 17 -14 27 23 19 -19 28 21 -21 24 -17 26 -26 -23 -16 -13 -30
right_child=1 2 -4 4 -6 -7 -8 8 9 -11 -12 12 14 -15 15 16 -18 18 -20 20 -22 22 -24 -25 25 -27 -28 -29 29 -31
leaf_value=4.8304960729371275e-06 -0.0007365821198925276 -0.0040185906743602966 0.14136860381279673 0.074948330057143672 -0.24991748295724392 -0.086151746572114718 -0.17829875473095025 -0.12310202005677498 -0.050183723470509312 0.074265692953133219 0.060729434829471365 -0.052260507396792978 0.11500812707387882 -0.21573227980198006 0.00732348937445375 -0.45718008875846866 -0.024282601504371719 0.31110175895903791 -0.0022349940612912179 -0.0075858618503824712 -0.1067258466163586 -0.10479969093576075 0.29420840431142742 -0.2006633048653603 0.070225959224626419 0.40078820645809171 0.092423409291853512 -0.19302839592099191 0.22115879658270968 -0.0092288336506293669
leaf_weight=82595951 495445 134 77 61 28 78 23 78 113 66 140 446 23 39 68 33 26 21 24 379 58 32 27 25 40 20 90 25 22 124
leaf_count=82595951 495445 134 77 61 28 78 23 78 113 66 140 446 23 39 68 33 26 21 24 379 58 32 27 25 40 20 90 25 22 124
internal_value=0 -0.000801534 0.0490374 -0.000822669 -0.0457938 -0.000789292 -0.0290329 -0.0182369 -0.0403548 -0.00429735 -0.000775898 -0.000793225 -0.0192317 -0.00518406 -0.112087 -0.141597 -0.246844 0.00121608 0.143989 -0.00397356 0.0227056 0.0354726 0.113555 -0.346613 0.0867545 0.180413 0.0406928 -0.0465345 -0.0330863 0.0254871
internal_weight=0 497765 211 497554 369 497185 341 318 257 179 497107 496967 1522 1322 200 177 84 1283 45 1238 646 588 209 58 182 60 122 93 592 146
internal_count=83093716 497765 211 497554 369 497185 341 318 257 179 497107 496967 1522 1322 200 177 84 1283 45 1238 646 588 209 58 182 60 122 93 592 146
is_linear=0
shrinkage=0.1


Tree=49
num_leaves=31
num_cat=0
split_feature=17 10 3 0 9 3 15 2 0 2 2 2 1 1 3 13 14 14 22 21 9 8 3 3 3 14 0 13 3 0
split_gain=31.679 118.193 96.3208 69.9176 54.7358 101.032 116.063 90.403 44.7668 36.0928 81.3638 55.0323 151.282 62.8402 36.5856 43.414 33.7609 33.3251 31.0659 76.4576 77.5029 82.3971 130.398 93.9389 89.5647 82.8128 79.2564 72.6949 70.0364 59.3332
threshold=1.0000000180025095e-35 0.12400152161717416 1.1838999986648562 188.64375305175784 0.27517622709274298 3.7290139198303227 0.0045905278529971847 -1.0000000180025095e-35 405.92428588867193 -0.0036778270199638494 -0.0040520794056662984 0.00031802762916345004 0.00012079292371305001 4.0531073169965098e-05 1.7505649924278261 0.0075964953284710654 0.64189010858535778 0.92320555448532116 1.0000000180025095e-35 1.0000000180025095e-35 0.53051573038101207 0.74613162875175487 0.21933950483798983 0.13415650278329852 0.01087299967184663 0.87357741594314586 41.176034927368171 0.84625220298767101 -0.29586949944496149 120.25701904296876
decision_type=2 2 2 2 2 2 2 2 2 2 2 2 2 2 2 2 2 2 2 2 2 2 2 2 2 2 2 2 2 2
left_child=18 2 17 16 5 9 7 -7 -9 10 -5 12 14 -13 -11 -16 -4 -2 -1 20 21 26 23 24 -23 27 -20 -24 -28 -25
right_child=1 -3 3 4 -6 6 -8 8 -10 11 -12 13 -14 -15 15 -17 -18 -19 19 -21 -22 22 25 29 -26 -27 28 -29 -30 -31
leaf_value=5.7939763942503259e-09 0.020794424372210275 -0.21923260600478561 0.0021164230025781947 -0.03135062329653094 0.011388059866925081 -0.26165645271539689 -0.33680487697323169 0.06716162254412969 -0.1259850994637236 -0.11251473978516602 -0.20517429497379525 -0.22963928555448854 0.2245817406819417 -0.050284401083453778 -0.0044839607903833728 -0.13177771798880963 -0.1260580056479999 0.12145132147840093 -0.027562933843582871 -0.11666995201705266 -0.1778559938427948 -0.065762617516406635 -0.076353735194124028 -0.074159606248140331 0.065836838298211145 0.26772544204257426 -0.10203020586751593 0.16470715366303923 0.033447431458293424 -0.29428560019781197
leaf_weight=83088618 546 27 959 87 180 20 24 30 20 42 39 24 26 105 352 29 21 35 270 46 21 198 29 25 70 20 39 22 1768 24
leaf_count=83088618 546 27 959 87 180 20 24 30 20 42 39 24 26 105 352 29 21 35 270 46 21 198 29 25 70 20 39 22 1768 24
internal_value=0 -0.0111109 -0.00889774 -0.0195076 -0.0384237 -0.0496594 -0.147035 -0.0819712 -0.0100971 -0.0366575 -0.0851532 -0.0260858 -0.00954655 -0.0836528 -0.0239374 -0.014173 -0.000630172 0.0268581 3.43334e-07 0.0110769 0.0134407 0.0150704 -0.0272306 -0.0546664 -0.0313896 0.0952649 0.0229725 0.0276333 0.0305235 -0.181976
internal_weight=0 2566 2539 1958 978 798 94 70 50 704 126 578 449 129 423 381 980 581 8.30912e+07 2532 2486 2465 388 317 268 71 2077 51 1807 49
internal_count=83093716 2566 2539 1958 978 798 94 70 50 704 126 578 449 129 423 381 980 581 83091150 2532 2486 2465 388 317 268 71 2077 51 1807 49
is_linear=0
shrinkage=0.1


Tree=50
num_leaves=31
num_cat=0
split_feature=2 16 7 0 1 18 3 3 4 4 1 15 6 6 2 2 4 2 16 0 1 1 0 0 9 8 1 20 19 4
split_gain=30.9739 50.6114 59.4019 50.9246 93.2396 82.299 82.5921 195.373 104.579 196.49 73.1806 62.226 54.6629 91.7585 81.6028 98.8404 87.3968 95.5488 70.2995 63.966 59.9446 55.8 68.7164 52.677 50.2978 68.3786 76.6845 211.504 106.189 139.321
threshold=-0.0021377268432001997 0.99031487107276928 0.98685157299041759 96.896739959716811 0.014622739945749553 0.90562623739242565 4.1433904170989999 3.7290139198303227 0.98685157299041759 0.9252023994922639 0.014622739945749553 0.02984606567770243 0.98334485292434703 0.5839887559413911 -0.0042801972292652495 -0.0030966176450189999 0.75704458355903637 -0.025553262607634599 1.0000000180025095e-35 410.09907531738287 0.00093380336056365009 0.0012065066200233003 353.12794494628912 186.61260223388675 0.75074702501297008 0.07163399271667005 0.070650786016459965 0.99999997019767772 0.61783882975578319 0.68211069703102123
decision_type=2 2 2 2 2 2 2 2 2 2 2 2 2 2 2 2 2 2 2 2 2 2 2 2 2 2 2 2 2 2
left_child=1 2 3 4 -1 12 7 10 9 11 -7 -8 13 24 16 18 -15 -18 23 -17 -14 22 -19 -16 25 26 28 -28 -5 -30
right_child=-2 -3 -4 5 -6 6 8 -9 -10 -11 -12 -13 20 14 15 19 17 21 -20 -21 -22 -23 -24 -25 -26 -27 27 -29 29 -31
leaf_value=0.00040427598080327253 4.5889065343435104e-06 -0.079368301959518106 0.096297255992179823 -0.0009608125174500944 0.015726058406282578 0.05627965110077246 -0.10402081214636566 -0.36193508499373617 -0.15166827794924684 0.13357846867982989 -0.14129720677891255 0.046305043858132867 0.091394039002600416 -0.027581532509982822 0.021005685457161496 -0.0096460470473583859 0.065435623129208892 -0.053716907666197848 -0.032946195619297215 -0.15594355204944002 -0.076603741642947379 -0.25603476307682088 -0.21551207602024081 0.17793950236317788 -0.0058517447664405879 0.044340126308141256 -0.014032628986586216 -0.29007836557658656 0.13892682579606772 -0.0097872224995705082
leaf_weight=122358 82627003 82 63 311982 4105 37 100 26 49 81 38 38 116 254 35 98 24 70 48 43 26 37 42 55 23110 332 3184 28 125 127
leaf_count=122358 82627003 82 63 311982 4105 37 100 26 49 81 38 38 116 254 35 98 24 70 48 43 26 37 42 55 23110 332 3184 28 125 127
internal_value=0 -0.000812363 -0.000798558 -0.000811669 0.000901622 -0.00144873 -0.0486494 -0.125715 -0.0196059 0.00994231 -0.043826 -0.0626267 -0.00139746 -0.0014234 -0.0374372 0.00462211 -0.0649186 -0.119737 0.0647859 -0.0542616 0.0606339 -0.149564 -0.11439 0.11691 -0.00134838 -0.0010188 -0.00106654 -0.016439 -0.0009084 0.0639797
internal_weight=0 466713 466631 466568 126463 340105 369 101 268 219 75 138 339736 339594 706 279 427 173 138 141 142 149 112 90 338888 315778 315446 3212 312234 252
internal_count=83093716 466713 466631 466568 126463 340105 369 101 268 219 75 138 339736 339594 706 279 427 173 138 141 142 149 112 90 338888 315778 315446 3212 312234 252
is_linear=0
shrinkage=0.1


Tree=51
num_leaves=31
num_cat=0
split_feature=0 7 22 2 1 18 6 2 1 2 16 2 1 4 16 12 8 2 1 2 1 13 15 2 6 2 0 1 20 2
split_gain=29.9118 78.0735 74.5121 64.3749 62.2482 76.884 68.68 77.3095 69.8305 63.8816 62.5736 62.0844 156.477 61.5591 58.8728 49.7449 106.278 47.6072 48.4118 47.0522 52.8911 50.0259 55.1117 50.0747 46.6911 44.8546 47.7709 42.6117 92.8467 92.3945
threshold=299.24307250976568 0.58556854724884044 0.96153518557548534 -0.008747229335895149 0.00011787766154520002 0.90562623739242565 1.0000000180025095e-35 -0.0070573750350403494 0.011766311318164552 -0.03362212212173319 0.13225658982992175 0.030816266808323754 0.00050419136834635003 0.072617162019014372 1.0000000180025095e-35 0.15723580867052081 0.96035403013229381 0.0010424653151573002 0.00081001108078785006 0.040350569592079603 0.00050419136834635003 0.0056165677960962066 0.039701066911220557 -0.0016235478401956998 0.98334485292434703 0.0022290392630554003 827.14154052734386 0.070650786016459965 0.95064401626586925 -0.058934122107042346
decision_type=2 2 2 2 2 2 2 2 2 2 2 2 2 2 2 2 2 2 2 2 2 2 2 2 2 2 2 2 2 2
left_child=-1 2 4 14 5 10 27 8 -8 -10 15 12 25 -9 -3 -2 -17 18 -14 20 21 23 -23 -15 -12 26 -5 29 -29 -6
right_child=1 3 -4 11 6 -7 7 13 9 -11 24 -13 17 19 -16 16 -18 -19 -20 -21 -22 22 -24 -25 -26 -27 -28 28 -30 -31
leaf_value=-4.4604255006509027e-05 9.4510305804539475e-05 0.16899883338383268 0.057886436150039682 -0.022357933041185298 0.010900145093475755 0.075283306157764268 0.017378304865991137 -0.0094222855217980621 0.027430201135575774 -0.18319322400622898 0.025296595714234128 0.13150411398598441 -0.14929995547080863 0.0034963037441955525 -0.034350898272047445 -0.021915840473861546 -0.23104671617900885 -0.20063449498265984 0.052936639152467248 0.039642834028712028 -0.18927661577382915 -0.23119067185713599 -0.059609691082285005 -0.12594120187891855 -0.047902807363018551 0.050490584566105848 0.03405499684144251 -0.011796315307477824 -0.11691702230090506 -0.0015548665056263834
leaf_weight=53515861 29312125 35 223 2219 6100 136 369 165 24 36 1383 27 29 89 24 243 27 58 20 27 52 36 39 45 93 98 161 1502 89 252381
leaf_count=53515861 29312125 35 223 2219 6100 136 369 165 24 36 1383 27 29 89 24 243 27 58 20 27 52 36 39 45 93 98 161 1502 89 252381
internal_value=0 8.07042e-05 8.22482e-05 -0.0170153 8.18123e-05 9.55005e-05 -0.00145584 -0.0293136 0.00110947 -0.0989439 9.51517e-05 -0.0193486 -0.0209242 -0.0581248 0.0862803 9.41149e-05 -0.0428289 -0.139325 -0.0667544 -0.0860273 -0.0990276 -0.0765733 -0.141969 -0.0399715 0.0206844 -0.0158117 -0.0185418 -0.00136136 -0.0176767 -0.00126094
internal_weight=0 2.95779e+07 2.95752e+07 2671 2.9575e+07 2.9314e+07 260954 882 429 60 2.93139e+07 2612 2585 453 59 2.93124e+07 270 107 49 288 261 209 75 134 1476 2478 2380 260072 1591 258481
internal_count=83093716 29577855 29575184 2671 29574961 29314007 260954 882 429 60 29313871 2612 2585 453 59 29312395 270 107 49 288 261 209 75 134 1476 2478 2380 260072 1591 258481
is_linear=0
shrinkage=0.1


Tree=52
num_leaves=31
num_cat=0
split_feature=0 4 5 3 3 3 13 15 14 13 3 0 0 0 14 1 8 3 3 3 14 9 3 3 14 4 3 3 3 16
split_gain=28.887 39.9216 31.2208 118.098 224.607 120.216 99.4679 103.75 78.6431 128.566 100.708 72.1223 54.255 40.7944 33.7718 30.3859 112.46 132.534 162.869 114.242 100.575 101.582 133.732 112.305 88.4786 63.0476 82.172 104.395 91.8611 84.5386
threshold=5.3191337585449228 0.072617162019014372 1.0000000180025095e-35 0.16051850467920306 0.23601249605417254 -0.0028364999452605839 0.39574067294597631 0.0063769305124878892 0.089962683618068709 0.21962033212184909 2.0711144208908085 20.479997634887699 367.91757202148443 245.86995697021487 0.34206724166870123 1.2666905803989707e-06 0.5664392113685609 -0.0028364999452605839 3.7290139198303227 -0.35352151095867151 0.83454889059066784 0.75438639521598827 0.15033400058746341 0.13099399954080584 0.68857181072235119 0.9252023994922639 4.1433904170989999 0.49990250170230871 1.6206545233726504 0.99031487107276928
decision_type=2 2 2 2 2 2 2 2 2 2 2 2 2 2 2 2 2 2 2 2 2 2 2 2 2 2 2 2 2 2
left_child=1 -1 15 5 -5 6 7 14 9 -6 -11 -7 -13 -10 -4 25 -17 19 20 -18 21 22 23 -19 -21 -2 27 29 -29 -27
right_child=2 -3 3 4 8 11 -8 -9 13 10 -12 12 -14 -15 -16 16 17 18 -20 24 -22 -23 -24 -25 -26 26 -28 28 -30 -31
leaf_value=-0.00068957813992457783 3.2432866463788837e-05 0.036294335540868854 0.13969519570469857 0.31434095728176614 0.25300515514832961 0.082109805168423422 -0.086694558980790051 0.26538270170298905 -0.023596674558331275 0.12231301962639447 -0.15081439073438999 -0.069705695224780595 -0.20013848202569143 -0.18332974138985655 -0.014971203615035242 -0.00013082719772762355 -0.042035562142311481 -0.10317385461295776 0.061805739545518851 0.054319024859513676 0.021959709472678328 -0.26869738181786879 -0.039027971120373608 -0.29122657554271897 0.25872438942082226 -0.082409944997092935 -0.031770076295410503 0.17740405029276524 0.021341608583777868 0.09810991392380769
leaf_weight=633495 69210530 292 20 27 27 29 44 26 67 27 27 359 35 21 48 13245543 86 171 113 72 108 28 388 39 30 159 1362 41 471 31
leaf_count=633495 69210530 292 20 27 27 29 44 26 67 27 27 359 35 21 48 13245543 86 171 113 72 108 28 388 39 30 159 1362 41 471 31
internal_value=0 -0.000672539 5.16843e-06 -0.0203031 0.0465199 -0.0436494 0.0373962 0.0954812 0.00373196 0.0748346 -0.0142507 -0.0700899 -0.0812924 -0.0617148 0.0305189 5.35487e-06 -0.000133403 -0.0330953 -0.0499542 0.0428598 -0.0671598 -0.0825351 -0.0738184 -0.138098 0.114438 3.19117e-05 -0.0174453 0.0103471 0.0338388 -0.0529567
internal_weight=0 633787 8.24599e+07 757 196 561 138 94 169 81 54 423 394 88 68 8.24592e+07 1.32466e+07 1035 847 188 734 626 598 210 102 6.92126e+07 2064 702 512 190
internal_count=83093716 633787 82459929 757 196 561 138 94 169 81 54 423 394 88 68 82459172 13246578 1035 847 188 734 626 598 210 102 69212594 2064 702 512 190
is_linear=0
shrinkage=0.1


Tree=53
num_leaves=31
num_cat=0
split_feature=14 1 2 1 15 15 2 3 3 3 22 0 17 3 17 10 3 9 9 1 1 1 0 3 1 2 17 1 3 13
split_gain=27.757 47.5851 112.488 49.6645 107.208 42.6327 74.6236 86.5001 48.4693 92.3523 42.757 41.5462 38.5314 37.5069 34.5208 94.0302 60.7585 55.9404 59.0623 43.3556 105.476 41.2037 36.5803 33.7653 37.5111 63.5166 41.3149 33.2071 32.8604 39.031
threshold=0.91969251632690441 0.00062457601494615006 -0.038089963686641991 0.00088545100318140012 0.019132312387228016 0.00044526625424623495 -0.0017183350535578997 2.5028109550476079 0.91987800598144542 1.1838999986648562 1.0000000180025095e-35 245.86995697021487 1.0000000180025095e-35 0.41084000468254095 1.0000000180025095e-35 0.12400152161717416 3.343134999275208 0.30526308715343481 0.080030526965856566 0.00019112343900745001 0.00013480959773270001 1.8125423324538831e-06 458.31680297851568 1.1838999986648562 0.00074082382212675008 -0.0013242049257002498 0.57706825435161602 0.029216446485834453 0.91987800598144542 0.94468402862548839
decision_type=2 2 2 2 2 2 2 2 2 2 2 2 2 2 2 2 2 2 2 2 2 2 2 2 2 2 2 2 2 2
left_child=14 2 -2 4 -3 10 8 13 -7 11 12 -10 -4 -8 -1 16 23 18 19 20 21 -18 -21 -16 25 26 -25 -5 29 -15
right_child=1 3 5 27 -6 6 7 -9 9 -11 -12 -13 -14 28 15 -17 17 -19 -20 22 -22 -23 -24 24 -26 -27 -28 -29 -30 -31
leaf_value=1.9293799031070147e-06 0.20628533366207896 -0.033355791693312528 -0.0011006778492394997 -0.0090803745487290956 -0.25346432587374812 -0.023076169523410503 0.010412010850599143 -0.16180459016727078 -0.10648805398494006 -0.043427353878707997 0.096488685227102702 -0.29664751059479183 0.09471775097869492 -0.021971320087068386 0.018695173412497452 -0.19731150153610444 -0.11189842760778856 0.021488384306995255 -0.22659424330507005 -0.073020044470352957 0.18564674052454178 -0.013661760828524298 -0.21463560474415622 -0.037514207963224341 0.070807538818229335 -0.005854046531842301 -0.14422816021262475 0.083960252888500689 -0.0013755013711294574 0.099134761715928721
leaf_weight=83029610 26 584 54778 936 23 180 1056 36 20 92 45 27 42 1852 546 27 69 99 21 76 21 112 24 115 55 1305 53 40 1819 27
leaf_count=83029610 26 584 54778 936 23 180 1056 36 20 92 45 27 42 1852 546 27 69 99 21 76 21 112 24 115 55 1305 53 40 1819 27
internal_value=0 -0.00212224 -0.00167073 -0.0192358 -0.041696 -0.00176088 -0.010498 -0.00737916 -0.05733 -0.101687 -0.000947285 -0.215729 -0.00102727 -0.00620976 1.57395e-06 -0.0116955 -0.00968758 -0.0442759 -0.0644328 -0.0531566 -0.0264977 -0.0511111 -0.107008 -0.00264984 -0.0102771 -0.0133047 -0.0711799 -0.00526723 -0.0109563 -0.0202311
internal_weight=0 61583 60000 1583 607 59974 5109 4790 319 139 54865 47 54820 4754 8.30321e+07 2523 2496 422 323 302 202 181 100 2074 1528 1473 168 976 3698 1879
internal_count=83093716 61583 60000 1583 607 59974 5109 4790 319 139 54865 47 54820 4754 83032133 2523 2496 422 323 302 202 181 100 2074 1528 1473 168 976 3698 1879
is_linear=0
shrinkage=0.1


Tree=54
num_leaves=31
num_cat=0
split_feature=1 15 0 3 13 2 20 9 1 3 2 20 1 19 3 15 13 3 2 2 3 1 4 14 4 2 2 4 2 4
split_gain=27.4339 57.8038 66.7496 81.3558 80.9634 71.183 190.475 243.486 130.289 373.553 164.192 161.113 129.04 126.182 103.499 91.6538 142.38 88.5904 132.962 91.7989 88.1623 87.395 101.746 84.7194 82.2407 93.8711 137.487 104.218 101.331 98.6992
threshold=0.0009740921802358001 0.0088379974476993101 72.413249969482436 1.8119350075721743 0.98963093757629406 -0.13604505617114263 0.99999997019767772 0.99999997019767772 0.029216446485834453 3.7290139198303227 -0.023532365795297047 0.071058861911296858 0.070650786016459965 0.7019123136997224 2.9375464916229252 0.00269642286002636 0.0031703551067039375 2.2194035053253178 -0.058934122107042346 -0.038089963686641991 1.9652274847030642 0.070650786016459965 0.27964606881141668 0.0045636324211955079 0.98685157299041759 -0.058934122107042346 -0.04365553592328409 0.82193505764007579 -0.081241258522397927 0.32919138669967657
decision_type=2 2 2 2 2 2 2 2 2 2 2 2 2 2 2 2 2 2 2 2 2 2 2 2 2 2 2 2 2 2
left_child=-1 2 -2 -4 5 6 15 -8 13 10 11 12 14 -7 20 -5 21 19 -19 -13 -10 -17 -23 -22 25 28 27 29 -11 -27
right_child=1 -3 3 4 -6 8 7 -9 9 24 -12 17 -14 -15 -16 16 -18 18 -20 -21 23 22 -24 -25 -26 26 -28 -29 -30 -31
leaf_value=2.0848869078905342e-06 0.0024707922291655015 0.0019797363860143773 -0.0021487298832410014 0.0089943089431212264 0.11574490514456058 -0.010973114844782524 -0.46000714495778089 -0.026936763384052227 -0.30010528221966759 0.022289529990788565 0.051194877388293092 -0.21990349347470328 -0.066909390125149418 0.12085113309527913 -0.2810759360965801 -0.014569175631428758 0.10617414565963879 0.043094073845466388 -0.14039338907157933 -0.016151837391279091 -0.092837216579411408 -0.3023002681273379 -0.069332443371515826 -0.29384298771619799 -0.12595619613804468 0.0480669092014432 0.013473404810300321 0.030964449983696608 -0.091131021060487816 0.31598714080385193
leaf_weight=82984505 16963 32127 41298 3293 51 13642 20 37 31 233 78 48 163 73 73 48 36 147 54 41 166 38 37 24 41 20 223 43 119 44
leaf_count=82984505 16963 32127 41298 3293 51 13642 20 37 31 233 78 48 163 73 73 48 36 147 54 41 166 38 37 24 41 20 223 43 119 44
internal_value=0 -0.00158389 -0.00306913 -0.00463221 -0.010081 -0.0104229 0.00241998 -0.178891 -0.0133755 -0.0408763 -0.0868631 -0.101279 -0.138274 -0.0102715 -0.17784 0.00541382 -0.0687406 -0.0429793 -0.00620107 -0.12604 -0.14374 -0.119935 -0.187369 -0.118227 0.0115982 0.0198676 0.0581843 0.151367 -0.0160543 0.232262
internal_weight=0 109211 77084 60121 18823 18772 3509 57 15263 1548 825 747 457 13715 294 3452 159 290 201 89 221 123 75 190 723 682 330 107 352 64
internal_count=83093716 109211 77084 60121 18823 18772 3509 57 15263 1548 825 747 457 13715 294 3452 159 290 201 89 221 123 75 190 723 682 330 107 352 64
is_linear=0
shrinkage=0.1


Tree=55
num_leaves=31
num_cat=0
split_feature=7 4 2 0 3 16 3 3 13 4 2 2 14 9 2 4 9 13 13 3 16 0 0 3 3 0 3 13 4 7
split_gain=25.8049 53.5345 57.6796 56.3383 57.8616 50.6719 81.6518 239.573 104.529 84.5246 77.2606 106.422 80.7533 78.1992 73.67 76.971 73.0107 74.2574 120.529 72.794 116.759 77.2887 122.591 70.553 84.3025 69.5599 89.5572 139.475 123.538 72.1959
threshold=0.012249965453520419 0.98685157299041759 -0.0020093086143538499 633.45214843750011 3.343134999275208 0.019555250182747844 2.2194035053253178 1.9652274847030642 0.92628020048141491 0.072617162019014372 0.00085812832907095006 0.00090535619061465011 0.053962795063853271 0.9417330026626588 0.0020862498783650002 0.65088403224945079 0.47339871525764471 0.0050630655605345973 0.0017797229811549189 2.5028109550476079 0.80477145314216625 633.45214843750011 308.09318542480474 1.2253984808921816 1.8839390277862551 180.33281707763675 2.9375464916229252 0.079774364829063429 0.51241087913513195 0.15350044518709186
decision_type=2 2 2 2 2 2 2 2 2 2 2 2 2 2 2 2 2 2 2 2 2 2 2 2 2 2 2 2 2 2
left_child=-1 5 -3 4 -4 6 7 16 10 -9 12 -12 13 25 15 -7 17 18 23 20 -17 22 -22 -2 -25 -8 27 28 -27 -28
right_child=1 2 3 -5 -6 14 8 9 -10 -11 11 -13 -14 -15 -16 19 -18 -19 -20 -21 21 -23 -24 24 -26 26 29 -29 -30 -31
leaf_value=8.8159254579739228e-07 -0.019170113195350499 0.12888124255225697 0.041048558242619042 0.17263529693538493 -0.014195388627202585 -0.004978076711051679 -0.00092047175448466449 -0.010745280075676834 -0.22290509237597386 0.10615250268689636 -0.17387908341156111 -0.03040163244576833 0.07541036156852815 -0.12462745684509476 0.032550541224937654 0.043183552484158332 0.18499970197677615 0.031100655751911229 -0.20063367310692284 0.048727819630622192 -0.015782579539537236 0.097846698032125187 -0.20471036758634353 0.03841846772723042 -0.13033805917948485 -0.033278974138140203 -0.076278968670585146 0.1229340636997574 -0.17717206127131765 -0.011189528851047634
leaf_weight=83072899 1920 47 341 22 427 7291 3674 79 24 285 54 1212 110 60 686 193 20 438 34 550 77 23 62 395 32 124 184 31 115 2307
leaf_count=83072899 1920 47 341 22 427 7291 3674 79 24 285 54 1212 110 60 686 193 20 438 34 550 77 23 62 395 32 124 184 31 115 2307
internal_value=0 -0.00352036 0.0212563 0.0148533 0.0103335 -0.0045583 -0.00906355 0.00440305 -0.014527 0.0807818 -0.0138916 -0.0365215 -0.00955402 -0.010993 0.00107098 -0.00156384 -0.00538979 -0.00674055 -0.0137017 0.0259424 -0.00935888 -0.0719557 -0.100053 -0.0109937 0.0257716 -0.00993346 -0.0219268 -0.0766312 -0.102516 -0.0159974
internal_weight=0 20817 837 790 768 19980 11098 3203 7895 364 7871 1266 6605 6495 8882 8196 2839 2819 2381 905 355 162 139 2347 427 6435 2761 270 239 2491
internal_count=83093716 20817 837 790 768 19980 11098 3203 7895 364 7871 1266 6605 6495 8882 8196 2839 2819 2381 905 355 162 139 2347 427 6435 2761 270 239 2491
is_linear=0
shrinkage=0.1


Tree=56
num_leaves=31
num_cat=0
split_feature=0 5 12 0 1 3 14 15 3 15 20 9 3 2 15 15 9 2 13 2 1 2 3 4 20 3 15 20 2 0
split_gain=24.8441 69.4226 130.691 69.9268 67.0913 72.2386 123.055 112.392 83.509 86.8017 70.7354 96.1194 73.5922 97.7296 70.6252 95.4633 70.5515 64.4594 59.9495 59.5141 140.557 179.951 155.721 152.163 101.08 91.5488 254.079 144.407 86.8669 76.8901
threshold=215.02835083007815 1.0000000180025095e-35 1.0000000180025095e-35 371.70451354980474 0.070650786016459965 2.9375464916229252 0.24307985603809359 0.52380889654159557 0.34228551387786871 0.019878485240042213 0.94167014956474315 0.86935544013977062 3.7290139198303227 -0.13604505617114263 0.10145913437008859 0.024952156469225887 0.97690099477767955 -0.081241258522397927 0.37126667797565466 -0.058934122107042346 0.029216446485834453 -0.025553262607634599 3.7290139198303227 0.65088403224945079 0.82954031229019176 1.6206545233726504 0.022999620065093044 0.66379645466804515 -0.038089963686641991 478.66354370117193
decision_type=2 2 2 2 2 2 2 2 2 2 2 2 2 2 2 2 2 2 2 2 2 2 2 2 2 2 2 2 2 2
left_child=-1 4 3 -3 19 8 7 10 -6 -10 11 12 17 -14 15 -15 -12 -7 -4 -2 -21 22 24 -24 25 26 -22 28 29 -27
right_child=1 2 18 -5 5 6 -8 -9 9 -11 16 -13 13 14 -16 -17 -18 -19 -20 20 21 -23 23 -25 -26 27 -28 -29 -30 -31
leaf_value=-5.3029626334462054e-05 0.0082945454610497509 -0.10150120845214734 0.082596835219546375 -0.31263380327395035 -0.13418123024074655 -0.05869203766634469 0.21829296557232736 -0.2507635963999707 0.0012218241167143672 0.094850804979243308 -0.16404565034407967 0.19514288477599623 -0.028713230118913538 0.050535553090739996 0.17036560659070274 -0.14119616359952958 0.01291782372828686 -0.2411876459916433 -0.058415811293525625 5.6720514625615064e-05 0.032220471638565264 0.011147817321434658 0.099139285761568899 -0.17010272134994639 -0.002818832889810872 -0.15876977069835579 -0.32552353187843608 -0.38532740067819071 -0.073330978418097784 -0.38314605667477564
leaf_weight=42819858 8770 62 57 21 38 247 20 23 545 121 71 20 989 160 37 31 33 21 64 40261694 75 369 76 29 67 56 27 29 85 21
leaf_count=42819858 8770 62 57 21 38 247 20 23 545 121 71 20 989 160 37 31 33 21 64 40261694 75 369 76 29 67 56 27 29 85 21
internal_value=0 5.63816e-05 -0.0582793 -0.15492 5.66771e-05 -0.0168179 -0.0282487 -0.0312701 0.0100056 0.0182325 -0.0281325 -0.0226208 -0.0255536 -0.015107 0.0439129 0.0194168 -0.107894 -0.0729921 0.00801163 5.76643e-05 5.58701e-05 -0.0409965 -0.0823756 0.0247772 -0.113629 -0.138967 -0.0624765 -0.179816 -0.143027 -0.219963
internal_weight=0 4.02739e+07 204 83 4.02737e+07 2356 1652 1632 704 666 1609 1505 1485 1217 228 191 104 268 121 4.02713e+07 4.02625e+07 834 465 105 360 293 102 191 162 77
internal_count=83093716 40273858 204 83 40273654 2356 1652 1632 704 666 1609 1505 1485 1217 228 191 104 268 121 40271298 40262528 834 465 105 360 293 102 191 162 77
is_linear=0
shrinkage=0.1


Tree=57
num_leaves=31
num_cat=0
split_feature=3 20 1 15 16 1 2 0 1 15 3 13 3 19 2 9 20 1 4 0 13 19 2 15 4 0 9 0 4 15
split_gain=24.2814 63.39 50.2599 70.657 72.8406 62.0164 126.797 104.883 59.2699 72.944 146.211 71.9383 58.8094 56.7555 53.6349 45.645 51.2495 48.477 43.4246 47.5675 42.8277 42.7989 99.5745 122.88 101.957 74.1658 59.8905 45.1374 62.7031 99.1236
threshold=0.85109150409698497 0.82058468461036693 5.2297933495915244e-06 0.021033662371337417 0.89584308862686168 0.029216446485834453 -0.13604505617114263 43.658098220825202 0.0074286826741851008 0.0033909804187715058 4.1433904170989999 0.0069336681626737126 1.6206545233726504 0.7019123136997224 -0.0033225357981068494 0.96295818686485302 0.98040542006492626 0.014622739945749553 0.98685157299041759 245.86995697021487 0.43603786826133734 1.0000000180025095e-35 -0.13604505617114263 0.19310589879751208 0.087801903486251845 180.33281707763675 0.15808844566345218 458.31680297851568 1.0000000180025095e-35 0.073371760547161116
decision_type=2 2 2 2 2 2 2 2 2 2 2 2 2 2 2 2 2 2 2 2 2 2 2 2 2 2 2 2 2 2
left_child=18 21 3 4 13 6 7 -4 -8 -10 14 -12 -5 -3 -11 16 17 -9 -1 -20 -7 -2 23 -23 -25 -26 27 28 -24 -30
right_child=1 2 5 12 -6 20 8 15 9 10 11 -13 -14 -15 -16 -17 -18 -19 19 -21 -22 22 26 24 25 -27 -28 -29 29 -31
leaf_value=1.178601705352191e-05 -0.00022667181670199765 -0.0070547733953870029 0.23253535768291092 -0.0092504371782300403 -0.18484416085740796 -0.03067210312136591 0.0011373308703166005 -0.00093506909896741105 -0.0063937609507910796 0.0016333487859908368 -0.063028307162501199 -0.26949894759390086 -0.047709747766030597 0.15376514419913292 -0.1410570665728301 -0.096003307774662983 0.184656449886305 0.1028258616916483 0.027869795412315351 0.1828991966545582 0.075109514910727745 -0.010047592955362686 -0.0070153536036139871 0.018839946609956248 -0.066355776712298406 -0.30904149009900939 0.071358520981400261 -0.01603018298479893 0.017724677521938358 0.081838841203586268
leaf_weight=79266919 3798841 8717 34 738 23 887 10482 115 536 149 27 45 862 22 32 21 28 74 95 25 40 735 851 27 20 34 182 481 2406 268
leaf_count=79266919 3798841 8717 34 738 23 887 10482 115 536 149 27 45 862 22 32 21 28 74 95 25 40 735 851 27 20 34 182 481 2406 268
internal_value=0 -0.00024603 -0.00549941 -0.0106464 -0.00711767 -0.00122253 0.000775957 0.068243 -0.000852207 -0.0272836 -0.0715402 -0.192072 -0.0299704 -0.00664992 -0.0235937 0.0447727 0.0583961 0.0396909 1.18771e-05 0.0601676 -0.0261076 -0.000214498 0.00902762 -0.0229299 -0.139825 -0.219158 0.0152543 0.0127054 0.0166265 0.0241505
internal_weight=0 3.82668e+06 22832 10362 8762 12470 11543 272 11271 789 253 72 1600 8739 181 238 217 189 7.9267e+07 120 927 3.80384e+06 5004 816 81 54 4188 4006 3525 2674
internal_count=83093716 3826677 22832 10362 8762 12470 11543 272 11271 789 253 72 1600 8739 181 238 217 189 79267039 120 927 3803845 5004 816 81 54 4188 4006 3525 2674
is_linear=0
shrinkage=0.1


Tree=58
num_leaves=31
num_cat=0
split_feature=7 4 2 0 3 14 14 16 0 1 1 2 13 4 13 20 4 16 3 0 13 13 13 1 1 0 10 3 2 16
split_gain=24.9887 59.6527 48.4987 45.1472 46.8192 42.4633 73.6724 53.3198 51.4954 67.7813 66.3138 53.4483 103.194 60.9742 137.117 69.6408 52.511 87.8195 131.852 71.8533 59.8865 65.1798 62.4201 49.3413 104.286 45.0255 42.6289 61.745 55.7706 42.4227
threshold=0.81283089518547069 0.98685157299041759 -0.0020093086143538499 633.45214843750011 4.1433904170989999 0.044680200517177589 0.011502557899802925 0.80477145314216625 449.00379943847662 0.00065626417387035013 0.00050419136834635003 -0.0010923678423909497 0.0069336681626737126 0.9252023994922639 0.010628995951265098 0.83920091390609752 0.072617162019014372 0.80477145314216625 3.7290139198303227 317.23822021484381 0.056825529783964164 0.013128197286278011 0.028062924742698673 0.00010843814361815001 6.5124736445710006e-05 149.61078643798831 0.90908744931221019 0.49990250170230871 0.00087803572049015017 0.13225658982992175
decision_type=2 2 2 2 2 2 2 2 2 2 2 2 2 2 2 2 2 2 2 2 2 2 2 2 2 2 2 2 2 2
left_child=29 5 -3 4 -4 6 8 -8 9 11 -10 12 23 15 26 16 -13 20 25 -20 21 -18 -23 24 -2 -19 27 -15 -29 -1
right_child=1 2 3 -5 -6 -7 7 -9 10 -11 -12 13 -14 14 -16 -17 17 18 19 -21 -22 22 -24 -25 -26 -27 -28 28 -30 -31
leaf_value=-2.3805578465962091e-07 -0.080112379229990996 0.11703954743261034 0.028418810659259809 0.15372398021546277 -0.022070191174708799 -0.084120562808080168 0.0075146896695649189 0.20625101512780897 -0.031550154183277938 0.064450045949382376 -0.1950956245741019 -0.0085263000362774833 0.1762798627472616 -0.092588187432652083 -0.17832311971418174 -0.11057977288961413 0.0114044597232126 0.070051431296451486 0.11855450139116885 0.33054557811646235 0.11243006257375457 -0.16561889732700019 -0.0092058714350703383 -0.095046695908791862 0.03832293863225085 -0.092974842391494256 0.11862189532680945 0.0053401765715713739 -0.072952139567155225 0.0072352960465783423
leaf_weight=83079566 164 47 464 22 304 77 27 27 534 129 26 1740 21 107 58 55 1029 32 67 21 53 42 65 161 136 36 22 467 113 8104
leaf_count=83079566 164 47 464 22 304 77 27 27 534 129 26 1740 21 107 58 55 1029 32 67 21 53 42 65 161 136 36 22 467 113 8104
internal_value=0 -0.00642868 0.018351 0.0124796 0.00843358 -0.0104104 -0.00930442 0.106883 -0.01054 -0.00699462 -0.0391433 -0.0090945 -0.0405128 -0.00521848 -0.0304951 0.00095577 0.00294425 0.0177835 0.088328 0.169143 0.00852784 0.00368029 -0.0706016 -0.0503883 -0.0264217 -0.0162566 -0.018402 -0.0227899 -0.00991333 4.67666e-07
internal_weight=0 6046 837 790 768 5209 5132 54 5078 4518 560 4389 482 3907 767 3140 3085 1345 156 88 1189 1136 107 461 300 68 709 687 580 8.30877e+07
internal_count=83093716 6046 837 790 768 5209 5132 54 5078 4518 560 4389 482 3907 767 3140 3085 1345 156 88 1189 1136 107 461 300 68 709 687 580 83087670
is_linear=0
shrinkage=0.1


Tree=59
num_leaves=31
num_cat=0
split_feature=0 14 3 9 1 20 4 15 3 14 15 14 14 3 14 16 1 3 0 2 18 20 8 17 3 18 18 3 1 0
split_gain=23.6315 23.1035 45.5051 86.9215 95.1129 62.6425 47.9974 52.8857 47.7625 164.674 148.318 113.534 232.233 68.9059 104.159 64.0072 60.2786 56.1543 54.6605 47.6088 62.5865 47.2246 43.0151 42.7922 89.0853 42.7463 41.7309 64.1285 41.0683 60.1252
threshold=3.4479532241821294 0.0040319836698472509 1.8119350075721743 1.0000000180025095e-35 0.070650786016459965 0.99999997019767772 0.021004183217883114 0.013803996145725252 2.5028109550476079 0.74447649717330944 0.0086138504557311552 0.88117954134941112 0.87357741594314586 2.9375464916229252 0.83454889059066784 0.72313192486763012 5.4480269741181924e-06 2.9375464916229252 274.52044677734381 0.014219418539736952 1.0000000180025095e-35 0.91372200846672069 0.28284921497106558 0.57706825435161602 1.6857554912567141 0.016976296901702884 0.21915384382009509 3.7290139198303227 8.1491879270779327e-06 336.39776611328131
decision_type=2 2 2 2 2 2 2 2 2 2 2 2 2 2 2 2 2 2 2 2 2 2 2 2 2 2 2 2 2 2
left_child=-1 -2 19 5 6 8 21 -8 -4 15 11 12 13 14 -11 26 -16 -12 -17 20 23 22 -5 28 -25 -13 -10 -28 -3 -30
right_child=1 2 3 4 -6 -7 7 -9 9 10 17 25 -14 -15 16 18 -18 -19 -20 -21 -22 -23 -24 24 -26 -27 27 -29 29 -31
leaf_value=-0.00086067843953434135 7.3634325384632294e-06 9.9007859241128249e-05 -0.0044237771522726418 0.0035168705131229123 -0.17811826226012462 0.15620407365883393 -0.012209160248231557 0.14885829354220248 -0.0061418744591560104 -0.015259275475845619 -0.11851413570096095 -0.021282301602242072 -0.34674569109338338 0.002096637499984354 -0.34228940788995138 0.033511447681570959 -0.11929886190013753 -0.27674016618693714 0.22753091558814048 0.0072840273552418414 -0.045657073402034697 -0.048767358155336379 -0.10441896120035971 0.04429057829436802 -0.24698784252007805 0.078333242268611991 0.04974502625742129 -0.133055182509735 -0.00052228491604474042 -0.006259912238024596
leaf_weight=317794 82290129 327676 44261 17593 29 24 36 47 3262 51 75 420 32 100 22 53 27 32 20 8119 306 176 37 21 21 48 28 61 56147 27069
leaf_count=317794 82290129 327676 44261 17593 29 24 36 47 3262 51 75 420 32 100 22 53 27 32 20 8119 306 176 37 21 21 48 28 61 56147 27069
internal_value=0 3.30425e-06 -0.000684295 -0.00311595 0.00283609 -0.00531417 0.00312944 0.0789977 -0.00539411 -0.0155448 -0.0561818 -0.0394206 -0.0966201 -0.0566 -0.115297 -0.00596717 -0.219417 -0.165834 0.0866675 -0.000299077 -0.000448788 0.00277579 0.00329035 -0.000415124 -0.101349 -0.0110653 -0.00798517 -0.075545 -0.000404807 -0.00238865
internal_weight=0 8.27759e+07 485793 66434 17918 48516 17889 83 48492 4231 807 700 232 200 100 3424 49 107 73 419359 411240 17806 17630 410934 42 468 3351 89 410892 83216
internal_count=83093716 82775922 485793 66434 17918 48516 17889 83 48492 4231 807 700 232 200 100 3424 49 107 73 419359 411240 17806 17630 410934 42 468 3351 89 410892 83216
is_linear=0
shrinkage=0.1


Tree=60
num_leaves=31
num_cat=0
split_feature=22 21 1 15 14 0 15 13 0 3 3 3 0 13 13 13 13 15 15 3 13 13 3 15 3 8 15 14 14 8
split_gain=22.459 60.9432 65.3485 93.4447 158.67 88.0519 82.973 73.5835 75.0816 64.5091 80.8136 66.9543 63.898 62.3597 58.4702 75.7461 57.6978 51.1604 65.6325 49.0124 47.5679 79.0436 47.1775 90.1493 58.4961 57.5646 43.9559 43.4126 93.2215 182.392
threshold=1.0000000180025095e-35 1.0000000180025095e-35 1.6072558700752913e-06 0.0023713601985946302 0.031739909201860435 308.09318542480474 0.0061740779783576736 0.056825529783964164 30.538149833679203 -0.18869099766016004 -1.0000000180025095e-35 0.015909499488770965 219.51232910156253 0.65933024883270275 0.37126667797565466 0.063485044986009612 0.073599312454462065 0.062006603926420219 0.12977506220340732 0.53070998191833507 0.89936035871505748 0.93475201725959789 0.066911000758409514 0.075032629072666182 0.3360114991664887 0.28284921497106558 0.082161150872707381 0.92915076017379772 0.72279644012451183 0.46194367110729223
decision_type=2 2 2 2 2 2 2 2 2 2 2 2 2 2 2 2 2 2 2 2 2 2 2 2 2 2 2 2 2 2
left_child=-1 2 3 7 5 22 12 8 -2 -9 -11 -12 -4 -8 15 -14 -3 -6 -19 27 -13 -22 23 25 -24 -5 -7 28 29 -10
right_child=1 16 6 4 17 26 13 9 19 10 11 20 14 -15 -16 -17 -18 18 -20 -21 21 -23 24 -25 -26 -27 -28 -29 -30 -31
leaf_value=-2.8753914407318239e-07 -0.04600351575999749 -0.23232849620282653 -0.028734980133619716 0.18594072908163073 -0.11304658102626737 0.11468747761742822 -0.059949764466899286 -0.17279013890240874 0.021298044835872901 0.13924415688360892 -0.076250277189937835 -0.016641343327011077 0.10170479218165081 -0.24918193689414433 0.18640034496784211 -0.068792191720179599 -0.0064072743344765447 0.15380218590476685 -0.030203402955972014 0.11589380529185292 0.2490374267101288 -0.017682023361325263 -0.019447390522275652 0.05741739362478257 0.19816228071848552 0.40669383365246986 -0.062617745209071374 0.14868460965475866 -0.079167370857244512 0.22129381435612838
leaf_weight=83091184 143 20 235 21 37 29 102 28 912 31 163 147 57 21 28 48 26 28 63 64 20 25 21 20 30 27 27 28 83 48
leaf_count=83091184 143 20 235 21 37 29 102 28 912 31 163 147 57 21 28 48 26 28 63 64 20 25 21 20 30 27 27 28 83 48
internal_value=0 0.00941795 0.0115283 0.0195717 0.0707145 0.132603 -0.0211529 0.0104131 0.0222824 -0.0262269 -0.0155954 -0.0291165 0.00261314 -0.0922577 0.0580027 0.0237633 -0.104634 -0.013899 0.0264137 0.0308858 0.010898 0.10086 0.181263 0.235792 0.108558 0.310114 0.029201 0.025806 0.0225072 0.0312978
internal_weight=0 2532 2486 1995 303 175 491 1692 1278 414 386 355 368 123 133 105 46 128 91 1135 192 45 119 68 51 48 56 1071 1043 960
internal_count=83093716 2532 2486 1995 303 175 491 1692 1278 414 386 355 368 123 133 105 46 128 91 1135 192 45 119 68 51 48 56 1071 1043 960
is_linear=0
shrinkage=0.1


Tree=61
num_leaves=31
num_cat=0
split_feature=10 18 17 4 6 3 4 4 2 1 20 19 3 4 6 7 15 2 2 9 3 3 6 6 2 4 14 1 4 18
split_gain=21.0313 163.746 81.2115 39.6709 34.1219 24.5499 40.329 25.649 23.9939 74.1813 81.866 91.3026 90.3172 59.3441 71.0522 58.7367 62.9788 76.6046 140.402 187.244 470.662 111.826 75.6148 69.6323 67.6964 64.1743 58.1094 90.8343 50.2157 75.6926
threshold=0.05694923177361489 0.21915384382009509 1.0000000180025095e-35 0.9252023994922639 1.0000000180025095e-35 4.1433904170989999 0.087801903486251845 0.19669672846794131 -0.029150001330241947 0.0023825874081039003 1.0000000180025095e-35 0.032334839925169952 2.2194035053253178 0.98685157299041759 0.98334485292434703 0.81283089518547069 0.011260102503001692 -0.00094240578005334993 -0.0040520794056662984 0.041233887895941741 2.5028109550476079 4.1433904170989999 0.72313192486763012 0.11898779869079591 -0.0041333787769038495 0.22048421949148181 0.005693660583347083 0.029216446485834453 0.9252023994922639 0.90562623739242565
decision_type=2 2 2 2 2 2 2 2 2 2 2 2 2 2 2 2 2 2 2 2 2 2 2 2 2 2 2 2 2 2
left_child=8 2 3 4 5 7 -7 -2 13 -10 11 12 -11 28 -15 16 17 18 22 20 -20 -22 24 -18 26 -25 -14 -28 29 -1
right_child=1 -3 -4 -5 -6 6 -8 -9 9 10 -12 -13 15 14 -16 -17 23 -19 19 -21 21 -23 -24 25 -26 -27 27 -29 -30 -31
leaf_value=0.0023326428384044862 -0.0039772111798184974 0.25183755153417592 -0.17758058516515629 0.095462909769266857 -0.12099051189422608 -0.015568312402400706 -0.15478790024561542 0.059974617682515635 9.7485161277335653e-07 -0.0053270969381334033 0.006484826718138304 0.038864908573523989 -0.021019707708649943 -0.067541625173080988 0.11781811584597049 0.080781936309566468 -0.0092883710564359429 -0.011520318836021419 -0.62887717400278365 -0.0534558703760495 -0.22297150010113109 -0.0030365525409579278 -0.1469546343766007 0.22542329707547376 0.097660553728540739 0.033869423548856824 -0.053084612087881636 -0.28312295590128217 0.046728916133463153 -0.051139749355852276
leaf_weight=55211 13811 25 27 40 25 81 28 63 82996353 17329 4908 412 1340 205 23 56 1029 1465 21 345 43 50 51 23 45 73 94 21 253 266
leaf_count=55211 13811 25 27 40 25 81 28 63 82996353 17329 4908 412 1340 205 23 56 1029 1465 21 345 43 50 51 23 45 73 94 21 253 266
internal_value=0 -0.00386177 -0.00431594 -0.00398293 -0.0042669 -0.00405821 -0.0513311 -0.00368681 6.55541e-07 -7.3965e-07 -0.00521214 -0.00777538 -0.00864942 0.00207067 -0.0488431 -0.0210147 -0.0222539 -0.0289115 -0.0415872 -0.0901706 -0.201281 -0.104727 -0.0272095 -0.00168936 -0.0231381 0.0797625 -0.0268742 -0.0950916 0.00227897 0.00207625
internal_weight=0 14100 14075 14048 14008 13983 109 13874 8.30796e+07 8.30237e+07 27305 22397 21985 55958 228 4656 4600 3475 2010 459 114 93 1551 1125 1500 96 1455 115 55730 55477
internal_count=83093716 14100 14075 14048 14008 13983 109 13874 83079616 83023658 27305 22397 21985 55958 228 4656 4600 3475 2010 459 114 93 1551 1125 1500 96 1455 115 55730 55477
is_linear=0
shrinkage=0.1


Tree=62
num_leaves=31
num_cat=0
split_feature=18 4 4 1 1 15 1 15 4 15 0 13 0 4 1 0 0 0 0 13 0 0 0 15 3 1 4 0 1 0
split_gain=22.3693 76.4431 154.905 75.7668 179.488 117.148 91.3655 66.7742 77.9671 92.3112 153.547 120.472 90.4566 99.7852 79.6764 74.3558 65.4128 65.1875 65.1865 57.6279 55.4765 54.4723 53.9879 62.189 62.5161 68.183 81.4813 60.8812 60.859 55.6209
threshold=0.37069971859455114 0.27964606881141668 0.48933163285255438 0.0031975020619471003 0.070650786016459965 0.0023713601985946302 0.029216446485834453 0.044482378289103515 0.68211069703102123 0.0061740779783576736 597.89410400390636 0.56955620646476757 188.64375305175784 0.98685157299041759 0.0039542978823803006 136.53020477294925 367.91757202148443 11.070682525634767 153.54611968994143 0.025005077943205837 235.93595123291018 149.61078643798831 151.61057281494143 0.0044407336972653874 1.0630374550819399 0.070650786016459965 1.0000000180025095e-35 259.02116394042974 0.070650786016459965 203.83386230468753
decision_type=2 2 2 2 2 2 2 2 2 2 2 2 2 2 2 2 2 2 2 2 2 2 2 2 2 2 2 2 2 2
left_child=-1 22 3 16 6 -6 -5 8 17 11 19 12 15 20 -15 -10 18 -4 -3 -11 -14 -9 23 24 -2 -26 -27 28 -24 -30
right_child=1 2 7 4 5 -7 -8 21 9 10 -12 -13 13 14 -16 -17 -18 -19 -20 -21 -22 -23 27 -25 25 26 -28 -29 29 -31
leaf_value=-3.8633833597270844e-07 -0.072499116385976475 0.039737923497047564 0.14307732780774435 0.14935752094576235 0.10639303308239 -0.036668398966522596 0.37556452258275108 -0.0056155884990821015 0.015624410764983354 -0.04122613934810207 -0.28890427555888892 -0.16892759135705146 0.13153790629809151 0.028243643770070926 -0.14211730073968118 -0.050915068866407433 0.13735222596054275 -0.036116206204474782 -0.070834827408148546 0.12063866895437242 0.051194771321847889 0.1038257685032184 -0.049928708676849072 -0.030444182580402865 0.031971123955395829 0.26386589769634511 0.0049742168933153159 -0.0091850107758598126 -0.0760905166566372 -0.29684938043355941
leaf_weight=83089099 42 156 21 57 144 95 26 74 872 183 24 34 104 73 44 208 42 610 81 25 495 118 211 226 188 31 20 367 25 21
leaf_count=83089099 42 156 21 57 144 95 26 74 872 183 24 34 104 73 44 208 42 610 81 25 495 118 211 226 188 31 20 367 25 21
internal_value=0 0.00696039 0.0142896 0.0604749 0.0935253 0.0495276 0.220218 0.00466832 0.000606094 0.0100187 -0.0494057 0.0175522 0.0210825 0.0486452 -0.0358237 0.0028094 0.0223308 -0.0301526 0.00194724 -0.0217712 0.0651442 0.0616452 -0.0156299 0.00860858 0.0400176 0.0597904 0.16234 -0.0353236 -0.07265 -0.176872
internal_weight=0 4617 3486 601 322 239 83 2885 2693 2062 232 1830 1796 716 117 1080 279 631 237 208 599 192 1131 507 281 239 51 624 257 46
internal_count=83093716 4617 3486 601 322 239 83 2885 2693 2062 232 1830 1796 716 117 1080 279 631 237 208 599 192 1131 507 281 239 51 624 257 46
is_linear=0
shrinkage=0.1


Tree=63
num_leaves=31
num_cat=0
split_feature=3 18 14 8 4 0 16 20 15 15 2 20 20 19 4 15 0 1 1 6 1 1 15 15 13 20 0 0 0 4
split_gain=21.6355 39.0363 87.3513 68.0333 55.434 84.8512 84.0026 94.7719 96.3599 121.261 96.4392 86.0438 69.4641 79.8714 84.2669 262.652 74.1602 65.0666 92.82 58.6414 72.2219 103.869 53.8643 49.8931 105.98 72.936 48.9237 48.7493 58.638 103.485
threshold=4.1433904170989999 0.37069971859455114 0.031739909201860435 0.46194367110729223 0.27964606881141668 43.658098220825202 0.4608485102653504 0.59429562091827404 0.25252366065979009 0.0032416693866252904 3.986900228217239e-05 0.96679237484931957 0.87280812859535228 0.61783882975578319 0.57249891757965099 0.17671746015548709 566.63009643554699 0.070650786016459965 0.029216446485834453 0.98334485292434703 5.7752248042506218e-06 6.9447146087407797e-05 0.012041170150041582 0.12216781452298166 0.32607327401638037 1.0000000180025095e-35 367.91757202148443 531.21240234375011 138.31009674072268 0.98685157299041759
decision_type=2 2 2 2 2 2 2 2 2 2 2 2 2 2 2 2 2 2 2 2 2 2 2 2 2 2 2 2 2 2
left_child=-1 3 27 4 -2 -6 11 8 9 10 -8 12 13 19 16 -16 17 18 -15 23 26 -22 -11 -7 -25 -26 -21 28 -3 -30
right_child=1 2 -4 -5 5 6 7 -9 -10 22 -12 -13 -14 14 15 -17 -18 -19 -20 20 21 -23 -24 24 25 -27 -28 -29 29 -31
leaf_value=1.9050015904135687e-06 -0.00091472652452896641 0.021728829724478337 -0.14570215274062423 0.088275893303077849 0.010024031521431618 -0.020423859037504436 0.023167492202526809 -0.15777598711951027 -0.1409934959741253 0.17533253701403739 -0.099292783007809998 0.09056509997035507 -0.09976784841732142 0.07531680045598238 0.0095129766404490577 -0.22244893571581034 -0.075794038096708927 -0.057188916748220277 0.26500954830812085 0.0024532514329160186 0.17903074283256301 0.020162689776262108 0.06484160821419209 0.025660552502338382 -0.036782085998173883 -0.25595690147443251 -0.11822962280024181 0.052227315341012673 0.00030567505550576973 -0.11008212642537224
leaf_weight=82978157 98143 1477 36 84 2274 8329 418 29 33 56 76 79 94 91 1139 51 28 22 36 142 54 173 208 513 49 22 44 263 1506 90
leaf_count=82978157 98143 1477 36 84 2274 8329 418 29 33 56 76 79 94 91 1139 51 28 22 36 142 54 173 208 513 49 22 44 263 1506 90
internal_value=0 -0.00136735 0.00923397 -0.00168599 -0.0017534 -0.00764952 -0.0110887 0.0197746 0.026284 0.0335665 0.00432745 -0.0134177 -0.0141793 -0.0134269 0.00914716 -0.000428248 0.0735242 0.101584 0.129088 -0.0167358 0.0201018 0.0579551 0.0882791 -0.0184427 0.00981248 -0.104695 -0.0260954 0.0109059 0.00736949 -0.0059192
internal_weight=0 115559 3372 112187 112103 13960 11686 820 791 758 494 10866 10787 10693 1367 1190 177 149 127 9326 413 227 264 8913 584 71 186 3336 3073 1596
internal_count=83093716 115559 3372 112187 112103 13960 11686 820 791 758 494 10866 10787 10693 1367 1190 177 149 127 9326 413 227 264 8913 584 71 186 3336 3073 1596
is_linear=0
shrinkage=0.1


Tree=64
num_leaves=31
num_cat=0
split_feature=16 2 4 7 1 3 0 0 1 7 14 1 1 13 1 16 6 2 0 1 0 7 9 13 4 10 14 3 3 15
split_gain=20.6519 52.6153 49.7914 34.3732 46.4182 82.6709 57.0256 47.3477 47.5306 41.8954 60.7589 48.4044 66.3316 41.1801 42.224 40.2893 63.681 114.168 60.7276 64.8312 100.952 48.9311 94.0251 91.9148 81.6081 70.4005 69.8476 62.7797 82.8915 61.2155
threshold=0.99031487107276928 -1.7771433057367499e-05 0.98685157299041759 0.98685157299041759 1.0000000180025095e-35 4.1433904170989999 235.93595123291018 163.4223327636719 6.0782147360469059e-06 0.91760551929473888 0.011502557899802925 0.00065626417387035013 0.00020177821374275004 0.010628995951265098 5.6309722301967368e-05 0.066122770309448256 1.0000000180025095e-35 -0.13604505617114263 15.923797130584719 0.011766311318164552 136.53020477294925 0.098755661398172392 0.57817959785461437 0.52838325500488292 0.27964606881141668 0.22492027282714847 0.0027450264897197489 -0.051509000360965722 -0.067133497446775423 0.0063769305124878892
decision_type=2 2 2 2 2 2 2 2 2 2 2 2 2 2 2 2 2 2 2 2 2 2 2 2 2 2 2 2 2 2
left_child=3 -2 -3 9 5 -5 -7 8 -6 15 11 12 13 -11 -15 16 21 -18 -19 -20 -21 24 23 27 -1 26 29 28 -23 -26
right_child=1 2 -4 4 7 6 -8 -9 -10 10 -12 -13 -14 14 -16 -17 17 18 19 20 -22 22 -24 -25 25 -27 -28 -29 -30 -31
leaf_value=4.8231439155249686e-07 -0.068846193110514056 -0.014007012356344615 0.05109362095536199 0.030887759309089571 0.06212692040624837 -0.010646306519845019 -0.12553915471459429 0.078944083959481881 -0.018617782717223436 -0.010144208365856217 0.15888482555747033 0.08622124589151807 -0.085754080272422442 -0.12184294138569385 0.041571074724197389 0.0064507180826018848 0.15683518312871458 0.024473243046989317 -0.0090261914833100372 0.012497686824680847 -0.13873272371315157 0.018425319320354745 0.06125792256293771 -0.14150806791507281 0.014592657233010493 0.16674404421757008 0.08147868740180618 -0.009368224255061541 0.19693866828456522 -0.008623715887068879
leaf_weight=83053958 149 863 136 270 126 108 72 193 173 1697 20 45 137 64 21 9682 42 535 9948 81 97 139 195 52 4746 29 136 8477 32 1493
leaf_count=83053958 149 863 136 270 126 108 72 193 173 1697 20 45 137 64 21 9682 42 535 9948 81 97 139 195 52 4746 29 136 8477 32 1493
internal_value=0 -0.0134124 -0.00514446 1.85995e-07 0.0191023 -0.00410872 -0.0566034 0.040332 0.0154084 -3.05638e-08 -0.0145314 -0.0162974 -0.0187014 -0.0135464 -0.0814701 3.16414e-07 -4.35305e-07 -0.00771345 -0.0083617 -0.0100965 -0.0699144 5.58473e-07 -0.0074159 -0.00895514 1.35271e-06 0.0112895 0.0105824 -0.0081581 0.0518313 0.00903695
internal_weight=0 1148 999 8.30926e+07 942 450 180 492 299 8.30916e+07 1984 1964 1919 1782 85 8.30896e+07 8.308e+07 10703 10661 10126 178 8.30693e+07 8895 8700 8.30604e+07 6404 6375 8648 171 6239
internal_count=83093716 1148 999 83092568 942 450 180 492 299 83091626 1984 1964 1919 1782 85 83089642 83079960 10703 10661 10126 178 83069257 8895 8700 83060362 6404 6375 8648 171 6239
is_linear=0
shrinkage=0.1


Tree=65
num_leaves=31
num_cat=0
split_feature=8 9 21 15 8 13 3 3 3 1 3 14 14 3 3 13 0 3 3 14 14 0 3 0 0 5 0 3 0 0
split_gain=20.8141 117.826 81.043 102.069 190.273 126.573 96.343 74.758 94.8541 122.977 111.94 244.704 108.267 103.799 166.061 118.89 151.522 107.807 94.8026 161.686 98.0603 82.4648 82.0577 77.0401 72.9083 67.7336 84.0623 62.7372 58.4854 53.2772
threshold=0.5664392113685609 0.69638928771018993 1.0000000180025095e-35 0.0028804602334275846 0.96035403013229381 0.073599312454462065 0.82828798890113842 3.7290139198303227 -0.0083925002254545671 5.6660420142234267e-06 0.008138999808579685 0.9534423053264619 0.98461127281188976 0.053113499656319625 0.14711499959230426 0.87723731994628917 98.582904815673842 0.10090599954128267 -0.35352151095867151 0.74820527434349071 0.84551095962524425 169.45611572265628 -0.11021450161933898 123.84985351562501 30.538149833679203 1.0000000180025095e-35 118.47588348388673 0.15033400058746341 81.298931121826186 144.0261154174805
decision_type=2 2 2 2 2 2 2 2 2 2 2 2 2 2 2 2 2 2 2 2 2 2 2 2 2 2 2 2 2 2
left_child=-1 2 7 5 -5 6 -4 8 18 10 12 13 -10 -12 17 25 -17 -15 19 -2 -20 -13 -22 -14 -3 -16 -27 -18 -19 -11
right_child=1 24 3 4 -6 -7 -8 -9 9 29 11 21 23 14 15 16 27 28 20 -21 22 -23 -24 -25 -26 26 -28 -29 -30 -31
leaf_value=3.4034623661013843e-07 -0.0016744378886932251 0.0017194074764847755 0.021843741652458074 -0.24249826878309252 0.11671746513838399 0.32249807134270669 0.21379286742303522 0.038733096504833975 -0.020811963733092926 -0.039293458210703958 0.11167347460913545 0.055850174342808513 -0.022243037178765898 -0.033631692190344141 -0.025377317483044354 0.2575580845156219 0.17364341132342817 -0.13894089367240667 0.022545777393410654 -0.30954048387706279 0.29957996097703776 0.29348538321442902 0.08408491900051708 -0.19531472004018724 -0.23641174752265215 -0.028967020357958975 0.21833125791615912 -0.024444008535191197 -0.35970733194124133 -0.10569322725053674
leaf_weight=83089893 116 20 143 30 29 20 32 298 1208 303 78 23 43 60 433 40 21 28 303 20 24 40 67 64 36 28 27 67 21 201
leaf_count=83089893 116 20 143 30 29 20 32 298 1208 303 78 23 43 60 433 40 21 28 303 20 24 40 67 64 36 28 27 67 21 201
internal_value=0 -0.00737848 -0.00523798 0.0493104 -0.0659346 0.0841794 0.056943 -0.00918199 -0.0136233 -0.0212546 -0.0109667 0.0169503 -0.0293517 0.00206103 -0.00973176 0.0104003 0.0961804 -0.123506 0.0250376 -0.0469489 0.0498857 0.20673 0.140919 -0.125763 -0.151365 -0.0120994 0.092434 0.0228269 -0.233555 -0.0657743
internal_weight=0 3823 3767 254 59 195 175 3513 3215 2685 2181 866 1315 803 725 616 128 109 530 136 394 63 91 107 56 488 55 88 49 504
internal_count=83093716 3823 3767 254 59 195 175 3513 3215 2685 2181 866 1315 803 725 616 128 109 530 136 394 63 91 107 56 488 55 88 49 504
is_linear=0
shrinkage=0.1


Tree=66
num_leaves=31
num_cat=0
split_feature=0 22 4 15 15 3 19 1 1 2 3 3 1 16 18 16 15 4 9 7 3 2 2 13 7 0 19 16 3 16
split_gain=20.3255 53.2884 52.9312 106.768 130.362 92.3859 96.8495 89.852 91.8718 157.134 148.979 123.939 115.65 115.335 131.408 87.034 81.011 94.8349 82.0412 76.5933 74.1232 73.7809 101.761 70.5799 69.9047 66.893 65.4978 61.1205 60.2059 57.6725
threshold=299.24307250976568 0.96153518557548534 0.067786492407321944 0.5405339002609254 0.034605244174599654 0.061491001397371299 0.032334839925169952 5.6683410768037348e-05 1.0000000180025095e-35 0.00082191556494895014 3.7290139198303227 4.1433904170989999 5.7752248042506218e-06 0.72313192486763012 0.21915384382009509 0.80477145314216625 0.0041583054699003705 0.82193505764007579 0.58638432621955883 0.81283089518547069 -0.013741999864578245 0.030816266808323754 0.012807305009889853 0.12630172073841098 0.91760551929473888 531.21240234375011 0.7019123136997224 0.56331124901771557 4.1433904170989999 0.72313192486763012
decision_type=2 2 2 2 2 2 2 2 2 2 2 2 2 2 2 2 2 2 2 2 2 2 2 2 2 2 2 2 2 2
left_child=-1 2 -2 4 5 6 20 8 11 10 12 16 -10 14 19 -12 17 18 -7 -13 -4 22 29 24 26 -16 -6 -14 -25 -9
right_child=1 -3 3 -5 23 7 -8 21 9 -11 15 13 27 -15 25 -17 -18 -19 -20 -21 -22 -23 -24 28 -26 -27 -28 -29 -30 -31
leaf_value=-3.6768834998569085e-05 6.8264968740254934e-05 0.048950029636060849 0.038387555571420019 -0.15405701390700416 0.042633336499080965 0.0091447617310076584 -0.27555518113076688 -0.022875896069202869 0.03816876180721554 -0.1086375171939532 0.065179574995172213 -0.033964273325967534 -0.054148354094762069 0.10760435261481414 -0.004377583882544102 0.26873955868861893 -0.056937626890915763 0.11663929737141272 0.19573919942975046 -0.11871242692918871 -0.072440460061737086 0.077532768475286895 -0.18209829473608108 0.090606547423771444 -0.096442672255080797 0.084508562730771952 -0.02596201356963156 -0.24584594759447823 -0.051354562427863418 -0.10073536837659776
leaf_weight=53515861 29570296 223 76 50 1028 410 20 1956 87 72 464 1322 39 66 254 22 96 132 25 116 293 66 43 35 43 127 161 29 204 100
leaf_count=53515861 29570296 223 76 50 1028 410 20 1956 87 72 464 1322 39 66 254 22 96 132 25 116 293 66 43 35 43 127 161 29 204 100
internal_value=0 6.65265e-05 6.61579e-05 -0.00842706 -0.00742768 -0.0141553 -0.0612306 -0.0107804 -0.000295179 0.0314349 0.0471684 -0.00917411 -0.0381977 -0.022254 -0.0269658 0.0743942 0.0280139 0.0423972 0.0198686 -0.0408007 -0.0496141 -0.0265736 -0.0298471 0.0191673 0.0288151 0.0252511 0.033345 -0.135902 -0.0305653 -0.0266628
internal_weight=0 2.95779e+07 2.95776e+07 7336 7286 5815 389 5426 3261 713 641 2548 155 1885 1819 486 663 567 435 1438 369 2165 2099 1471 1232 381 1189 68 239 2056
internal_count=83093716 29577855 29577632 7336 7286 5815 389 5426 3261 713 641 2548 155 1885 1819 486 663 567 435 1438 369 2165 2099 1471 1232 381 1189 68 239 2056
is_linear=0
shrinkage=0.1


Tree=67
num_leaves=31
num_cat=0
split_feature=14 1 2 1 15 15 2 3 3 3 0 3 9 17 1 22 17 10 3 9 9 1 1 15 1 17 15 0 13 2
split_gain=20.1883 38.1297 91.0287 41.0245 86.5891 32.6582 60.5346 61.1747 39.117 74.9873 33.5509 31.4578 30.4856 30.1507 27.4241 26.0883 25.6204 61.1999 49.8182 45.2625 47.8862 34.9642 85.4204 41.7209 33.4232 35.8934 28.7185 31.4047 26.5163 24.7547
threshold=0.91969251632690441 0.00062457601494615006 -0.038089963686641991 0.00088545100318140012 0.019132312387228016 0.00044526625424623495 -0.0017183350535578997 2.5028109550476079 0.91987800598144542 1.1838999986648562 245.86995697021487 0.41084000468254095 0.0018839556141756477 1.0000000180025095e-35 0.029216446485834453 1.0000000180025095e-35 1.0000000180025095e-35 0.12400152161717416 3.343134999275208 0.30526308715343481 0.080030526965856566 0.00019112343900745001 0.00013480959773270001 0.010551472660154106 0.00020297190080340003 0.57706825435161602 0.0050791089888662109 46.229627609252937 0.47499512135982519 7.1408479535594642e-05
decision_type=2 2 2 2 2 2 2 2 2 2 2 2 2 2 2 2 2 2 2 2 2 2 2 2 2 2 2 2 2 2
left_child=16 2 -2 4 -3 13 8 11 -7 10 -10 -8 -13 15 -5 -4 -1 18 26 20 21 22 23 28 -23 -26 27 -18 -20 -28
right_child=1 3 5 14 -6 6 7 -9 9 -11 -12 12 -14 -15 -16 -17 17 -19 19 -21 -22 24 -24 -25 25 -27 29 -29 -30 -31
leaf_value=1.6479374687270743e-06 0.18566612159976592 -0.03004697246047627 -0.00090216298548857472 -0.0078988410700692162 -0.22786039152871007 -0.020541678151607307 0.0098810906579742692 -0.1361911852326658 -0.095756498202681548 -0.038664988123649817 -0.26664156830973096 -0.010751328668106908 0.067866047772578902 0.083920268266506143 0.076652970686554911 0.075269750669184662 0.026565207794582296 -0.15982219469216136 -0.0073035039051319479 0.019380152953619306 -0.20392194432871685 -0.16691924359649421 0.16709955512058169 -0.16318723582304442 -0.1344173606761076 0.021051702546802435 0.0039426477249500701 -0.016906199834679003 -0.11635604053735733 0.048050604599341046
leaf_weight=83029610 26 584 54778 936 23 180 1056 36 20 92 27 3648 50 42 40 45 194 27 128 99 21 40 21 26 27 33 556 1159 27 165
leaf_count=83029610 26 584 54778 936 23 180 1056 36 20 92 27 3648 50 42 40 45 194 27 128 99 21 40 21 26 27 33 556 1159 27 165
internal_value=0 -0.00180992 -0.00140575 -0.0171291 -0.0375424 -0.00148684 -0.00913391 -0.00632484 -0.0513139 -0.0911628 -0.193925 -0.00534142 -0.00968836 -0.000774754 -0.0044336 -0.000839639 1.34173e-06 -0.0100756 -0.00845572 -0.0397756 -0.0579069 -0.0477535 -0.0238131 -0.0459631 -0.0961133 -0.0489094 -0.00208302 -0.010673 -0.0262998 0.0140367
internal_weight=0 61583 60000 1583 607 59974 5109 4790 319 139 47 4754 3698 54865 976 54823 8.30321e+07 2523 2496 422 323 302 202 181 100 60 2074 1353 155 721
internal_count=83093716 61583 60000 1583 607 59974 5109 4790 319 139 47 4754 3698 54865 976 54823 83032133 2523 2496 422 323 302 202 181 100 60 2074 1353 155 721
is_linear=0
shrinkage=0.1


Tree=68
num_leaves=31
num_cat=0
split_feature=0 2 5 3 3 3 13 8 14 13 3 0 13 0 0 1 8 3 1 13 14 14 15 0 13 1 14 3 1 20
split_gain=19.8798 37.4862 23.4442 100.368 177.979 97.0135 91.8512 88.8422 55.001 82.7526 77.08 50.773 36.2088 43.4425 25.649 22.0725 72.1579 88.323 115.365 84.9395 85.1715 80.3946 70.7117 77.5787 101.773 157.625 131.432 57.1152 55.4784 53.4006
threshold=7.0086312294006357 -0.00064982305117019981 1.0000000180025095e-35 0.16051850467920306 0.23601249605417254 -0.024914499372243878 0.39574067294597631 0.74613162875175487 0.29396729171276098 0.21962033212184909 2.0711144208908085 115.07026672363283 0.041214259341359145 248.33558654785159 20.479997634887699 1.2666905803989707e-06 0.5664392113685609 -0.0028364999452605839 0.070650786016459965 0.65933024883270275 0.87071818113327037 0.83454889059066784 0.32166476547718054 149.61078643798831 0.12022032588720323 6.0782147360469059e-06 0.60262569785118114 0.18636399507522586 5.6660420142234267e-06 0.14896758645772937
decision_type=2 2 2 2 2 2 2 2 2 2 2 2 2 2 2 2 2 2 2 2 2 2 2 2 2 2 2 2 2 2
left_child=1 -1 15 5 -5 6 7 -4 9 -6 -11 14 13 -13 -7 29 -17 19 21 20 -18 22 23 -19 25 -25 27 -27 -21 -2
right_child=2 -3 3 4 8 11 -8 -9 -10 10 -12 12 -14 -15 -16 16 17 18 -20 28 -22 -23 -24 24 -26 26 -28 -29 -30 -31
leaf_value=0.0079024323576508525 3.0525919463016809e-05 -0.00049520041459725735 0.027060789317946955 0.28244997464396338 0.18522117842327468 0.07569689719897249 -0.077603166228668252 0.24992212189568416 -0.054794341288035432 0.10369505885022659 -0.13525332366978679 -0.089023626860164642 -0.040239695622859638 -0.20828062482178211 -0.036983545550358404 -0.00011087222296577658 0.049677097831079937 -0.04697969997545616 0.036300100086245145 -0.17697009667754174 0.27693581819534302 0.022219178935601599 0.10723623051529839 0.0061244341262270893 -0.26800111378543079 -0.22923526162731239 -0.37414782643318178 -0.05784268789466912 0.010110488605649011 -0.0032827680251903326
leaf_weight=5345 68862982 968677 53 27 33 23 44 27 79 27 27 112 85 42 166 13206259 94 315 159 23 20 105 21 89 40 29 25 59 51 48678
leaf_count=5345 68862982 968677 53 27 33 23 44 27 79 27 27 112 85 42 166 13206259 94 315 159 23 20 105 21 89 40 29 25 59 51 48678
internal_value=0 -0.000449118 5.32772e-06 -0.017734 0.04434 -0.0394374 0.0384482 0.102276 0.00561128 0.0604624 -0.0157791 -0.0620024 -0.092631 -0.121548 -0.0232711 5.48865e-06 -0.000112936 -0.02658 -0.040417 0.0353919 0.089547 -0.0582765 -0.0728994 -0.0796909 -0.122269 -0.0934117 -0.171807 -0.114324 -0.0480362 2.81855e-05
internal_weight=0 974022 8.21197e+07 745 193 552 124 80 166 87 54 428 239 154 189 8.21189e+07 1.32073e+07 1030 842 188 114 683 578 557 242 202 113 88 74 6.89117e+07
internal_count=83093716 974022 82119694 745 193 552 124 80 166 87 54 428 239 154 189 82118949 13207289 1030 842 188 114 683 578 557 242 202 113 88 74 68911660
is_linear=0
shrinkage=0.1


Tree=69
num_leaves=31
num_cat=0
split_feature=1 20 2 3 9 13 13 2 2 19 20 0 1 3 3 1 3 3 1 13 20 3 0 20 9 9 1 14 3 18
split_gain=19.5893 51.92 91.9481 138.711 86.0258 98.2351 84.2611 71.6026 145.474 82.091 71.2897 256.047 82.8698 65.1457 92.2804 180.699 280.982 104.54 135.767 84.9235 90.0238 82.1931 66.4701 63.1836 56.0104 74.5299 57.6325 54.9903 97.4039 96.9475
threshold=0.0009740921802358001 0.019886780530214313 -0.13604505617114263 -1.0000000180025095e-35 0.42287951707839971 0.011947933584451677 0.0041316214483231315 0.0070445719206095507 -0.015083690928206349 0.7019123136997224 0.99999997019767772 193.01679229736331 0.014622739945749553 1.0630374550819399 0.10090599954128267 0.011766311318164552 -0.35352151095867151 0.095732502639293685 0.0014384478279482504 0.98214671015739452 0.0071070231497287759 1.1838999986648562 435.28565979003912 0.98040542006492626 0.10814816877245904 0.27517622709274298 0.0052684475765885511 0.77703565359115612 1.8839390277862551 0.016976296901702884
decision_type=2 2 2 2 2 2 2 2 2 2 2 2 2 2 2 2 2 2 2 2 2 2 2 2 2 2 2 2 2 2
left_child=-1 7 3 -3 10 6 -6 8 27 13 12 -12 23 14 15 17 -17 -10 -19 20 21 22 -15 -5 -16 26 -26 -2 -29 -30
right_child=1 2 -4 4 5 -7 -8 -9 9 -11 11 -13 -14 19 24 16 -18 18 -20 -21 -22 -23 -24 -25 25 -27 -28 28 29 -31
leaf_value=1.7613082721080656e-06 0.00010325553645156715 0.26544320836015373 0.00060236367887948634 -0.0058435193052469511 -0.0011323392196621953 -0.092324388245256947 0.20777750462293626 0.0027615158947311416 -0.012690997809923788 0.090643178890056825 0.073089934934518846 -0.3689556732773781 0.047601727175806678 -0.030129953919976329 -0.0036231097979441324 -0.48283078134059904 -0.07619041061045323 -0.015696663662791252 -0.26645847326634747 0.11145993019946708 -0.19259422610289065 -0.013456699900137535 -0.093729142185578665 0.143200732866923 0.022304620534181599 0.016518958575195735 0.2223139939062736 -0.0011229512288745782 -0.090009572888224046 0.072879463363261454
leaf_weight=82984505 44088 23 14545 548 557 123 20 21569 2067 81 38 20 1264 743 11751 20 113 50 38 52 29 9859 211 30 25 369 34 621 281 42
leaf_count=82984505 44088 23 14545 548 557 123 20 21569 2067 81 38 20 1264 743 11751 20 113 50 38 52 29 9859 211 30 25 369 34 621 281 42
internal_value=0 -0.00133842 0.00371017 0.0209435 0.0187806 -0.0111872 0.0061089 -0.00228009 -0.0038231 -0.00986763 0.0298214 -0.0793396 0.0332586 -0.0101887 -0.00579056 -0.0242171 -0.137339 -0.0172355 -0.12398 -0.0160292 -0.0166407 -0.0161688 -0.0441964 0.00189234 -0.00232888 0.0332051 0.137564 -0.000408083 -0.0242893 -0.068829
internal_weight=0 109211 17168 2623 2600 700 577 92043 70474 25442 1900 58 1842 25361 14467 2288 133 2155 88 10894 10842 10813 954 578 12179 428 59 45032 944 323
internal_count=83093716 109211 17168 2623 2600 700 577 92043 70474 25442 1900 58 1842 25361 14467 2288 133 2155 88 10894 10842 10813 954 578 12179 428 59 45032 944 323
is_linear=0
shrinkage=0.1


Tree=70
num_leaves=31
num_cat=0
split_feature=10 1 17 1 13 3 20 20 4 4 20 3 16 2 4 3 4 7 4 1 2 2 1 1 2 6 0 3 7 15
split_gain=17.3945 112.58 52.9645 35.125 37.029 31.6453 22.0993 24.8332 28.8242 28.6801 20.9131 18.8899 17.6207 42.0028 40.5802 28.0481 25.8031 25.7506 41.3608 59.0082 78.428 179.533 78.7142 79.0758 76.4881 139.113 94.0664 76.4491 71.0821 64.5036
threshold=0.05694923177361489 0.029216446485834453 1.0000000180025095e-35 0.0014384478279482504 0.18062395602464679 -0.022071499377489086 0.87280812859535228 0.44704665243625646 1.0000000180025095e-35 0.27964606881141668 0.52729755640029918 -0.090998001396656022 0.99031487107276928 -1.7771433057367499e-05 0.98685157299041759 1.4925720095634463 0.98685157299041759 0.98685157299041759 0.9252023994922639 5.810947216937191e-06 -0.0031675768736981994 -0.0028157641639134996 0.00029186634002975007 5.8223959556884881e-06 -0.058934122107042346 0.98334485292434703 29.471488952636722 3.7290139198303227 0.91760551929473888 0.0072976776864379653
decision_type=2 2 2 2 2 2 2 2 2 2 2 2 2 2 2 2 2 2 2 2 2 2 2 2 2 2 2 2 2 2
left_child=12 2 3 5 10 11 7 9 -9 -7 -5 -2 17 16 15 -15 -14 18 -1 -20 24 -22 23 -23 -21 26 -26 -25 -28 -29
right_child=1 -3 -4 4 -6 6 -8 8 -10 -11 -12 -13 13 14 -16 -17 -18 -19 19 20 21 22 -24 27 25 -27 28 29 -30 -31
leaf_value=1.0394279100748847e-06 0.0060830999756612443 0.19331471673373521 -0.14384216180554144 -0.016153797858323046 -0.16636993638663131 -0.0038622594083414737 0.056979320493216315 -0.026037302490612365 -0.1619485229253769 0.054071339708482206 -0.10807145512823402 0.06981957157052332 -0.041071011583810137 -0.072359087593751495 0.045726985757595262 -0.007551967904720994 -0.14493507652233045 0.016730822241629736 -0.023199701096360201 0.0096778919244189451 0.26442006150881453 0.19633553341031074 0.080733712722857801 0.053354024554307503 0.071516340240263029 0.014766020279615944 -0.17122143422829286 -0.011339746070689107 -0.033970498448272927 -0.11919612443889492
leaf_weight=83074063 93 29 27 169 22 13401 60 71 20 86 29 93 118 73 136 784 30 920 1840 427 30 20 150 164 26 172 131 415 53 64
leaf_count=83074063 93 29 27 169 22 13401 60 71 20 86 29 93 118 73 136 784 30 920 1840 427 30 20 150 164 26 172 131 415 53 64
internal_value=0 -0.00351204 -0.00391769 -0.00364868 -0.0432918 -0.00301779 -0.00357654 -0.00384413 -0.0559079 -0.00349285 -0.0296165 0.0379513 5.9656e-07 -0.0124264 -0.00501922 -0.0130723 -0.0621245 7.67232e-07 5.81964e-07 -0.0108824 0.00283661 0.0241814 0.0153165 0.000516175 -0.0194052 -0.0519143 -0.106529 -0.00557463 -0.131687 -0.0257506
internal_weight=0 14100 14071 14044 220 13824 13638 13578 91 13487 198 186 8.30796e+07 1141 993 857 148 8.30785e+07 8.30776e+07 3492 1652 843 813 663 809 382 210 643 184 479
internal_count=83093716 14100 14071 14044 220 13824 13638 13578 91 13487 198 186 83079616 1141 993 857 148 83078475 83077555 3492 1652 843 813 663 809 382 210 643 184 479
is_linear=0
shrinkage=0.1


Tree=71
num_leaves=31
num_cat=0
split_feature=22 9 21 8 3 15 15 3 0 0 13 3 8 3 3 3 15 3 14 13 13 3 2 14 8 0 3 0 13 0
split_gain=17.1626 57.5649 51.4862 57.455 81.7639 55.2248 73.6003 131.446 87.0116 70.1461 74.2281 72.6088 56.9342 50.8774 48.5638 59.1407 50.5489 48.0867 61.1505 48.0123 43.3155 41.7834 35 34.5587 66.9948 37.9079 33.3492 31.0694 29.549 27.3231
threshold=1.0000000180025095e-35 0.53051573038101207 1.0000000180025095e-35 0.74613162875175487 0.21933950483798983 0.048471070826053626 0.087472006678581252 0.56513798236846935 169.45611572265628 311.14414978027349 0.056825529783964164 -0.028119499795138832 0.28284921497106558 -1.0000000180025095e-35 0.13415650278329852 0.01087299967184663 0.063147000968456282 0.24876549839973452 0.75533217191696178 0.092945925891399397 0.73734441399574291 0.11009649932384492 7.1408479535594642e-05 0.70569849014282238 0.46194367110729223 473.20716857910162 0.0420490000396967 120.25701904296876 0.12630172073841098 28.343158721923832
decision_type=2 2 2 2 2 2 2 2 2 2 2 2 2 2 2 2 2 2 2 2 2 2 2 2 2 2 2 2 2 2
left_child=-1 2 3 5 14 9 8 -8 -7 20 11 -11 21 -14 15 16 -5 -6 -19 -4 22 -12 29 24 25 -13 -17 -16 -18 -2
right_child=1 -3 19 4 17 6 7 -9 -10 10 12 23 13 -15 27 26 28 18 -20 -21 -22 -23 -24 -25 -26 -27 -28 -29 -30 -31
leaf_value=-2.5075299549664316e-07 -0.037492292925778131 -0.15664436075659027 -0.20667988762614276 -0.091594408482830958 0.1848764451146126 0.29180766268184893 -0.049170845494970583 0.22014737018228822 0.063768441943367102 0.21290156218138609 -0.15139228473934863 0.022943887834626805 0.17779462838714774 -0.0071009245417688206 -0.05899758614413441 0.1083115520909792 0.062247065252052959 0.11824564200639726 -0.11322681696287223 -0.0015752265416085721 0.11541748416017404 -0.002891905508004129 -0.10556688640452545 -0.067047875800303053 0.22949707005982814 0.10260603679143775 -0.031808684740600911 -0.21828770249073082 -0.084348217379301788 0.0069807408246355994
leaf_weight=83091184 156 21 21 134 25 27 74 24 44 33 36 167 22 46 25 41 44 25 21 25 33 40 31 21 23 93 29 24 20 1207
leaf_count=83091184 156 21 21 134 25 27 74 24 44 33 36 167 22 46 25 41 44 25 21 25 33 40 31 21 23 93 29 24 20 1207
internal_value=0 0.0082329 0.00961181 0.0115679 -0.0237551 0.0181665 0.0729557 0.0167846 0.150488 0.0133136 0.0463393 0.0720183 -0.0137567 0.0527182 -0.0454803 -0.0287441 -0.0566755 0.0732435 0.0125734 -0.09521 0.00218161 -0.0732342 -0.000499008 0.0567251 0.0659096 0.0514384 0.0502617 -0.137017 0.016436 0.00189065
internal_weight=0 2532 2511 2465 388 2077 169 98 71 1908 481 337 144 68 317 268 198 71 46 46 1427 76 1394 304 283 260 70 49 64 1363
internal_count=83093716 2532 2511 2465 388 2077 169 98 71 1908 481 337 144 68 317 268 198 71 46 46 1427 76 1394 304 283 260 70 49 64 1363
is_linear=0
shrinkage=0.1


Tree=72
num_leaves=31
num_cat=0
split_feature=0 1 1 15 4 2 19 2 15 4 15 0 20 3 20 1 0 2 2 9 3 3 2 6 2 2 13 18 1 4
split_gain=16.8769 18.9656 16.7297 43.4253 55.3118 82.325 80.1074 193.194 72.6977 58.2629 54.6355 76.8071 53.6936 72.6293 68.3502 68.7432 65.7227 116.418 140.916 169.46 173.799 314.791 163.776 94.8075 87.6485 79.5555 57.7291 55.034 155.525 82.3353
threshold=3.4479532241821294 0.00016850223223065003 0.0009740921802358001 0.0088379974476993101 0.65088403224945079 -0.017768915179840597 0.032334839925169952 -0.13604505617114263 0.36691232025623327 0.38595117628574377 0.037673106417059905 73.982284545898452 0.019886780530214313 1.7505649924278261 0.33817726373672491 0.0039542978823803006 131.18572235107425 -0.0020857895332007498 -0.0048443123848370987 0.15808844566345218 2.9375464916229252 2.2194035053253178 -0.004489063891515049 0.72313192486763012 -0.13604505617114263 -0.0040520794056662984 0.78986126184463512 0.21915384382009509 0.029216446485834453 1.0000000180025095e-35
decision_type=2 2 2 2 2 2 2 2 2 2 2 2 2 2 2 2 2 2 2 2 2 2 2 2 2 2 2 2 2 2
left_child=1 -1 -2 12 6 -6 -5 8 9 -8 11 -9 13 -4 15 -14 24 18 23 20 21 -20 -21 26 27 -22 -18 -15 -29 -30
right_child=2 -3 3 4 5 -7 7 10 -10 -11 -12 -13 14 16 -16 -17 17 -19 19 22 25 -23 -24 -25 -26 -27 -28 28 29 -31
leaf_value=-0.0007763194956401778 4.4239475817766824e-06 0.011458857153335868 -0.0014743337101898995 0.0016232955607239715 -0.063293896458121432 0.039479575099023147 0.027255442964199645 0.30433265501260759 -0.16913483230506673 -0.091875759401979562 0.065982444031663187 0.077437218057142723 0.0033274578777180153 0.0042642622702180359 2.8981955718504163e-05 0.03873606462150897 -0.014465864971554016 0.0026455621637064301 -0.045597596111751737 -0.25842569489632883 0.084280014605749229 -0.57575203112016127 -0.019064762297388401 -0.13467332132494272 -0.006791617343926467 -0.14186779019733273 -0.10908805566624953 0.23671743980107399 0.17885612892253058 0.020523781782386591
leaf_weight=316522 82666985 1272 45615 31105 287 107 130 25 34 60 306 37 1198 865 9628 1011 8023 3293 21 31 21 24 367 67 5950 60 65 39 35 533
leaf_count=316522 82666985 1272 45615 31105 287 107 130 25 34 60 306 37 1198 865 9628 1011 8023 3293 21 31 21 24 367 67 5950 60 65 39 35 533
internal_value=0 -0.000727347 2.79197e-06 -0.00123563 0.00185397 -0.0353833 0.00231684 0.0387571 -0.0344639 -0.0103649 0.0833264 0.168927 -0.00252586 -0.00365379 0.00366879 0.019533 -0.00877992 -0.0133635 -0.0194376 -0.0697056 -0.170776 -0.328347 -0.0377085 -0.0162077 -0.00138647 -0.0832369 -0.0152263 0.0204618 0.0435439 0.0302802
internal_weight=0 317794 8.27759e+07 108937 32091 394 31697 592 224 190 368 62 76846 65009 11837 2209 19394 11972 8679 524 126 45 398 8155 7422 81 8088 1472 607 568
internal_count=83093716 317794 82775922 108937 32091 394 31697 592 224 190 368 62 76846 65009 11837 2209 19394 11972 8679 524 126 45 398 8155 7422 81 8088 1472 607 568
is_linear=0
shrinkage=0.1


Tree=73
num_leaves=31
num_cat=0
split_feature=0 1 3 2 0 20 3 2 2 20 3 3 3 2 20 9 0 6 2 20 15 15 13 19 9 15 20 9 9 4
split_gain=16.7045 52.7398 97.97 84.348 68.0024 57.2247 111.629 96.0441 143.097 98.4407 105.587 477.613 126.237 119.612 86.6641 109.682 89.4583 79.0837 81.8095 132.305 98.5779 79.5587 75.3941 74.4987 73.3408 66.7134 66.0127 61.6217 63.3752 57.6524
threshold=206.14579010009768 0.0074286826741851008 -0.39716699719429011 0.012807305009889853 764.62792968750011 0.71420341730117809 0.20213949680328372 -0.13604505617114263 -0.023532365795297047 0.94167014956474315 2.0711144208908085 1.9652274847030642 1.4342429637908938 -0.029150001330241947 0.99852940440177929 0.93153563141822826 426.89070129394537 1.0000000180025095e-35 -0.13604505617114263 0.11672918871045114 0.5042116940021516 0.053594669327139861 0.11116161569952966 0.61783882975578319 0.88208577036857616 0.049373248592019088 0.97406631708145153 1.0000000180025095e-35 0.021589648909866813 0.68211069703102123
decision_type=2 2 2 2 2 2 2 2 2 2 2 2 2 2 2 2 2 2 2 2 2 2 2 2 2 2 2 2 2 2
left_child=-1 -2 -3 4 5 17 -7 14 9 10 11 12 -9 -12 15 24 -17 18 19 20 27 -19 -21 -20 26 -11 -8 -4 -29 -25
right_child=1 2 3 -5 -6 6 7 8 -10 25 13 -13 -14 -15 -16 16 -18 21 23 22 -22 -23 -24 29 -26 -27 -28 28 -30 -31
leaf_value=-4.4856098352332509e-05 4.6593242312928043e-05 -0.19733716510581201 -0.029967513164835487 -0.032127363601416027 0.026558895797210949 0.17255935469043576 0.013347363336888711 -0.027539073659314052 0.015245184357296033 0.015013262418496027 -0.041607718973277003 -0.60928979941776829 -0.22835202933444332 -0.26303176935072298 -0.13613279352062627 -0.013185871914029122 -0.27830600321292875 -0.14849203137167985 0.0038902166726119073 0.04084567909458104 -0.1898289185923499 0.062883646506816146 -0.094659986040658423 0.11247174691084934 0.2148817452399627 -0.17997900903224948 0.14893809341166805 0.1777856853825075 0.0056658972868496929 0.007797050049778112
leaf_weight=41529005 41554381 27 1735 1150 700 28 289 90 246 143 253 21 48 27 38 35 20 69 4410 469 37 24 45 115 23 20 41 27 103 97
leaf_count=41529005 41554381 27 1735 1150 700 28 289 90 246 143 253 21 48 27 38 35 20 69 4410 469 37 24 45 115 23 20 41 27 103 97
internal_value=0 4.48172e-05 -0.00709957 -0.00660104 -0.00339386 -0.00587428 -0.0249836 -0.0292581 -0.0490159 -0.0752754 -0.099916 -0.164997 -0.0973871 -0.0629593 0.0083082 0.021761 -0.109593 -0.00233164 -0.00112108 -0.0160334 -0.0281985 -0.0939435 0.0289823 0.00667383 0.042227 -0.00891217 0.0301935 -0.0249919 0.0414139 0.0645781
internal_weight=0 4.15647e+07 10330 10303 9153 8453 1322 1294 848 602 439 159 138 280 446 408 55 7131 7038 2416 1902 93 514 4622 353 163 330 1865 130 212
internal_count=83093716 41564711 10330 10303 9153 8453 1322 1294 848 602 439 159 138 280 446 408 55 7131 7038 2416 1902 93 514 4622 353 163 330 1865 130 212
is_linear=0
shrinkage=0.1


Tree=74
num_leaves=31
num_cat=0
split_feature=2 16 1 20 3 0 3 3 3 3 2 1 1 16 2 17 6 4 1 0 19 1 20 1 13 9 1 3 0 15
split_gain=16.3384 49.9927 46.5935 76.1585 73.0492 55.0102 55.9537 50.8319 93.066 49.2202 114.378 34.7556 33.6009 57.7432 54.3491 62.7679 57.2751 74.6926 55.4997 65.7426 61.6599 62.4766 63.293 47.0405 46.2039 61.0868 49.7705 121.781 98.4355 80.0581
threshold=0.0091869288168362519 0.64080783724784862 0.0074286826741851008 0.94167014956474315 -0.16519050300121305 266.93064880371099 1.0986645221710207 0.87307497859001171 0.89643099904060375 1.0000000180025095e-35 0.085824421418069854 0.011766311318164552 0.00021120115181430004 0.89584308862686168 -0.019336473726990048 1.0000000180025095e-35 0.898319572210312 0.98685157299041759 0.029216446485834453 188.64375305175784 0.7019123136997224 0.0009740921802358001 0.019886780530214313 0.070650786016459965 0.34388993680477148 0.91588988900184642 0.0039542978823803006 -0.36827149987220759 223.96001434326175 0.71975088119506847
decision_type=2 2 2 2 2 2 2 2 2 2 2 2 2 2 2 2 2 2 2 2 2 2 2 2 2 2 2 2 2 2
left_child=12 2 -2 4 -4 6 7 11 -9 10 -7 -6 -1 14 16 18 17 -14 20 -20 21 -16 24 -19 26 -26 -23 28 -28 -29
right_child=1 -3 3 -5 5 9 -8 8 -10 -11 -12 -13 13 -15 15 -17 -18 23 19 -21 -22 22 -24 -25 25 -27 27 29 -30 -31
leaf_value=2.284237958078649e-06 0.0016726707226594807 0.094962919333524881 0.08979120269994921 -0.19301850128432979 -0.026661993559318767 -0.019503370778491864 0.027800561652201503 -0.17604057654354943 -0.019798661769053205 -0.024599284586222632 -0.24169276969300377 0.011637682490536701 0.0011983281377793229 -0.083979145322172419 -0.0011857954985915553 -0.066809330000260833 0.1081071406006813 -0.16443892138344901 -0.0075591799331899585 0.068959029892575935 0.075393890610724268 -0.0059970299912080506 0.005040861982257336 -0.037381384774357422 0.013256956069836567 -0.12866575975091227 -0.036290400617179419 -0.014018201867546064 -0.34627723097801211 -0.20090045294036038
leaf_weight=82715299 88139 57 71 23 403 65 452 51 151 797 36 575 82221 84 168113 149 50 35 211 240 103 23171 4715 174 1399 31 21 6837 20 23
leaf_count=82715299 88139 57 71 23 403 65 452 51 151 797 36 575 82221 84 168113 149 50 35 211 240 103 23171 4715 174 1399 31 21 6837 20 23
internal_value=0 0.00134053 0.00128173 -0.0118496 -0.0102476 -0.013055 -0.00211699 -0.0135769 -0.0592459 -0.0329335 -0.0986996 -0.00414429 -1.46746e-06 -0.00108049 -0.00105627 -0.00192829 0.00111146 0.00104656 -0.00188111 0.03316 -0.00195841 -0.00199741 -0.00576476 -0.058659 -0.00738208 0.0101803 -0.00821721 -0.0156718 -0.187503 -0.0146448
internal_weight=0 90820 90763 2624 2601 2530 1632 1180 202 898 101 978 8.30029e+07 287597 287513 205033 82480 82430 204884 451 204433 204330 36217 209 31502 1430 30072 6901 41 6860
internal_count=83093716 90820 90763 2624 2601 2530 1632 1180 202 898 101 978 83002896 287597 287513 205033 82480 82430 204884 451 204433 204330 36217 209 31502 1430 30072 6901 41 6860
is_linear=0
shrinkage=0.1


Tree=75
num_leaves=31
num_cat=0
split_feature=14 1 2 1 15 15 2 3 3 3 0 0 14 17 2 0 2 14 22 3 3 0 15 15 13 14 3 1 3 2
split_gain=16.0128 29.1799 73.6373 34.9267 70.0323 26.4895 48.9075 49.552 31.6854 60.9578 32.6398 27.5612 28.8102 24.4408 22.6568 24.8445 25.3772 21.5085 21.4854 20.4158 40.6481 25.7793 31.9535 20.6539 19.8834 19.8433 19.2337 19.0667 19.0157 18.4561
threshold=0.91969251632690441 0.00062457601494615006 -0.038089963686641991 0.00088545100318140012 0.019132312387228016 0.00044526625424623495 -0.0017183350535578997 2.5028109550476079 0.91987800598144542 1.2253984808921816 235.93595123291018 41.176034927368171 0.99805516004562389 1.0000000180025095e-35 -0.03362212212173319 431.02168273925787 -0.0097486017193267483 0.99078932404518139 1.0000000180025095e-35 1.0000000180025095e-35 -0.087232500314712511 511.45709228515631 0.055289354175329215 0.14611191302537921 0.099891610443592085 0.98010042309761058 0.82828798890113842 0.029216446485834453 0.77160400152206432 0.020300758245390255
decision_type=2 2 2 2 2 2 2 2 2 2 2 2 2 2 2 2 2 2 2 2 2 2 2 2 2 2 2 2 2 2
left_child=29 2 -2 4 14 13 8 11 28 10 -10 12 24 18 -3 -16 -17 -15 -4 20 23 22 -22 -13 -8 -18 -14 -5 -7 -1
right_child=1 3 5 27 -6 6 7 -9 9 -11 -12 19 26 17 15 16 25 -19 -20 -21 21 -23 -24 -25 -26 -27 -28 -29 -30 -31
leaf_value=1.2443678572486417e-07 0.16699671660764859 0.014479707393830069 -0.00080512791945660665 -0.0061885057758981699 -0.20500646725944849 -0.0380363281952062 0.017391153748687958 -0.12257366209394403 -0.075607522577047351 -0.033900244371290064 -0.24287068102774875 0.026345181884244086 -0.11539362863852427 0.14712634095478624 -0.025204977949276026 -0.17665317332880065 -0.020626970757182471 0.0040030756610490029 0.068321194313466546 -0.0088682100018251508 0.030137410960603683 -0.027339052936683102 0.15584009245802197 -0.10054841814883825 0.085864928144431529 -0.13815367098897696 0.011650438352741979 0.064312424543313693 0.035463206097483636 0.0020770890624567926
leaf_weight=82989327 26 107 54778 936 23 132 434 36 20 91 28 23 26 21 384 22 51 21 45 4068 42 24 39 29 47 20 22 40 48 42806
leaf_count=82989327 26 107 54778 936 23 132 434 36 20 91 28 23 26 21 384 22 51 21 45 4068 42 24 39 29 47 20 22 40 48 42806
internal_value=0 -0.00161192 -0.00125835 -0.0150132 -0.0338484 -0.00133129 -0.00821836 -0.00569345 -0.0461317 -0.0819961 -0.173178 -0.00480836 0.0167098 -0.000689969 -0.0271075 -0.0364363 -0.082811 0.0755647 -0.000748387 -0.00750259 0.0278817 0.0636895 0.0906609 -0.0444224 0.0240819 -0.0537331 -0.0571651 -0.00329912 -0.0184365 1.19519e-06
internal_weight=0 61583 60000 1583 607 59974 5109 4790 319 139 48 4754 529 54865 584 477 93 42 54823 4225 157 105 81 52 481 71 48 976 180 8.30321e+07
internal_count=83093716 61583 60000 1583 607 59974 5109 4790 319 139 48 4754 529 54865 584 477 93 42 54823 4225 157 105 81 52 481 71 48 976 180 83032133
is_linear=0
shrinkage=0.1


Tree=76
num_leaves=31
num_cat=0
split_feature=3 22 3 12 0 13 3 3 3 0 4 0 2 4 9 9 18 3 15 17 15 8 8 13 20 3 9 20 20 20
split_gain=15.182 57.7245 63.9334 54.0972 70.5054 57.5875 50.1269 74.1062 45.4273 39.5803 47.2472 39.141 38.459 51.9175 59.9162 73.2493 52.7862 113.137 51.4773 50.7419 49.9637 47.4745 56.1546 54.2386 46.3499 50.956 217.508 58.5054 70.6863 58.0819
threshold=0.32970249652862554 0.96153518557548534 0.73574399948120128 0.15723580867052081 285.02587890625006 0.48284983634948736 -0.080220501869916902 -0.0028364999452605839 -0.0028364999452605839 54.11700630187989 0.067786492407321944 13.528689861297609 -1.7771433057367499e-05 0.68211069703102123 0.99298143386840831 0.74035614728927623 0.90562623739242565 3.7290139198303227 0.19735587388277057 0.57706825435161602 0.0015556984581053259 0.74613162875175487 0.07163399271667005 0.18582776933908465 0.50538161396980297 3.343134999275208 0.0018839556141756477 0.69166481494903576 0.97406631708145153 0.8958687186241151
decision_type=2 2 2 2 2 2 2 2 2 2 2 2 2 2 2 2 2 2 2 2 2 2 2 2 2 2 2 2 2 2
left_child=3 9 -3 -1 6 -6 -5 -8 -7 10 -2 -12 13 16 15 18 19 -18 -15 21 -21 22 -11 -24 -14 -26 27 -27 29 -29
right_child=1 2 -4 4 5 8 7 -9 -10 12 11 -13 24 14 -16 -17 17 -19 -20 20 -22 -23 23 -25 25 26 -28 28 -30 -31
leaf_value=1.5498347942372718e-05 0.00031085684591193239 0.14680014025985397 -0.013275174465444354 -0.094656417689346267 0.027856286664803828 -0.025611368368069334 0.1804706419902769 -0.0086645838242634145 -0.17149233875758443 -0.00096867678005216936 0.025906537431061673 0.0053069982384989604 -0.00013603771598446723 -0.011948247374542311 0.12645142232378323 -0.11315422165331741 0.029224593097306031 -0.19038997827304735 -0.17293710958212616 -0.12936286429281071 0.0040506315202667167 -0.1157827593593134 0.029938937913878323 0.18966430464516515 -0.0020675507276629278 -0.016332412548757055 -0.0049256563125240974 -0.073855623507200666 -0.01289504357170494 -0.15349625424320873
leaf_weight=73700560 1515685 56 45 62 30 30 22 355 74 496711 1131 5001 7335942 2880 30 75 49 45 20 61 52 36 281 23 28578 201 5130 294 124 133
leaf_count=73700560 1515685 56 45 62 30 30 22 355 74 496711 1131 5001 7335942 2880 30 75 49 45 20 61 52 36 281 23 28578 201 5130 294 124 133
internal_value=0 -0.000119736 0.0754795 1.52595e-05 -0.0307109 -0.0942021 -0.0113309 0.00237249 -0.129411 -0.000120549 0.000346298 0.00910642 -0.000210815 -0.00105929 -0.014164 -0.0155819 -0.000980098 -0.07591 -0.0130585 -0.000965931 -0.067969 -0.000950698 -0.000942381 0.0420234 -0.000153225 -0.00381211 -0.0122882 -0.0625138 -0.0793603 -0.0986617
internal_weight=0 9.39258e+06 101 7.37011e+07 573 134 439 377 104 9.39248e+06 1.52182e+06 6132 7.87066e+06 500263 3005 2975 497258 94 2900 497164 113 497051 497015 304 7.3704e+06 34460 5882 752 551 427
internal_count=83093716 9392583 101 73701133 573 134 439 377 104 9392482 1521817 6132 7870665 500263 3005 2975 497258 94 2900 497164 113 497051 497015 304 7370402 34460 5882 752 551 427
is_linear=0
shrinkage=0.1


Tree=77
num_leaves=31
num_cat=0
split_feature=2 10 1 20 3 19 15 15 18 7 6 18 15 15 15 13 3 14 15 2 1 3 15 3 0 3 9 1 2 14
split_gain=15.5797 50.1429 33.6368 45.7104 51.532 74.7598 67.8075 54.6332 85.5039 66.3099 65.7429 65.0942 50.1563 76.3087 49.0389 61.3278 44.9058 60.0529 52.5125 122.145 121.973 50.8666 138.964 36.9551 36.4436 43.1645 123.445 72.6002 68.7225 56.7933
threshold=-0.029150001330241947 0.41850791871547705 0.0023825874081039003 1.0000000180025095e-35 0.78813800215721141 1.0000000180025095e-35 0.79552990198135387 0.011260102503001692 0.61531996726989757 0.81283089518547069 0.11898779869079591 0.79550775885581981 0.1246604658663273 0.061096025630831725 0.15221791714429858 0.34388993680477148 0.44360150396823889 0.01403336087241769 1.0000000180025095e-35 -0.025553262607634599 0.014622739945749553 -0.36827149987220759 0.018086912110447887 0.40352150797843939 122.00301361083986 2.2194035053253178 0.086834520101547255 0.029216446485834453 0.085824421418069854 0.021788221783936027
decision_type=2 2 2 2 2 2 2 2 2 2 2 2 2 2 2 2 2 2 2 2 2 2 2 2 2 2 2 2 2 2
left_child=1 -1 -2 4 14 6 7 9 10 24 -9 -10 13 -12 16 -16 17 18 -4 20 -20 22 -21 -23 -6 27 28 -26 29 -27
right_child=2 -3 3 -5 5 -7 -8 8 11 -11 12 -13 -14 -15 15 -17 -18 -19 19 21 -22 23 -24 -25 25 26 -28 -29 -30 -31
leaf_value=0.0018068477016322225 3.0123160339214457e-08 -0.060853767061053082 -0.0034474406827584934 0.005232195580950812 -0.006709706801853144 0.03150954993901884 -0.18270355848514516 -0.004887343370931667 0.23287750792044859 0.11351866320706905 0.035294673935725142 0.039088023192688039 0.008855617323926852 0.2883465541357344 0.017318755163024096 0.14902852920664322 0.0072463868093370788 0.034376169282223805 -0.037448661757961792 -0.31941929280757908 -0.32214110129409368 -0.012207704474163425 0.040998568418233294 -0.072045081543111081 -0.01667833993135857 -0.058676402567788027 -0.011310239201173381 0.048719030266169812 0.065671119985303714 -0.16365023549307478
leaf_weight=56089 83010084 128 3938 4916 3048 425 23 3066 26 40 26 52 51 22 794 37 3263 326 34 20 27 1471 23 111 3286 819 1295 179 42 55
leaf_count=56089 83010084 128 3938 4916 3048 425 23 3066 26 40 26 52 51 22 794 37 3263 326 34 20 27 1471 23 111 3286 819 1295 179 42 55
internal_value=0 0.00166418 -1.12652e-06 -0.00350333 -0.00541203 -0.00970975 -0.011166 -0.0108374 0.000251532 -0.0149407 -0.00229753 0.103685 0.0779083 0.151277 -8.26666e-05 0.0231831 -0.00218121 -0.00735133 -0.0097701 -0.024538 -0.16346 -0.019323 -0.126638 -0.0164062 -0.0155297 -0.020266 -0.0311829 -0.0132999 -0.0592779 -0.0652823
internal_weight=0 56217 8.30375e+07 27415 22499 12455 12030 12007 3243 8764 3165 78 99 48 10044 831 9213 5950 5624 1686 61 1625 43 1582 8724 5676 2211 3465 916 874
internal_count=83093716 56217 83037499 27415 22499 12455 12030 12007 3243 8764 3165 78 99 48 10044 831 9213 5950 5624 1686 61 1625 43 1582 8724 5676 2211 3465 916 874
is_linear=0
shrinkage=0.1


Tree=78
num_leaves=31
num_cat=0
split_feature=3 20 2 2 9 14 14 1 9 13 0 4 2 5 3 8 3 3 8 13 15 14 0 0 13 15 16 2 4 0
split_gain=15.0772 23.7477 27.2612 157.16 19.1967 19.7753 87.3662 16.6945 14.5478 20.2305 14.3355 39.4568 20.3515 17.7004 84.9947 142.926 81.3362 72.3853 144.959 57.6358 64.0851 46.6873 37.5753 19.6828 20.8368 18.151 16.6362 29.4028 32.3396 27.4014
threshold=-0.73734748363494862 0.32240396738052374 -0.005181145005498349 -0.010282428188000599 0.10814816877245904 0.003786049317568541 0.028885867446660999 0.0011117021798126004 0.3973525613546372 0.42222262918949133 8.4995489120483416 0.072617162019014372 -0.00064982305117019981 1.0000000180025095e-35 0.16051850467920306 0.28284921497106558 -0.0028364999452605839 1.1838999986648562 0.74613162875175487 0.84625220298767101 0.026861370541155342 0.22512158006429675 367.91757202148443 103.36304473876955 0.63029062747955333 0.034605244174599654 0.99031487107276928 -1.7771433057367499e-05 0.98685157299041759 274.52044677734381
decision_type=2 2 2 2 2 2 2 2 2 2 2 2 2 2 2 2 2 2 2 2 2 2 2 2 2 2 2 2 2 2
left_child=1 4 3 -3 7 8 -7 -1 -6 -10 11 12 -2 26 16 -16 19 18 -17 20 21 -15 23 -18 25 -25 -12 -28 29 -29
right_child=10 2 -4 -5 5 6 -8 -9 9 -11 13 -13 -14 14 15 17 22 -19 -20 -21 -22 -23 -24 24 -26 -27 27 28 -30 -31
leaf_value=0.0013877250442312626 0.0049620176950878076 0.018459580188655123 -0.011237678046779167 -0.30851351576192038 -0.015880337009768621 -0.1998859160712787 0.0063869393333889444 0.074782024175792397 -0.00026208011317395435 -0.087242311749745297 3.9047969091744608e-06 0.02579050290339488 -0.00037230321075073088 0.15726954694837333 0.25993784734835995 0.21278881854132603 -0.020664811503344316 -0.084725591101284539 -0.029211137080843837 -0.07982815575386798 0.21181763607698181 -0.019526317557793552 -0.15678120780204025 -0.068752694257529653 0.0088829715165399739 -0.16720338456687475 -0.054126783343006496 -0.02249269472669747 0.041252935486697846 0.023050739135521647
leaf_weight=119344 7192 49 348 21 873 28 77 31 2779 27 81668652 578 1291891 20 26 38 152 56 71 35 24 59 35 173 31 21 146 647 126 166
leaf_count=119344 7192 49 348 21 873 28 77 31 2779 27 81668652 578 1291891 20 26 38 152 56 71 35 24 59 35 173 31 21 146 647 126 166
internal_value=0 0.00110375 -0.0226913 -0.0796323 0.00118451 -0.0058278 -0.0486192 0.00140678 -0.00460652 -0.00109902 -1.64352e-06 -0.000331149 -0.000342771 3.60006e-06 -0.0154518 0.0420196 -0.0354101 0.00768092 0.0551558 0.0310361 0.0687084 0.0252321 -0.0576663 -0.0484646 -0.067245 -0.0794097 3.74029e-06 -0.0123788 -0.00588763 -0.0131935
internal_weight=0 123577 418 70 123159 3784 105 119375 3679 2806 8.29701e+07 1.29966e+06 1.29908e+06 8.16705e+07 741 191 550 165 109 138 103 79 412 377 225 194 8.16697e+07 1085 939 813
internal_count=83093716 123577 418 70 123159 3784 105 119375 3679 2806 82970139 1299661 1299083 81670478 741 191 550 165 109 138 103 79 412 377 225 194 81669737 1085 939 813
is_linear=0
shrinkage=0.1


Tree=79
num_leaves=31
num_cat=0
split_feature=14 18 2 15 14 13 9 3 14 14 15 15 1 3 3 1 0 16 3 14 15 1 3 20 15 2 1 3 3 1
split_gain=13.8457 34.9138 56.0997 33.9785 64.4404 61.7659 46.8674 52.4325 51.6974 69.2516 67.7847 202.683 112.046 66.5909 61.7739 51.1323 49.9545 48.3906 45.7406 49.9052 43.1383 40.9469 46.4573 104.451 37.0189 84.061 164.737 62.4753 36.9627 36.0485
threshold=0.0025480916956439619 0.21915384382009509 -0.04365553592328409 0.00044526625424623495 0.3679694682359696 0.26789896190166479 0.72057884931564342 1.8839390277862551 0.79382792115211498 0.94182702898979198 0.012041170150041582 0.0079181981272995489 1.8125423324538831e-06 2.5028109550476079 1.9652274847030642 0.00076514363264160005 453.58125305175787 0.066122770309448256 -0.039658499881625169 0.57185697555542003 0.30574336647987371 0.0031975020619471003 4.1433904170989999 0.53246402740478527 0.0022438119631260638 0.00057570800813040019 5.9082915430927562e-05 0.56513798236846935 3.343134999275208 5.8549226438813595e-06
decision_type=2 2 2 2 2 2 2 2 2 2 2 2 2 2 2 2 2 2 2 2 2 2 2 2 2 2 2 2 2 2
left_child=-1 3 -3 -2 21 6 7 18 17 10 11 -10 14 15 -13 -12 -17 20 19 -6 29 -5 28 -24 25 -20 -27 -28 -23 -9
right_child=1 2 -4 4 5 -7 -8 8 9 -11 13 12 -14 -15 -16 16 -18 -19 24 -21 -22 22 23 -25 -26 26 27 -29 -30 -31
leaf_value=3.1690459353482186e-06 -5.2421959030531542e-05 0.018175010216067135 -0.081992105645247546 -0.0005886337586805063 -0.062193228247021483 0.014124690228104917 0.03277687787818799 -0.021721379535662069 -0.029312786453543873 0.0056711554151284748 -0.011822102794927387 -0.13075206780239293 -0.016455089774293205 -0.11894456986586253 -0.32941042251257724 -0.019452379645817742 -0.16455396044918377 -0.15687071809714492 -0.011548378798734263 -0.0042062577592380549 0.028454833764511842 0.02234119364269176 0.039681406137911053 -0.2395474661407726 -0.0038049405019168155 -0.30161157240470254 0.072826617892299383 -0.085918818418593973 0.093010069915028512 -6.6491304082588737e-05
leaf_weight=82595951 381628 97 132 77697 290 1551 305 1640 219 396 747 23 24 75 49 49 46 22 965 304 295 531 37 21 28939 30 35 85 86 1447
leaf_count=82595951 381628 97 132 77697 290 1551 305 1640 219 396 747 23 24 75 49 49 46 22 965 304 295 531 37 21 28939 30 35 85 86 1447
internal_value=0 -0.000525825 -0.0395632 -0.000507857 -0.00200738 -0.00541443 -0.0062566 -0.00659026 -0.0160509 -0.0307074 -0.0424005 -0.0824217 -0.203576 -0.0286528 -0.26595 -0.0206102 -0.0897121 -0.0090412 -0.00503696 -0.0325164 -0.00807957 -0.000375585 0.0241478 -0.0614187 -0.00449384 -0.0223737 -0.0920168 -0.0396181 0.0321913 -0.0115709
internal_weight=0 497765 229 497536 115908 37536 35985 35680 5032 1628 1232 315 96 917 72 842 95 3404 30648 594 3382 78372 675 58 30054 1115 150 120 617 3087
internal_count=83093716 497765 229 497536 115908 37536 35985 35680 5032 1628 1232 315 96 917 72 842 95 3404 30648 594 3382 78372 675 58 30054 1115 150 120 617 3087
is_linear=0
shrinkage=0.1


Tree=80
num_leaves=31
num_cat=0
split_feature=0 7 2 16 1 3 1 3 13 7 15 13 2 2 2 4 3 1 4 0 0 9 3 1 2 4 4 1 1 4
split_gain=13.8989 38.2217 43.6758 42.4353 42.4338 127.775 60.5334 32.5655 68.5457 83.8304 66.1094 60.1285 53.4482 143.187 56.221 61.3095 53.1755 107.466 63.5837 42.4338 46.8721 56.3554 42.4038 38.4013 39.1076 38.3553 35.854 34.6134 58.0089 33.0952
threshold=299.24307250976568 0.58556854724884044 -0.008747229335895149 1.0000000180025095e-35 0.00045996814701465002 3.7290139198303227 0.00030391057890810001 2.0711144208908085 0.0047678176779299983 0.98685157299041759 0.0019134719623252752 0.12630172073841098 0.00044656805810885009 8.8704250177732924e-05 0.0016804147046444501 0.65088403224945079 0.77160400152206432 0.00018956293846100002 0.62018048763275158 764.62792968750011 449.00379943847662 0.65845265984535228 3.343134999275208 0.00012675732953765004 0.0026143326242449505 0.72271147370338451 0.75704458355903637 0.00010158059736970001 6.1438852055511477e-05 0.31070631742477423
decision_type=2 2 2 2 2 2 2 2 2 2 2 2 2 2 2 2 2 2 2 2 2 2 2 2 2 2 2 2 2 2
left_child=-1 -2 3 -3 6 -6 7 8 9 10 16 -10 13 19 15 -14 17 18 -4 20 26 29 -21 27 -25 -12 -9 28 -16 -22
right_child=1 2 4 -5 5 -7 -8 12 11 -11 25 -13 14 -15 23 -17 -18 -19 -20 22 21 -23 -24 24 -26 -27 -28 -29 -30 -31
leaf_value=-3.0405739579386317e-05 5.6092741502682841e-05 0.1434042043824281 -0.0008512366165235205 -0.0292391882588466 0.074156076782806363 -0.13130039680057889 0.13541483873767513 0.020682376975399833 0.084088662864876471 0.10937784998012441 -0.28826630234718326 -0.10852869326869648 -0.1364327371255645 0.1895801877937256 -0.097773450183180677 -0.025183799708226942 -0.14736159091442824 0.16220735946670176 -0.11067180715553049 0.12330478552030399 0.005241029956296348 -0.16961616799235346 0.010813538113457932 0.18130041282801401 -0.0021772313719758624 -0.096924055198376824 -0.021361120738019455 -0.13454885495205721 0.10965990217934762 -0.043859131260457845
leaf_weight=53515861 29575184 35 103 24 44 97 28 551 71 28 20 21 93 39 26 106 50 25 108 48 228 28 111 21 26 22 321 24 28 345
leaf_count=53515861 29575184 35 103 24 44 97 28 551 71 28 20 21 93 39 26 106 50 25 108 48 228 28 111 21 26 22 321 24 28 345
internal_value=0 5.50124e-05 -0.0119068 0.0731764 -0.0138287 -0.0671863 -0.010784 -0.0124596 -0.0368237 -0.0567084 -0.0708865 0.0401217 -0.00698842 0.00021899 -0.04416 -0.0771745 -0.0536823 -0.033835 -0.0570627 -0.00430619 -0.00960396 -0.031091 0.0447732 0.00839917 0.0798021 -0.188039 0.00520536 -0.0346257 0.00978458 -0.0243219
internal_weight=0 2.95779e+07 2671 59 2612 141 2471 2443 448 356 328 92 1995 1671 324 199 286 236 211 1632 1473 601 159 125 47 42 872 78 54 573
internal_count=83093716 29577855 2671 59 2612 141 2471 2443 448 356 328 92 1995 1671 324 199 286 236 211 1632 1473 601 159 125 47 42 872 78 54 573
is_linear=0
shrinkage=0.1


Tree=81
num_leaves=31
num_cat=0
split_feature=10 1 17 4 1 13 3 3 20 20 4 4 2 8 8 13 1 0 2 4 2 4 1 1 19 15 0 0 1 3
split_gain=13.266 82.9901 42.9734 27.2579 24.3255 30.6948 22.9265 22.4832 20.4263 19.4797 23.2495 17.6855 14.651 32.1901 43.0297 60.9502 42.4102 88.775 95.3283 64.3892 138.479 100.418 149.819 101.43 91.8477 75.9858 75.9268 62.0721 55.9234 51.119
threshold=0.05694923177361489 0.029216446485834453 1.0000000180025095e-35 0.9252023994922639 0.0014384478279482504 0.13483144342899325 1.8119350075721743 1.9652274847030642 0.87280812859535228 0.44704665243625646 1.0000000180025095e-35 0.27964606881141668 -0.029150001330241947 0.96035403013229381 0.07163399271667005 0.23219675570726397 0.070650786016459965 147.72883605957034 -0.03362212212173319 0.34340474009513861 -0.049488690185407844 0.68211069703102123 0.014622739945749553 0.029216446485834453 0.61783882975578319 0.027828248217701915 123.84985351562501 123.84985351562501 0.0009740921802358001 0.026676500216126445
decision_type=2 2 2 2 2 2 2 2 2 2 2 2 2 2 2 2 2 2 2 2 2 2 2 2 2 2 2 2 2 2
left_child=12 2 3 4 8 6 -6 -8 9 11 -11 -2 13 14 16 -16 19 29 -19 -1 21 22 -21 -24 25 -25 -22 -26 -23 -18
right_child=1 -3 -4 -5 5 -7 7 -9 -10 10 -12 -13 -14 -15 15 -17 17 18 -20 20 26 28 23 24 27 -27 -28 -29 -30 -31
leaf_value=0.0019438642613841314 -0.0030799007972920206 0.16592524619451887 -0.1294532417699143 0.079259140230715286 -0.091949015511916241 -0.14314235697189967 0.085059814568123102 -0.021959719612304845 0.055338032953053097 -0.022422817218261708 -0.14448555380105974 0.048810967495382739 -5.7010119833472292e-07 -0.10194004501759386 0.026041087886625076 0.19818470066370952 0.11594034083231929 -0.017814008238972667 -0.23692619714885954 0.0015227264631539584 0.036736678482988214 0.17774328529834749 0.32316075505360087 0.12460311949253083 0.074746433938188223 -0.12386906418018043 -0.09152571587143718 0.29000062775370239 0.002955498328190987 0.0046850969919751432
leaf_weight=49648 13567 29 27 40 39 24 23 134 60 71 20 66 83023658 30 316 22 42 2755 20 80 79 20 34 32 21 20 111 37 216 2475
leaf_count=49648 13567 29 27 40 39 24 23 134 60 71 20 66 83023658 30 316 22 42 2755 20 80 79 20 34 32 21 20 111 37 216 2475
internal_value=0 -0.00306707 -0.00341536 -0.00317304 -0.0034085 -0.0363984 -0.0233277 -0.0062817 -0.00288196 -0.00313649 -0.0492498 -0.00282869 5.20127e-07 0.00161807 0.00167362 0.0372457 0.00145733 -0.00705801 -0.0193932 0.00235325 0.0336231 0.0632873 0.111245 0.172202 0.125542 0.0290369 -0.0381956 0.212064 0.017768 0.00654156
internal_weight=0 14100 14071 14044 14004 220 196 157 13784 13724 91 13633 8.30796e+07 55958 55928 338 55590 5292 2775 50298 650 460 224 144 110 52 190 58 236 2517
internal_count=83093716 14100 14071 14044 14004 220 196 157 13784 13724 91 13633 83079616 55958 55928 338 55590 5292 2775 50298 650 460 224 144 110 52 190 58 236 2517
is_linear=0
shrinkage=0.1


Tree=82
num_leaves=31
num_cat=0
split_feature=1 8 3 1 3 14 15 0 13 1 14 1 3 3 14 4 13 3 3 3 0 15 0 16 20 3 9 3 20 14
split_gain=12.9864 62.002 75.7881 89.4252 87.7484 59.5338 60.9238 72.624 70.0362 127.542 78.6413 63.3942 50.8856 48.3118 43.845 43.4956 47.8498 45.0197 74.6337 60.8394 59.7551 51.9032 53.3119 43.0456 38.7534 61.9716 129.453 104.319 149.473 173.626
threshold=1.2666905803989707e-06 0.5664392113685609 -0.0028364999452605839 0.070650786016459965 -0.35352151095867151 0.83454889059066784 0.32166476547718054 149.61078643798831 0.12022032588720323 6.0782147360469059e-06 0.60262569785118114 5.3780389205397376e-06 -0.3814955055713653 0.18636399507522586 0.68857181072235119 0.9252023994922639 0.96925583481788646 4.1433904170989999 0.49990250170230871 1.6206545233726504 435.28565979003912 0.0041583054699003705 199.33017730712893 0.99031487107276928 0.14896758645772937 1.6206545233726504 0.12666285783052447 2.5028109550476079 0.82954031229019176 0.93659621477127086
decision_type=2 2 2 2 2 2 2 2 2 2 2 2 2 2 2 2 2 2 2 2 2 2 2 2 2 2 2 2 2 2
left_child=15 -2 4 5 12 6 7 -4 9 -9 13 -10 -3 -11 -6 24 17 18 23 -20 -19 22 -21 -17 -1 -26 27 -27 -29 -30
right_child=1 2 3 -5 14 -7 -8 8 11 10 -12 -13 -14 -15 -16 16 -18 20 19 21 -22 -23 -24 -25 25 26 -28 28 29 -31
leaf_value=1.9674716006148992e-05 -8.8550743957723074e-05 0.0056998993263720245 -0.038671666663814934 0.031963024815579631 0.05373787051783159 0.014242150563308421 0.10058517889543013 0.0058887263780439299 -0.32328316328617246 -0.20631937705751124 -0.27970533581341017 -0.095368445437887445 -0.15721736599046451 -0.048687938818613358 0.19599168881773951 -0.069165753222064891 0.12908188645606455 -0.018989696105087907 0.13974964520672248 0.0020725157489540013 -0.0843669477286174 -0.12606450348719955 0.081738418143608479 0.059453100098236913 -0.00058034623610233661 -0.010562940089617527 -0.0018762695197612708 -0.02113943738205468 -0.098618141265674725 0.1378580804124023
leaf_weight=69733835 13307601 73 345 159 78 119 22 91 26 29 34 23 26 59 30 162 23 1214 42 336 158 25 112 31 35369 2681 9350 1105 525 33
leaf_count=69733835 13307601 73 345 159 78 119 22 91 26 29 34 23 26 59 30 162 23 1214 42 336 158 25 112 31 35369 2681 9350 1105 525 33
internal_value=0 -9.05256e-05 -0.0236813 -0.0361419 0.0309166 -0.0506188 -0.0628897 -0.0688147 -0.108507 -0.0837087 -0.15054 -0.216303 -0.0370865 -0.100635 0.0932528 1.72646e-05 -0.014364 -0.0159502 0.00452985 0.0244057 -0.0265186 0.0141638 0.021989 -0.0485068 1.7698e-05 -0.00279178 -0.00850348 -0.0227678 -0.0424439 -0.084633
internal_weight=0 1.33087e+07 1114 907 207 748 629 607 262 213 122 49 99 88 108 6.9785e+07 2103 2080 708 515 1372 473 448 193 6.97829e+07 49063 13694 4344 1663 558
internal_count=83093716 13308715 1114 907 207 748 629 607 262 213 122 49 99 88 108 69785001 2103 2080 708 515 1372 473 448 193 69782898 49063 13694 4344 1663 558
is_linear=0
shrinkage=0.1


Tree=83
num_leaves=31
num_cat=0
split_feature=22 9 3 3 14 22 3 3 3 3 8 3 14 15 15 13 13 8 14 14 1 3 21 0 3 13 0 3 13 3
split_gain=12.7432 46.4195 47.2067 57.203 118.211 93.0203 207.35 61.8489 84.657 43.7503 119.111 52.6822 96.0366 57.0044 149.306 84.3974 149.611 70.7208 91.2392 63.0661 60.0467 49.2408 49.2104 54.863 48.8799 115.487 44.5059 41.108 24.1891 23.108
threshold=1.0000000180025095e-35 0.53051573038101207 -0.29586949944496149 -0.087232500314712511 0.040840884670615203 0.96153518557548534 -0.2148490026593208 -0.17093800008296964 -0.18869099766016004 0.53070998191833507 0.07163399271667005 0.078506000339984908 0.90142375230789196 0.011766261886805298 0.094903208315372481 0.060290187597274787 0.41459876298904424 0.74613162875175487 0.46602323651313787 0.59182026982307445 6.0782147360469059e-06 0.01087299967184663 1.0000000180025095e-35 371.70451354980474 0.24876549839973452 0.87723731994628917 308.09318542480474 -0.0055095001589506856 0.3848546445369721 -0.31786899268627161
decision_type=2 2 2 2 2 2 2 2 2 2 2 2 2 2 2 2 2 2 2 2 2 2 2 2 2 2 2 2 2 2
left_child=-1 2 29 4 5 6 -4 8 -6 11 -11 13 24 17 15 -15 -17 18 20 -20 22 -19 23 27 28 -26 -18 -5 -13 -2
right_child=1 -3 3 9 7 -7 -8 -9 -10 10 -12 12 -14 14 -16 16 26 21 19 -21 -22 -23 -24 -25 25 -27 -28 -29 -30 -31
leaf_value=-2.1666222367263675e-07 -0.034572238449214233 -0.14096389629301573 0.021602674727328124 -0.083391610163474281 -0.070035153813660142 0.049848484477533546 0.466490635546771 -0.12004045575857164 0.1805541571516257 0.1213009613965239 -0.022974124103466161 -0.04314326801387644 0.18611894289031627 0.010890674544498324 -0.030483417835847668 0.42999601931799031 0.21036781571481541 -0.089254404024611558 0.24153458150448623 0.047392905384979471 0.15470929564639496 0.045058098669563028 -0.11242238323430759 0.057059462421080648 -0.027632693543885672 0.21825112585317005 0.017617324948310854 0.00089639500342094639 -0.10635085571241587 -0.16863511633127928
leaf_weight=83091184 36 21 20 62 28 47 22 35 26 112 117 185 20 32 93 21 23 124 27 44 26 35 37 170 145 22 25 867 90 20
leaf_count=83091184 36 21 20 62 28 47 22 35 26 112 117 185 20 32 93 21 23 124 27 44 26 35 37 170 145 22 25 867 90 20
internal_value=0 0.00709415 0.00833239 0.0104032 0.0649985 0.146491 0.254639 -0.0164943 0.050619 0.00613535 0.0475884 0.00150022 -0.0282163 0.0101566 0.06094 0.145122 0.207374 0.00307904 0.0111732 0.121221 0.00444907 -0.0596888 0.00101001 0.00482894 -0.0379147 0.00475919 0.109977 -0.00472885 -0.0638294 -0.0824518
internal_weight=0 2532 2511 2455 178 89 42 89 54 2277 229 2048 462 1586 194 101 69 1392 1233 71 1162 159 1136 1099 442 167 48 929 275 56
internal_count=83093716 2532 2511 2455 178 89 42 89 54 2277 229 2048 462 1586 194 101 69 1392 1233 71 1162 159 1136 1099 442 167 48 929 275 56
is_linear=0
shrinkage=0.1


Tree=84
num_leaves=31
num_cat=0
split_feature=2 1 0 20 15 14 16 16 2 3 1 3 1 3 2 7 2 1 3 0 2 18 20 13 13 1 1 3 3 1
split_gain=12.4296 40.4677 46.5767 40.5256 39.6802 37.3162 34.0922 29.591 29.1978 28.7846 46.0547 36.7772 73.571 62.839 103.293 34.4093 62.3851 51.841 27.856 27.0117 26.2024 25.6771 21.5887 28.678 21.3672 21.0709 28.6405 56.9775 44.6987 21.0553
threshold=0.020300758245390255 0.014622739945749553 302.02037048339849 0.35723876953125006 0.026294136419892315 0.9348982870578767 0.0063950831536203631 0.64080783724784862 0.085824421418069854 -0.2216365039348602 0.0065773731705465006 0.039528500288724906 0.0074286826741851008 -1.0000000180025095e-35 0.085824421418069854 0.39440751075744634 0.05144977637925361 0.00072573466080255017 0.22775600105524066 235.93595123291018 0.030816266808323754 1.0000000180025095e-35 0.73356392979621898 0.038135366514325149 0.9089057743549348 0.0074286826741851008 0.0052684475765885511 0.16752150654792788 0.15351749956607821 0.00028705688994705008
decision_type=2 2 2 2 2 2 2 2 2 2 2 2 2 2 2 2 2 2 2 2 2 2 2 2 2 2 2 2 2 2
left_child=29 3 4 7 -3 6 -5 9 -6 10 -2 12 19 -14 -15 18 17 -17 24 -11 -4 -20 23 -22 25 26 -13 28 -28 -1
right_child=1 2 20 5 8 -7 -8 -9 -10 11 -12 15 13 14 -16 16 -18 -19 21 -21 22 -23 -24 -25 -26 -27 27 -29 -30 -31
leaf_value=1.8424001653403184e-06 0.01480916174711667 0.011124801727369456 0.048835100004306214 -0.0090832209499562173 0.00091559104621410372 -0.13347618249058724 -0.14034820489585401 0.11161851122975351 -0.077840885659679782 0.0025942775858799833 0.14682700391168949 0.011252827095162331 0.0055031427848791963 -0.04253276964730543 -0.27870021454629396 -0.0073980814961638929 0.087430494775374734 -0.14961569464342162 0.0023587813289324285 -0.012613281277429051 -0.05128501655563622 0.066269788991600756 0.016282123425421683 -0.13913520732047885 -0.083453402507196503 -0.020646370063303041 0.044986024307353156 -0.019905055055812915 0.20987986355058608 -0.00093152813478918409
leaf_weight=82808177 1240 526 26 1849 86 25 20 25 104 2790 27 4534 51 46 31 48 27 55 28903 2009 239 63 37 44 24 200 35 49 31 242395
leaf_count=82808177 1240 526 26 1849 86 25 20 25 104 2790 27 4534 51 46 31 48 27 55 28903 2009 239 63 37 44 24 200 35 49 31 242395
internal_value=0 0.0016969 -0.0175819 0.00218343 -0.00302383 -0.0121113 -0.0104879 0.00285711 -0.0421932 0.00278941 0.0176225 0.00230624 -0.00576773 -0.0805903 -0.137613 0.00347732 -0.0478719 -0.0833395 0.00367459 -0.00377205 -0.0477079 0.00249779 -0.055552 -0.0649437 0.0106697 0.0111356 0.0125029 0.0617864 0.122436 -8.81776e-07
internal_weight=0 43144 1062 42082 716 1894 1869 40188 190 40163 1267 38896 4927 128 77 33969 130 103 33839 4799 346 28966 320 283 4873 4849 4649 115 66 8.30506e+07
internal_count=83093716 43144 1062 42082 716 1894 1869 40188 190 40163 1267 38896 4927 128 77 33969 130 103 33839 4799 346 28966 320 283 4873 4849 4649 115 66 83050572
is_linear=0
shrinkage=0.1


Tree=85
num_leaves=31
num_cat=0
split_feature=0 1 14 1 2 1 15 17 14 15 2 3 3 3 0 0 14 2 0 14 17 0 10 3 9 3 15 2 0 2
split_gain=12.3922 17.9958 12.793 22.1327 59.6716 27.2649 51.9525 20.1697 18.5167 18.3117 39.7919 34.712 25.9966 49.3557 25.991 21.9693 20.524 18.0813 20.7922 17.4297 16.3488 45.5304 62.8471 50.7592 40.8652 45.4048 99.9427 59.8044 43.7151 24.8699
threshold=5.3191337585449228 0.00016850223223065003 0.91969251632690441 0.00062457601494615006 -0.038089963686641991 0.00088545100318140012 0.019132312387228016 1.0000000180025095e-35 0.94182702898979198 0.00044526625424623495 -0.0017183350535578997 2.5028109550476079 0.91987800598144542 1.2253984808921816 235.93595123291018 41.176034927368171 0.99805516004562389 -0.03362212212173319 444.24078369140631 0.99078932404518139 1.0000000180025095e-35 120.25701904296876 0.12400152161717416 1.0323700308799746 0.27517622709274298 3.7290139198303227 0.0022438119631260638 -1.0000000180025095e-35 375.49449157714849 -0.00085388206748664988
decision_type=2 2 2 2 2 2 2 2 2 2 2 2 2 2 2 2 2 2 2 2 2 2 2 2 2 2 2 2 2 2
left_child=1 -1 20 4 -4 6 8 9 -5 -6 12 15 -11 14 -14 16 -12 -10 -19 -9 -2 -22 23 -23 25 29 27 -27 -29 -25
right_child=2 -3 3 5 7 -7 -8 19 17 10 11 -13 13 -15 -16 -17 -18 18 -20 -21 21 22 -24 24 -26 26 -28 28 -30 -31
leaf_value=-0.00047525704462329809 4.7034797780545465e-06 0.0077273976045978982 0.15032871606258247 0.010882488489107707 -0.00071172288692830275 -0.0027636781009255547 -0.17717320504395859 0.13249510725339253 0.0095451486864831393 -0.016097743407719665 0.022489788399772288 -0.10252202076630459 -0.068648989051580442 -0.030392161288022343 -0.21790714200053896 -0.0062842393094197065 -0.048355181490381566 -0.031723221005102158 -0.094210673194174893 0.0036553352117715851 0.01202591390109652 0.018742574067172512 -0.19338276602327825 -0.060544440841313302 0.013239094344784081 -0.17947249030694368 -0.24893637105201682 0.094173612552836086 -0.093188520818948753 -0.018479803404882329
leaf_weight=631101 82396355 2686 26 121 54352 976 23 21 82 180 448 36 20 91 28 4225 45 317 64 21 776 352 20 169 243 20 30 33 20 835
leaf_count=631101 82396355 2686 26 121 54352 976 23 21 82 180 448 36 20 91 28 4225 45 317 64 21 776 352 20 169 243 20 30 33 20 835
internal_value=0 -0.000440494 3.38586e-06 -0.00144336 -0.00113284 -0.0131135 -0.0297549 -0.00119906 -0.0239491 -0.00124802 -0.00699387 -0.00469968 -0.0411839 -0.0736695 -0.155716 -0.00395326 0.0160232 -0.0330519 -0.0422198 0.0680752 4.45822e-06 -0.00808538 -0.0171483 -0.0150774 -0.0238957 -0.0320472 -0.0952775 -0.03213 0.0234709 -0.0255604
internal_weight=0 633787 8.24599e+07 61076 59493 1583 607 59467 584 59425 5073 4754 319 139 48 4718 493 463 381 42 8.23989e+07 2498 1722 1702 1350 1107 103 73 53 1004
internal_count=83093716 633787 82459929 61076 59493 1583 607 59467 584 59425 5073 4754 319 139 48 4718 493 463 381 42 82398853 2498 1722 1702 1350 1107 103 73 53 1004
is_linear=0
shrinkage=0.1


Tree=86
num_leaves=31
num_cat=0
split_feature=11 13 3 15 2 0 0 3 20 0 20 15 1 9 14 14 1 18 3 13 4 4 0 0 1 1 1 15 0 18
split_gain=12.2477 25.2152 20.4358 12.7344 20.1777 12.8749 15.612 12.1951 19.097 24.3013 53.5551 133.881 52.1451 15.5933 16.0056 70.7859 13.4359 12.0331 62.6774 85.6567 71.5126 115.565 85.033 94.9601 66.421 130.403 113.589 78.0184 68.0962 61.4923
threshold=0.80759394168853771 0.058856114745140083 1.6857554912567141 0.10341256484389307 0.0025407509541951505 223.96001434326175 299.24307250976568 -0.73734748363494862 0.32240396738052374 95.30853652954103 0.66379645466804515 0.0065626760479062804 6.3123604794373448e-05 0.10814816877245904 0.003786049317568541 0.028885867446660999 0.0011117021798126004 0.37069971859455114 3.343134999275208 0.0050630655605345973 0.22048421949148181 0.48933163285255438 201.59741973876956 259.02116394042974 0.0031975020619471003 0.070650786016459965 0.029216446485834453 0.0023713601985946302 367.91757202148443 0.61531996726989757
decision_type=2 2 2 2 2 2 2 2 2 2 2 2 2 2 2 2 2 2 2 2 2 2 2 2 2 2 2 2 2 2
left_child=7 2 -2 5 -5 -4 -7 8 13 -10 11 12 -11 16 -15 -16 -1 -9 19 -19 22 24 -20 -24 28 26 -26 29 -22 -27
right_child=1 -3 3 4 -6 6 -8 17 9 10 -12 -13 -14 14 15 -17 -18 18 20 -21 21 -23 23 -25 25 27 -28 -29 -30 -31
leaf_value=0.0012485372942334014 0.0029328795696694971 -0.063227499245654031 -0.023532001887239789 -0.015262727088161877 -0.1374787800014019 0.037162028113380076 -0.011282881027197137 -1.562816905024613e-06 0.015542756577667136 -0.32987186487602149 0.0031220552869714226 -0.01221123699883306 -0.11192055902488174 -0.0041559718023230869 -0.17991065468106951 0.0057602179115759091 0.067091456410144606 -0.010252800114358971 0.0075625539878358579 -0.12160766285145655 -0.0022523357377079614 0.0062594074347787926 -0.16471385824390583 -0.026949038151538048 0.10767852104331797 0.13899194306135179 0.34409516165653864 -0.014202503959048478 0.13133464007741877 -0.0017709294375446109
leaf_weight=119341 1258 78 523 35 22 90 255 82963264 130 23 156 88 21 3679 28 77 31 506 377 80 251 2766 72 164 63 100 30 118 45 45
leaf_count=119341 1258 78 523 35 22 90 255 82963264 130 23 156 88 21 3679 28 77 31 506 377 80 251 2766 72 164 63 100 30 118 45 45
internal_value=0 -0.00735989 -0.0053637 -0.016647 -0.0624338 -0.0136403 0.00135492 1.99791e-07 0.000992874 -0.0203454 -0.0365449 -0.083424 -0.22585 0.0010653 -0.0052547 -0.043752 0.00126564 -1.27872e-06 0.00510374 -0.0254548 0.00954614 0.0151868 -0.0219053 -0.068979 0.0530597 0.0821635 0.183942 0.0461734 0.0180565 0.0953069
internal_weight=0 2261 2183 925 57 868 345 8.30915e+07 123574 418 288 132 44 123156 3784 105 119372 8.29679e+07 4617 586 4031 3418 613 236 652 356 93 263 296 145
internal_count=83093716 2261 2183 925 57 868 345 83091455 123574 418 288 132 44 123156 3784 105 119372 82967881 4617 586 4031 3418 613 236 652 356 93 263 296 145
is_linear=0
shrinkage=0.1


Tree=87
num_leaves=31
num_cat=0
split_feature=0 1 2 0 14 20 2 1 2 3 4 20 3 15 15 20 2 1 0 20 3 13 3 3 15 4 18 3 3 4
split_gain=11.7172 36.6352 50.7042 48.3194 45.2175 53.3898 40.5781 116.65 136.798 105.632 93.5473 85.4043 78.8791 179.978 111.913 96.6959 91.6398 60.4198 55.6096 50.2589 45.8733 38.9481 37.7545 43.625 106.88 66.2593 76.1695 46.593 54.3957 41.6387
threshold=206.14579010009768 0.070650786016459965 -0.019336473726990048 783.78710937500011 0.31197458505630499 0.43603162467479711 -0.058934122107042346 0.029216446485834453 -0.025553262607634599 3.7290139198303227 0.57249891757965099 0.82954031229019176 1.6206545233726504 0.022999620065093044 0.0050791089888662109 0.67829844355583202 -0.038089963686641991 0.014622739945749553 453.58125305175787 0.25912688672542578 0.11314050108194353 0.0047678176779299983 0.34228551387786871 2.9375464916229252 0.019878485240042213 0.22048421949148181 0.8586067557334901 3.7290139198303227 4.1433904170989999 0.31070631742477423
decision_type=2 2 2 2 2 2 2 2 2 2 2 2 2 2 2 2 2 2 2 2 2 2 2 2 2 2 2 2 2 2
left_child=-1 6 3 4 22 -6 17 -8 9 11 19 12 13 -9 15 16 18 -2 -14 -11 -10 -16 -3 24 -24 26 -25 -27 -29 -30
right_child=1 2 -4 -5 5 -7 7 8 20 10 -12 -13 14 -15 21 -17 -18 -19 -20 -21 -22 -23 23 25 -26 27 -28 28 29 -31
leaf_value=-3.7567995337513129e-05 0.0027439527344997245 -0.11846109118599157 0.05517762141964816 0.042884919453343308 0.20145263695623727 -0.0056068900351723041 3.756349550363089e-05 0.030010211992224579 -0.082103309521869741 0.13507679521160967 -0.11371969088307909 0.0017775273908087067 -0.17893319175962141 -0.27055528241175192 0.020689089435177881 -0.38855426826824746 -0.052233174122696707 0.023462056056091404 -0.36914599212733185 -0.051963738203048705 0.021568316131199958 -0.14088359106332066 -0.017272980205496929 -0.041898746804983331 0.095188235683871483 -0.10608065365390346 -0.23940327473916115 0.11973335672583846 0.066837085554642336 -0.014473528523019599
leaf_weight=41529005 7315 39 107 135 20 33 41552323 76 49 51 37 71 51 27 37 24 43 1743 22 20 331 25 402 825 107 44 20 36 70 628
leaf_count=41529005 7315 39 107 135 20 33 41552323 76 49 51 37 71 51 27 37 24 43 1743 22 20 331 25 402 825 107 44 20 36 70 628
internal_value=0 3.75352e-05 -0.0121507 -0.0152046 -0.0187307 0.0725288 3.82583e-05 3.67995e-05 -0.0367068 -0.0719643 0.0152038 -0.097002 -0.119997 -0.0487788 -0.156311 -0.205844 -0.168042 0.00673067 -0.236258 0.0823893 0.00820013 -0.0444612 -0.0209586 -0.019175 0.00636818 -0.0271857 -0.0465734 -0.00612844 -0.000136756 -0.00631917
internal_weight=0 4.15647e+07 2466 2359 2224 53 4.15622e+07 4.15532e+07 864 484 108 376 305 103 202 140 116 9058 73 71 380 62 2171 2132 509 1623 845 778 734 698
internal_count=83093716 41564711 2466 2359 2224 53 41562245 41553187 864 484 108 376 305 103 202 140 116 9058 73 71 380 62 2171 2132 509 1623 845 778 734 698
is_linear=0
shrinkage=0.1


Tree=88
num_leaves=31
num_cat=0
split_feature=2 16 0 1 3 3 1 3 15 7 7 3 1 12 9 9 3 9 3 1 3 3 1 14 1 20 2 3 3 3
split_gain=11.2853 34.4591 33.2454 36.6351 74.1647 54.0082 56.9896 27.9965 72.531 57.5199 53.4421 75.3282 54.0284 26.655 25.7228 25.2858 33.8053 24.9203 22.3307 36.3956 32.161 33.9062 49.8822 22.7019 22.1493 42.0076 60.1588 106.998 63.8564 86.2381
threshold=0.0091869288168362519 0.64080783724784862 136.53020477294925 0.0074286826741851008 -0.051509000360965722 1.0000000180025095e-35 0.011766311318164552 2.9375464916229252 0.045293645933270461 0.39440751075744634 0.39440751075744634 3.7290139198303227 0.00066844576584345011 0.15723580867052081 0.99864530563354503 0.096336171030998244 3.343134999275208 0.05312080308794976 0.08119750022888185 0.011766311318164552 0.14711499959230426 0.38848049938678747 0.011766311318164552 0.06765147298574449 0.00021120115181430004 0.071058861911296858 -0.13604505617114263 -1.0000000180025095e-35 2.9375464916229252 1.8839390277862551
decision_type=2 2 2 2 2 2 2 2 2 2 2 2 2 2 2 2 2 2 2 2 2 2 2 2 2 2 2 2 2 2
left_child=24 2 13 7 -5 6 -6 -4 10 15 14 -12 -13 -2 -9 16 -10 -18 19 -7 -20 -22 23 -23 -1 -26 27 -27 29 -29
right_child=1 -3 3 4 5 18 -8 8 9 -11 11 12 -14 -15 -16 -17 17 -19 20 -21 21 22 -24 -25 25 26 -28 28 -30 -31
leaf_value=1.8265794469099453e-06 0.0035908944312139975 0.078842195196040465 -0.00055747662049651246 0.092923099889618457 -0.17036817156426287 -0.050212163707241422 -0.033017710067162462 0.001875364697218119 0.12142766434699298 0.1630582137644524 0.10036277792283468 0.0026139847934246066 -0.16701660988558281 0.1137011036255651 0.07886460207572038 0.018810637655750487 0.0084599052442707757 0.10904113778378816 -0.071950158144625811 0.10435319198653675 0.019352894552997244 -0.0011750998739630748 -0.03905107399122279 0.078337545972317457 -0.0012560427369181725 0.23236551369013997 0.0013865984620283645 0.0045494623149941148 0.00081579670942909124 0.059237179375535035
leaf_weight=82715299 31849 57 52947 61 46 25 88 3166 60 32 21 28 57 22 44 790 107 32 97 39 268 351 593 40 261876 23 23205 556 1338 599
leaf_count=82715299 31849 57 52947 61 46 25 88 3166 60 32 21 28 57 22 44 790 107 32 97 39 268 351 593 40 261876 23 23205 556 1338 599
internal_value=0 0.00111411 0.00106529 -0.000342636 -0.0152292 -0.0194938 -0.0801679 7.524e-05 0.00779958 0.0311052 0.000623737 -0.0692371 -0.111138 0.0036669 0.00293067 0.0268358 0.0586944 0.0316153 -0.0137398 0.0439761 -0.016478 -0.0121802 -0.0207685 0.00695919 -1.21944e-06 -0.000877279 0.00297907 0.0176663 0.0156856 0.0329113
internal_weight=0 90820 90763 58892 1608 1547 134 57284 4337 1021 3316 106 85 31871 3210 989 199 139 1413 64 1349 1252 984 391 8.30029e+07 287597 25721 2516 2493 1155
internal_count=83093716 90820 90763 58892 1608 1547 134 57284 4337 1021 3316 106 85 31871 3210 989 199 139 1413 64 1349 1252 984 391 83002896 287597 25721 2516 2493 1155
is_linear=0
shrinkage=0.1


Tree=89
num_leaves=31
num_cat=0
split_feature=16 15 7 3 2 1 0 4 16 13 6 6 6 3 0 3 2 1 1 1 6 0 1 13 1 0 4 2 4 13
split_gain=11.1681 85.7275 32.46 33.9756 51.1492 82.3116 50.8652 47.3054 26.5357 46.2699 84.0175 82.5764 43.3423 83.5311 106.371 79.2986 66.2437 59.0652 104.557 89.5447 58.0618 51.2021 49.2336 45.8188 44.6734 81.9289 47.14 97.0439 76.9921 71.2862
threshold=0.93541446328163158 0.026294136419892315 0.98685157299041759 3.7290139198303227 0.0010424653151573002 1.2666905803989707e-06 116.84602355957033 0.98685157299041759 0.066122770309448256 0.23219675570726397 0.52134644985198986 0.5839887559413911 0.34849354624748236 2.9375464916229252 82.839981079101577 3.7290139198303227 -0.019336473726990048 0.00019949387218215001 0.00019841413715085003 0.00020858085914425 0.65586459636688244 606.29168701171886 0.00084518525810325007 0.22562673687934878 0.00017566708744820003 308.09318542480474 0.82193505764007579 -0.0025638005322970495 0.9252023994922639 0.029417311772704128
decision_type=2 2 2 2 2 2 2 2 2 2 2 2 2 2 2 2 2 2 2 2 2 2 2 2 2 2 2 2 2 2
left_child=2 -2 8 -4 5 -5 -7 -8 12 -10 -11 -12 -1 14 -14 -15 22 18 20 -19 23 24 -17 -18 26 -26 -22 28 -28 -29
right_child=1 -3 3 4 -6 6 7 -9 9 10 11 -13 13 15 -16 16 17 19 -20 -21 21 -23 -24 -25 25 -27 27 29 -30 -31
leaf_value=-1.2655563738026202e-08 -0.0091735836376022357 0.1507698382744018 0.04230958143738793 -0.030678514899782738 -0.099235891285869821 -0.014578218813030383 6.3142218455976371e-05 0.11652646556742921 0.0075824475274408887 -0.0077628744184448971 -0.25134784425127099 -0.023163959471774954 0.052632602900266647 0.086683710723776716 -0.23646429052310333 0.12156187851292394 -0.023846106515169316 -0.11539967876070967 0.17110243388874966 -0.02226929455225999 0.024878330545729639 -0.064682471062646282 0.016033843178523795 0.068824306348846717 -0.0060187800429188296 -0.24417845666408541 -0.010370568347983618 -0.019077333235016283 0.1318983919558708 0.094540370718158531
leaf_weight=83075254 2330 34 369 231 45 78 49 121 8552 853 29 35 20 88 35 60 1782 117 33 878 953 109 168 55 52 20 67 1153 88 58
leaf_count=83075254 2330 34 369 231 45 78 49 121 8552 853 29 35 20 88 35 60 1782 117 33 878 953 109 168 55 52 20 67 1153 88 58
internal_value=0 -0.00687321 1.95387e-07 0.0190656 0.00269722 0.0122734 0.052281 0.0829576 -9.51482e-09 0.00529343 -0.016054 -0.12656 -6.12825e-07 -0.00869295 -0.131338 -0.00750557 -0.00898754 -0.0112311 -0.00622438 -0.0332203 -0.00757365 0.00234461 0.0438044 -0.0210715 0.00540021 -0.0721742 0.00780873 -0.0041 0.0704015 -0.0136357
internal_weight=0 2364 8.30914e+07 893 524 479 248 170 8.30905e+07 9469 917 64 8.3081e+07 5736 55 5681 5593 5365 4370 995 4337 2500 228 1837 2391 72 2319 1366 155 1211
internal_count=83093716 2364 83091352 893 524 479 248 170 83090459 9469 917 64 83080990 5736 55 5681 5593 5365 4370 995 4337 2500 228 1837 2391 72 2319 1366 155 1211
is_linear=0
shrinkage=0.1


Tree=90
num_leaves=31
num_cat=0
split_feature=7 3 1 1 13 2 3 15 0 0 4 2 2 2 16 3 2 2 4 4 1 1 16 1 1 2 16 4 1 0
split_gain=12.3016 52.7385 31.5609 71.193 108.114 58.583 50.4061 48.8008 45.2269 44.6442 39.9542 38.8302 47.9164 59.9337 48.1493 53.4692 72.8924 84.5088 67.531 64.4112 43.9825 37.2668 64.5919 44.3193 35.9895 34.5012 34.3481 63.4757 73.7441 43.3068
threshold=0.012249965453520419 -0.64398401975631703 7.5648036044634752e-06 7.4126805337459454e-05 0.63029062747955333 0.0031227550521294007 -0.013741999864578245 0.44925495982170111 206.14579010009768 84.378223419189467 0.24424228817224505 0.0020862498783650002 0.00085812832907095006 0.00090535619061465011 0.93541446328163158 0.023833500221371654 -0.0011310388869960998 -0.0013998216389781999 0.27964606881141668 0.51241087913513195 6.462959780720846e-05 1.0000000180025095e-35 0.80477145314216625 1.6072558700752913e-06 3.6364069943097049e-05 -1.0000000180025095e-35 0.0063950831536203631 0.44697870314121252 5.7706316865937263e-05 633.45214843750011
decision_type=2 2 2 2 2 2 2 2 2 2 2 2 2 2 2 2 2 2 2 2 2 2 2 2 2 2 2 2 2 2
left_child=-1 -2 7 4 5 11 10 21 -7 -9 -5 12 14 -14 15 19 17 -17 -19 -4 -13 25 23 -23 -16 -3 29 -28 -29 -18
right_child=1 2 3 6 -6 8 -8 9 -10 -11 -12 20 13 -15 24 16 26 18 -20 -21 -22 22 -24 -25 -26 -27 27 28 -30 -31
leaf_value=6.0897466217440451e-07 -0.15717779603278773 -0.13135268299707345 0.021559522834581301 0.023071436062958597 -0.23664473031202091 -0.050267363951674526 -0.0019636373384073359 -0.028282453171310146 -0.2078329767893862 0.075803993307113751 0.14922011833834023 0.091482867583956406 -0.14962218764424326 -0.034835880570966447 -0.14922829551122538 -0.012833306688713526 0.0060098354725569691 -0.22121631098357408 -0.054186714014836726 -0.14847110506546285 -0.01148974437159128 0.091674030647688629 -0.019994434585362146 0.013249381415549417 -0.032431946478381352 -0.0030333503845880404 0.007633564627696922 0.18085080941387438 0.015329867290497266 -0.1187709502875805
leaf_weight=83072899 22 21 37 74 23 56 4985 56 27 156 38 69 50 504 41 439 680 37 70 56 104 74 635 2747 74 9404 201 57 51 29
leaf_count=83072899 22 21 37 74 23 56 4985 56 27 156 38 69 50 504 41 439 680 37 70 56 104 74 635 2747 74 9404 201 57 51 29
internal_value=0 -0.00243062 -0.0022669 -0.00734631 -0.0207947 -0.0188719 -0.000473039 0.000721075 -0.101524 0.0483095 0.0658719 -0.0161268 -0.0195264 -0.0451957 -0.0115011 -0.00715847 -0.00277807 -0.0322562 -0.111945 -0.0808245 0.0295803 -6.21513e-05 0.00882045 0.0153066 -0.0740724 -0.00331926 0.0130324 0.0408565 0.102688 0.000905967
internal_weight=0 20817 20795 7702 2605 2582 5097 13093 83 212 112 2499 2326 554 1772 1657 1564 546 107 93 173 12881 3456 2821 115 9425 1018 309 108 709
internal_count=83093716 20817 20795 7702 2605 2582 5097 13093 83 212 112 2499 2326 554 1772 1657 1564 546 107 93 173 12881 3456 2821 115 9425 1018 309 108 709
is_linear=0
shrinkage=0.1


Tree=91
num_leaves=31
num_cat=0
split_feature=18 14 3 3 4 3 15 1 13 4 4 0 8 1 1 1 1 15 18 0 0 0 18 18 3 15 0 15 0 4
split_gain=10.9786 54.3145 43.9444 100.638 94.6481 91.0843 70.0972 61.5956 38.8152 41.4862 89.3895 68.7456 85.1797 77.4422 60.7891 109.572 80.778 70.3702 63.6501 77.4959 159.453 51.9466 51.328 152.63 61.9097 48.5933 61.4634 53.6709 103.545 80.4517
threshold=0.37069971859455114 0.035776082426309593 3.343134999275208 2.2194035053253178 0.22048421949148181 2.9375464916229252 0.010551472660154106 0.0028478370104891002 0.26789896190166479 0.17585674673318866 0.48933163285255438 201.59741973876956 0.46194367110729223 0.070650786016459965 0.0031975020619471003 0.070650786016459965 0.029216446485834453 0.0023713601985946302 0.61531996726989757 206.14579010009768 111.58505249023439 367.91757202148443 0.79550775885581981 0.90562623739242565 4.1433904170989999 0.058237455785274513 149.61078643798831 0.0070734850596636542 484.02932739257818 0.72271147370338451
decision_type=2 2 2 2 2 2 2 2 2 2 2 2 2 2 2 2 2 2 2 2 2 2 2 2 2 2 2 2 2 2
left_child=-1 2 3 -2 6 -6 7 -5 9 11 14 22 13 -13 21 16 -16 18 19 20 -17 -11 -4 24 -24 27 -27 29 -29 -12
right_child=1 -3 8 4 5 -7 -8 -9 -10 10 25 12 -14 -15 15 17 -18 -19 -20 -21 -22 -23 23 -25 -26 26 -28 28 -30 -31
leaf_value=-2.7083107394403323e-07 0.025835368555271999 -0.052743135686282985 -0.026505483803171401 -0.010191704483767008 -0.020776066548474456 -0.20091914988847243 -0.16202660476167996 0.18062548710121995 -0.070132224476438451 0.00094154730237290996 -0.021078362098091025 -0.060996550841936996 0.062165071790381755 -0.23977093053360782 0.10370921863753708 0.045228108846758673 0.30141131764938756 -0.011976487700717631 -0.0044929099685334147 -0.014390252843499186 0.34297561900956292 0.11543630112124525 0.068846658021211635 -0.010197438487598489 0.29920597684436612 -0.018492771340728117 0.11002050882148347 -0.0076517182621504785 -0.15983147995038469 0.021024010084059516
leaf_weight=83089099 232 158 156 87 46 72 24 21 59 286 629 126 44 30 62 37 31 123 47 25 35 46 20 111 28 60 98 239 55 1630
leaf_count=83089099 232 158 156 87 46 72 24 21 59 286 629 126 44 30 62 37 31 123 47 25 35 46 20 111 28 60 98 239 55 1630
internal_value=0 0.00487621 0.00691789 -0.021598 -0.0656162 -0.130694 -0.00744077 0.0269116 0.0103739 0.0115863 0.0155893 -0.0148651 -0.0607172 -0.0953762 0.0476685 0.0761313 0.16961 0.0435714 0.0910185 0.137297 0.189966 0.0168053 0.0142474 0.0542314 0.203223 0.00740088 0.061218 0.00407025 -0.0361207 0.00930095
internal_weight=0 4617 4459 482 250 118 132 108 3977 3918 3403 515 200 156 692 360 93 267 144 97 72 332 315 159 48 2711 158 2553 294 2259
internal_count=83093716 4617 4459 482 250 118 132 108 3977 3918 3403 515 200 156 692 360 93 267 144 97 72 332 315 159 48 2711 158 2553 294 2259
is_linear=0
shrinkage=0.1


Tree=92
num_leaves=31
num_cat=0
split_feature=10 1 17 1 3 2 1 4 20 3 4 3 15 9 9 1 3 3 13 15 3 2 2 2 4 6 2 0 4 18
split_gain=10.8044 42.8175 26.2518 23.6728 21.3175 25.3855 21.1572 19.5961 18.8239 16.7443 26.1279 16.7857 47.1778 14.9507 15.5701 15.1721 16.494 18.7979 15.5249 14.8434 14.3901 13.1232 13.0733 12.4813 32.5542 33.9769 36.6395 34.3328 32.7913 47.6902
threshold=1.0000000180025095e-35 0.029216446485834453 1.0000000180025095e-35 0.0014384478279482504 1.1838999986648562 -0.03362212212173319 0.0031975020619471003 0.9252023994922639 0.87280812859535228 4.1433904170989999 0.087801903486251845 3.343134999275208 0.0061740779783576736 0.92828974127769481 0.31443676352500921 1.0000000180025095e-35 1.0323700308799746 2.2194035053253178 0.058856114745140083 0.036936542019248016 -1.0000000180025095e-35 0.0091869288168362519 0.014219418539736952 -0.029150001330241947 0.98685157299041759 0.98334485292434703 -0.081241258522397927 134.91162872314456 0.9252023994922639 0.90562623739242565
decision_type=2 2 2 2 2 2 2 2 2 2 2 2 2 2 2 2 2 2 2 2 2 2 2 2 2 2 2 2 2 2
left_child=23 2 3 7 6 -6 -5 8 9 11 -11 13 -13 14 15 18 19 22 -2 -17 -20 -7 -18 24 28 26 -26 -28 29 -1
right_child=1 -3 -4 4 5 21 -8 -9 -10 10 -12 12 -14 -15 -16 16 17 -19 20 -21 -22 -23 -24 -25 25 -27 27 -29 -30 -31
leaf_value=0.0016875858195333046 -0.0080722313818018202 0.11869525791242207 -0.099669790848357864 -0.031693999096751212 -0.058809044287384794 0.03471977330135325 -0.16913631806770962 0.067663038857281213 0.053469539216409123 -0.011533576234750733 -0.12115404397249221 0.01048239469452744 0.17102235769329127 -0.048904005289410378 0.030139331757608391 -0.0058493439468575263 0.0047189523025936257 -0.0083740231031113766 0.085236503572567651 -0.037222478863366194 0.0048599749508356667 -0.043106005438603462 0.057720263262695463 -5.2398712335906919e-07 -0.028007991002054838 0.079033235881639574 -0.044395557613599868 -0.22746743842959405 0.037567437727721191 -0.040756556595836706
leaf_weight=55202 5903 29 28 24 90 78 21 40 60 79 30 216 20 70 144 1019 4741 1287 23 177 706 30 47 83022905 164 23 21 20 253 266
leaf_count=55202 5903 29 28 24 90 78 21 40 60 79 30 216 20 70 144 1019 4741 1287 23 177 706 30 47 83022905 164 23 21 20 253 266
internal_value=0 -0.00269602 -0.00293335 -0.0027504 -0.0337052 -0.0195851 -0.0958337 -0.00223385 -0.00242637 -0.00265827 -0.0417043 -0.00236175 0.0240875 -0.00280391 -0.00257418 -0.00291301 0.000241944 0.00235523 -0.00637195 -0.0104924 0.00739586 0.0131015 0.00523922 4.82208e-07 0.00149358 -0.0362158 -0.0491462 -0.133699 0.00164788 0.00148404
internal_weight=0 14862 14833 14805 243 198 45 14562 14522 14462 109 14353 236 14117 14047 13903 7271 6075 6632 1196 729 108 4788 8.30789e+07 55949 228 205 41 55721 55468
internal_count=83093716 14862 14833 14805 243 198 45 14562 14522 14462 109 14353 236 14117 14047 13903 7271 6075 6632 1196 729 108 4788 83078854 55949 228 205 41 55721 55468
is_linear=0
shrinkage=0.1


Tree=93
num_leaves=31
num_cat=0
split_feature=3 19 4 6 0 12 14 0 14 0 15 8 13 13 13 13 4 3 3 0 1 13 3 15 3 15 0 1 4 4
split_gain=10.4335 76.9368 221.057 39.7366 32.5431 32.1819 67.4071 55.6309 40.5087 45.1428 41.6615 32.7155 29.8373 30.6306 29.158 35.1879 25.7124 102.825 199.346 125.295 79.173 96.4924 77.6652 57.5164 50.8251 44.8406 43.494 39.0741 32.1691 30.9964
threshold=0.18237949907779696 0.032334839925169952 0.021004183217883114 0.18064829707145694 195.05030059814456 0.15723580867052081 0.79912674427032482 282.30468750000006 0.099439535290002837 63.92273139953614 0.03829969838261605 0.96035403013229381 0.63966521620750438 0.34388993680477148 0.86079645156860363 0.53564187884330761 0.22048421949148181 -0.013741999864578245 -1.0000000180025095e-35 431.02168273925787 5.6372980314855363e-05 0.0050630655605345973 -0.067133497446775423 0.25252366065979009 0.1571604982018471 0.0021066879853606228 123.84985351562501 0.00058952636993020002 0.51241087913513195 0.021004183217883114
decision_type=2 2 2 2 2 2 2 2 2 2 2 2 2 2 2 2 2 2 2 2 2 2 2 2 2 2 2 2 2 2
left_child=1 3 -3 5 -4 16 7 8 9 -7 -11 14 13 -12 15 -9 29 22 -19 23 21 25 26 24 27 28 -18 -20 -21 -1
right_child=-2 2 4 -5 -6 6 -8 11 -10 10 12 -13 -14 -15 -16 -17 17 18 19 20 -22 -23 -24 -25 -26 -27 -28 -29 -30 -31
leaf_value=1.5705543077099902e-05 -8.1726032776276346e-05 0.03525211824158974 -0.10218160467222333 0.059579843324276488 -0.2549759953242281 0.070856958520534918 0.15067503970293772 -0.010348589008208365 -0.084728026733948636 -0.057117894400770856 -2.8058265646298725e-05 -0.18306415625687303 -0.047025657798965566 0.13134960047900676 0.045566822290420535 -0.14816545935517009 -0.040788760847461067 -0.33961982905864718 0.0059798517938232029 -0.225491516890125 0.030709278935918939 0.062838910874866302 0.16544689154252412 -0.15886882052291185 -0.15206130126660522 -0.28033881985715459 0.055738105946643794 -0.10836755082972589 -0.094053346544193728 0.026378397620609347
leaf_weight=69942147 13148998 85 20 112 46 73 21 32 65 130 36 29 36 35 20 44 76 20 830 27 37 21 44 24 22 28 121 31 60 446
leaf_count=69942147 13148998 85 20 112 46 73 21 32 65 130 36 29 36 35 20 44 76 20 830 27 37 21 44 24 22 28 121 31 60 446
internal_value=0 1.53643e-05 -0.0713649 1.55184e-05 -0.208675 1.5423e-05 -0.0248379 -0.0322095 -0.0129514 0.0020985 -0.0190803 -0.0899837 0.0271337 0.0647356 -0.0618656 -0.0901373 1.56082e-05 -0.0138313 -0.0267926 -0.0209995 -0.098989 -0.134275 0.0453279 -0.00612383 -0.00197221 -0.170269 0.0184993 0.00186281 -0.134845 1.58736e-05
internal_weight=0 6.99447e+07 151 6.99446e+07 66 6.99445e+07 521 500 375 310 237 125 107 71 96 76 6.99439e+07 1341 1100 1080 173 136 241 907 883 115 197 861 87 6.99426e+07
internal_count=83093716 69944718 151 69944567 66 69944455 521 500 375 310 237 125 107 71 96 76 69943934 1341 1100 1080 173 136 241 907 883 115 197 861 87 69942593
is_linear=0
shrinkage=0.1


Tree=94
num_leaves=31
num_cat=0
split_feature=0 1 3 22 2 3 3 14 22 3 3 3 3 15 13 13 13 3 21 0 8 3 14 14 0 3 0 0 14 0
split_gain=10.4256 12.1904 11.1184 10.5035 41.245 38.6783 45.4431 95.7514 75.3442 167.953 50.0964 68.5746 36.0962 42.1361 72.7845 127.902 76.0251 49.4456 30.1727 39.9221 31.2407 67.3423 41.4756 103.108 96.3239 34.1682 40.8867 32.5434 22.063 21.4396
threshold=3.4479532241821294 0.00016850223223065003 -0.50878000259399403 1.0000000180025095e-35 0.0017430921152344003 -0.29586949944496149 -0.087232500314712511 0.040840884670615203 0.96153518557548534 -0.2148490026593208 -0.17093800008296964 -0.18869099766016004 -0.013741999864578245 0.036378823220729835 0.81548064947128307 0.063485044986009612 0.41459876298904424 0.3360114991664887 1.0000000180025095e-35 173.756462097168 0.74613162875175487 0.21933950483798983 0.47670225799083715 0.66649928689003002 167.40383911132815 0.24876549839973452 180.33281707763675 371.70451354980474 0.031739909201860435 732.00109863281261
decision_type=2 2 2 2 2 2 2 2 2 2 2 2 2 2 2 2 2 2 2 2 2 2 2 2 2 2 2 2 2 2
left_child=1 -1 -3 -2 5 -5 7 8 9 -7 11 -9 -8 18 15 17 -17 -15 20 -20 22 -22 27 24 -24 -23 -27 28 -14 -29
right_child=3 2 -4 4 -6 6 12 10 -10 -11 -12 -13 13 14 -16 16 -18 -19 19 -21 21 25 23 -25 -26 26 -28 29 -30 -31
leaf_value=-0.00061093134431972908 1.9979415521295235e-06 -0.058220126976569503 0.010494820515780774 -0.074207337503737245 -0.10135341806071146 0.019439049082575367 -0.063156553648718416 -0.063036820079599112 0.044862762965420466 0.41983763846484101 -0.10803767562976906 0.16249766344061267 0.0020466419154908724 -0.023565808538543551 -0.074034789677073318 0.30650029984013788 0.09270325935421847 0.10897179394029083 0.01878098763673651 -0.16964362095231597 -0.053465893140550315 0.15339147540926934 -0.0026314871758222579 -0.039776055384792799 0.27712403942132369 0.10504519505934283 -0.085642237945095359 0.046111976104183307 -0.075349900283311552 -0.047562106395209275
leaf_weight=316522 82773394 24 1248 56 35 20 73 28 47 22 35 26 1198 95 41 29 39 40 22 23 212 25 20 43 32 22 23 257 38 27
leaf_count=316522 82773394 24 1248 56 35 20 73 28 47 22 35 26 1198 95 41 29 39 40 22 23 212 25 20 43 32 22 23 257 38 27
internal_value=0 -0.000571669 0.00919831 2.1948e-06 0.00644792 0.00796138 0.00984954 0.0584963 0.13184 0.229172 -0.0148473 0.0455539 0.00601637 0.00832635 0.0474944 0.0720397 0.183881 0.0157046 0.00340513 -0.0775249 0.00532493 -0.0253857 0.0106874 0.0747891 0.169526 0.0596573 0.00758273 0.00668104 -0.000332863 0.0372063
internal_weight=0 317794 1272 8.27759e+07 2528 2493 2437 178 89 42 89 54 2259 2186 244 203 68 135 1942 45 1897 282 1615 95 52 70 45 1520 1236 284
internal_count=83093716 317794 1272 82775922 2528 2493 2437 178 89 42 89 54 2259 2186 244 203 68 135 1942 45 1897 282 1615 95 52 70 45 1520 1236 284
is_linear=0
shrinkage=0.1


Tree=95
num_leaves=31
num_cat=0
split_feature=3 20 1 2 9 14 14 20 9 13 0 0 1 11 13 3 3 3 3 15 15 2 0 0 11 2 1 3 3 3
split_gain=9.94181 15.5359 20.9829 108.255 12.6548 12.9158 57.1805 11.8689 11.7711 16.3936 13.8279 11.5815 10.8751 10.0837 20.3665 16.2164 11.2166 29.7302 11.4709 10.8619 10.3289 16.3498 10.4428 17.0291 9.62329 9.58118 51.1911 52.7241 45.5337 56.0472
threshold=-0.73734748363494862 0.35723876953125006 7.7623385874617942e-05 -1.0000000180025095e-35 0.10814816877245904 0.003786049317568541 0.028885867446660999 0.85840713977813732 0.3973525613546372 0.37828554213047033 195.05030059814456 95.30853652954103 0.0011117021798126004 0.80759394168853771 0.058856114745140083 1.6857554912567141 1.1838999986648562 1.0986645221710207 0.11009649932384492 0.010551472660154106 0.10341256484389307 0.0025407509541951505 233.49011230468753 299.24307250976568 0.9713556468486787 0.05144977637925361 0.0074286826741851008 -0.054823501035571091 0.14711499959230426 0.16051850467920306
decision_type=2 2 2 2 2 2 2 2 2 2 2 2 2 2 2 2 2 2 2 2 2 2 2 2 2 2 2 2 2 2
left_child=1 4 3 -3 12 8 -7 11 10 -10 -6 -5 -1 25 15 16 17 18 19 -15 22 -22 -17 -24 -25 -2 -27 -28 -29 -30
right_child=13 2 -4 7 5 6 -8 -9 9 -11 -12 -13 -14 14 -16 20 -18 -19 -20 -21 21 -23 23 24 -26 26 27 28 29 -31
leaf_value=0.0011262539061869495 -1.5596345916601945e-06 -0.19840655485833331 0.014748183354878656 0.012433255539292953 -0.023796398845822631 -0.16168936230242253 0.0051868052016217992 0.021182093848474325 0.00030907758176320022 -0.065822114913087135 0.0020511022496586002 -0.043866177071380408 0.060363233786436821 0.0066168723350236991 -0.0568923645784171 -0.020732292421144948 0.015009651486344098 -0.11927202709696511 -0.012580805524017448 0.070473448546796019 -0.013708261134369033 -0.12372240749272434 0.045231224286934019 0.0076037696011619074 -0.031407986700149451 0.0053254506867782044 0.074995003002030519 -0.055538451455561202 0.15609623946249485 -0.012777287253718709
leaf_weight=119348 82956018 35 130 54 539 28 77 80 2768 38 336 113 31 327 78 542 457 22 420 29 35 22 71 139 116 10378 63 269 20 1133
leaf_count=119348 82956018 35 130 54 539 28 77 80 2768 38 336 113 31 327 78 542 457 22 420 29 35 22 71 139 116 10378 63 269 20 1133
internal_value=0 0.000896274 -0.01849 -0.0338126 0.000961123 -0.00473078 -0.0393135 -0.0104895 -0.00374431 -0.000586498 -0.013871 -0.0256616 0.00114164 -1.33513e-06 -0.0066839 -0.00488745 0.00251708 -0.00463719 -0.00138723 0.0118187 -0.0149336 -0.0561699 -0.0122257 0.00191722 -0.0101428 -1.15326e-06 0.00284057 -0.0145252 -0.0184913 -0.009848
internal_weight=0 123577 412 282 123165 3786 105 247 3681 2806 875 167 119379 8.29701e+07 2258 2180 1255 798 776 356 925 57 868 326 255 8.29679e+07 11863 1485 1422 1153
internal_count=83093716 123577 412 282 123165 3786 105 247 3681 2806 875 167 119379 82970139 2258 2180 1255 798 776 356 925 57 868 326 255 82967881 11863 1485 1422 1153
is_linear=0
shrinkage=0.1


Tree=96
num_leaves=31
num_cat=0
split_feature=14 17 3 16 1 6 0 15 2 2 6 7 1 0 4 4 19 2 14 0 15 14 13 9 3 1 2 14 0 3
split_gain=9.77387 28.5114 43.4201 28.327 63.9128 46.4356 96.811 43.3263 42.4404 53.7943 39.8582 36.0949 44.0248 34.7304 33.8935 33.3715 45.186 28.8005 40.319 28.6581 26.3952 47.3567 49.583 39.2267 39.3031 40.9385 89.0156 52.0546 36.952 36.0285
threshold=0.0025480916956439619 0.57706825435161602 1.6857554912567141 0.64080783724784862 0.00019040885066585003 0.11898779869079591 478.66354370117193 0.39641489088535314 -0.0048443123848370987 -1.0000000180025095e-35 0.47434714436531072 0.81283089518547069 6.5845994139502833e-05 155.61902618408206 0.75704458355903637 0.62018048763275158 0.61783882975578319 0.0015043085284750502 0.039196584373712547 136.53020477294925 0.00044526625424623495 0.3679694682359696 0.26789896190166479 0.6708754599094392 1.8119350075721743 0.00065626417387035013 -0.0025015055146975496 0.45165193080902105 552.19836425781261 -0.039658499881625169
decision_type=2 2 2 2 2 2 2 2 2 2 2 2 2 2 2 2 2 2 2 2 2 2 2 2 2 2 2 2 2 2
left_child=-1 3 -3 5 -5 11 7 8 13 -10 -11 15 -13 -7 -6 16 20 18 -17 -12 -2 -22 23 24 29 26 -26 -27 -29 -23
right_child=1 2 -4 4 14 6 -8 -9 9 10 19 12 -14 -15 -16 17 -18 -19 -20 -21 21 22 -24 -25 25 27 -28 28 -30 -31
leaf_value=2.6622305124165634e-06 -1.5469536477782646e-05 0.035076252522967047 -0.15240596582492194 -0.0058623280065755049 0.06681658458980648 0.015466472487896683 -0.16836947730431956 -0.14834501225015392 -0.096321379994871489 -0.03284801511000842 0.011769221036841996 -0.0074294284104983862 -0.16094995898104483 0.17685976812150331 0.21367909210649405 0.19738097976893187 -0.098472934267780893 -0.056639228422533383 0.041580909728167616 0.14651247803811673 -0.00033889159084332838 -0.028689793773496803 0.012845216703931137 0.027020781898339782 0.030549406704654836 0.0340615376502603 -0.014629057495524412 -0.034710751140474456 -0.097249585181727258 -0.0038136693771484973
leaf_weight=82595951 381149 21 30 132 55 40 48 23 73 100 38 47 31 20 22 20 47 22 98 27 78212 594 1551 369 483 91 4493 474 118 29337
leaf_count=82595951 381149 21 30 132 55 40 48 23 73 100 38 47 31 20 22 20 47 22 98 27 78212 594 1551 369 483 91 4493 474 118 29337
internal_value=0 -0.000441791 -0.0752074 -0.00043413 0.0363733 -0.000449592 -0.0359106 -0.0161037 -0.00589712 -0.0248454 0.00677737 -0.000423271 -0.068444 0.0692642 0.108777 -0.000412597 -0.000426351 0.0484035 0.0679877 0.0677395 -0.000417076 -0.00173983 -0.00466093 -0.00541601 -0.00575232 -0.0133949 -0.0102438 -0.0363525 -0.0471763 -0.00430735
internal_weight=0 497765 51 497714 209 497505 369 321 298 238 165 497136 78 60 77 497058 496918 140 118 65 496871 115722 37510 35959 35590 5659 4976 683 592 29931
internal_count=83093716 497765 51 497714 209 497505 369 321 298 238 165 497136 78 60 77 497058 496918 140 118 65 496871 115722 37510 35959 35590 5659 4976 683 592 29931
is_linear=0
shrinkage=0.1


Tree=97
num_leaves=31
num_cat=0
split_feature=7 3 6 13 3 0 2 1 4 13 15 13 0 3 3 1 2 15 7 2 1 3 16 3 1 0 0 0 4 0
split_gain=9.62937 41.2487 29.856 87.7746 122.654 33.8607 29.8205 53.069 58.6468 69.2693 49.3737 54.6518 45.9264 53.6254 48.9645 39.4475 63.374 38.3967 36.2391 53.2872 53.423 35.4194 52.1825 65.9397 47.7928 42.6783 34.1778 33.9598 32.677 68.5948
threshold=0.012249965453520419 -0.64398401975631703 1.0000000180025095e-35 0.0010905198287218811 2.9375464916229252 90.636955261230483 -0.00090815666892474993 6.215482713812507e-05 0.51241087913513195 0.70938238501548778 0.031699074432253845 0.042662667110562331 109.92773056030275 2.9375464916229252 0.01087299967184663 0.029216446485834453 -0.017768915179840597 0.012928686104714872 0.91760551929473888 -0.0013615873076833998 0.0011448066418240502 3.343134999275208 0.13225658982992175 4.1433904170989999 5.9082915430927562e-05 336.39776611328131 223.96001434326175 367.91757202148443 0.087801903486251845 235.93595123291018
decision_type=2 2 2 2 2 2 2 2 2 2 2 2 2 2 2 2 2 2 2 2 2 2 2 2 2 2 2 2 2 2
left_child=-1 -2 6 -4 -5 -6 7 21 9 17 12 -12 -10 14 -14 16 -15 28 19 20 -18 26 24 -24 -23 -26 -3 -16 -9 -30
right_child=1 2 3 4 5 -7 -8 8 10 -11 11 -13 13 15 27 -17 18 -19 -20 -21 -22 22 23 -25 25 -27 -28 -29 29 -31
leaf_value=5.3904468739454694e-07 -0.13900664259086956 -0.039074850634768094 0.074863097675019738 -0.26718578383326536 -0.069346880296675059 0.08041658326983453 -0.00080758938814338662 -0.0088275324051194873 -0.0072894301465853606 -0.20242043222649952 -0.079087564067951602 0.068963651494546377 0.1005657338709743 0.21614825937610407 -0.015340623403966858 -0.057563030390468034 0.064589114704740644 0.0046157767258061108 0.11399495401885361 -0.11957785589154811 -0.086380995552127193 -0.015703239872460611 -0.26299364066123959 -0.055965191163122652 -0.044412321094423536 -0.17878563151909754 0.076349083528570505 -0.1494420271080274 -0.019582783620889214 -0.099368787456187435
leaf_weight=83072899 22 58 164 20 26 36 17426 475 330 20 102 33 27 26 69 28 238 605 80 20 26 260 25 40 60 39 46 26 330 160
leaf_count=83072899 22 58 164 20 26 36 17426 475 330 20 102 33 27 26 69 28 238 605 80 20 26 260 25 40 60 39 46 26 330 160
internal_value=0 -0.00215048 -0.00200569 0.0326252 -0.0518505 0.0176126 -0.00242027 -0.0114189 -0.0055388 -0.0174907 0.0133702 -0.0428973 0.0221014 0.0400624 -0.0182682 0.0570872 0.0653185 -0.0151349 0.0545449 0.0377984 0.0497208 -0.0403181 -0.0531454 -0.135592 -0.0382179 -0.0973473 0.011978 -0.0520421 -0.0275175 -0.0456354
internal_weight=0 20817 20795 246 82 62 20549 3123 2595 1590 1005 135 870 540 122 418 390 1570 364 284 264 528 424 65 359 99 104 95 965 490
internal_count=83093716 20817 20795 246 82 62 20549 3123 2595 1590 1005 135 870 540 122 418 390 1570 364 284 264 528 424 65 359 99 104 95 965 490
is_linear=0
shrinkage=0.1


Tree=98
num_leaves=31
num_cat=0
split_feature=0 19 2 15 15 15 1 15 3 2 6 20 3 13 9 9 14 2 9 20 2 15 1 3 3 3 3 2 1 20
split_gain=9.44994 30.9802 72.1296 76.0934 78.4952 55.3874 69.597 39.3756 36.5018 31.6614 63.0003 30.0858 69.9819 150.014 53.2746 52.7201 33.5522 34.4917 127.281 160.044 82.2237 132.684 116.426 97.0692 277.522 109.609 173.092 219.209 40.205 39.6617
threshold=206.14579010009768 0.61783882975578319 -0.13604505617114263 0.082161150872707381 0.34956094622612005 0.013487236574292185 0.011766311318164552 0.27119298279285436 3.343134999275208 -0.13604505617114263 0.11898779869079591 0.5209239423274995 4.1433904170989999 0.099891610443592085 0.35813271999359136 0.99999997019767772 0.0072804135270416745 -0.13604505617114263 0.85530805587768566 0.99589058756828319 -0.03362212212173319 0.0059731435030698785 0.0039542978823803006 2.2194035053253178 1.4342429637908938 1.6857554912567141 1.9652274847030642 -0.058934122107042346 0.011766311318164552 0.63787454366683971
decision_type=2 2 2 2 2 2 2 2 2 2 2 2 2 2 2 2 2 2 2 2 2 2 2 2 2 2 2 2 2 2
left_child=1 9 -3 5 7 6 -4 -5 -7 10 -1 -2 16 15 -15 -14 17 18 19 -13 21 22 -19 24 -24 -26 -27 -28 -22 -23
right_child=11 2 3 4 -6 8 -8 -9 -10 -11 -12 12 13 14 -16 -17 -18 20 -20 -21 28 29 23 -25 25 26 27 -29 -30 -31
leaf_value=0.0071073633874963868 3.63795972983026e-05 -0.033685702536897663 0.040598416263254472 0.11183459882125042 -0.00599659590927117 -0.13495075562421013 -0.0192874764368214 0.26547249298204079 -0.014210876904820141 -3.519758256875863e-05 0.14575090611522848 0.027174970565885664 -0.0076191625223712978 -0.0030085120414351596 -0.11089889657713714 -0.089646045258843621 0.012356383907017474 -0.0055969337699145584 0.27184587970376012 -0.26245929539203644 -0.0019464323921362132 -0.033353085539859835 -0.033973841296730915 -0.018927993559246434 -0.38394183624874462 -0.063062873244348727 -0.11631968913842804 -0.56899278581142432 0.035767610233272996 0.029487842036596403
leaf_weight=4808 41523799 258 690 69 51 34 270 22 95 41522675 33 414 2399 58 217 81 1656 295 20 20 34514 139 172 145 33 59 23 20 285 362
leaf_count=4808 41523799 258 690 69 51 34 270 22 95 41522675 33 414 2399 58 217 81 1656 295 20 20 34514 139 172 145 33 59 23 20 285 362
internal_value=0 -3.37376e-05 0.0143903 0.0244664 0.093318 0.0154885 0.0237555 0.148978 -0.0460338 -3.42548e-05 0.00805247 3.37091e-05 -0.00267674 -0.0180687 -0.0881438 -0.0102983 -0.00156542 -0.00219703 0.0251942 0.0138278 -0.00254202 -0.0277617 -0.0544647 -0.0863585 -0.118207 -0.225526 -0.174274 -0.326865 -0.00163756 0.0120529
internal_weight=0 4.1529e+07 1489 1231 142 1089 960 91 129 4.15275e+07 4841 4.15647e+07 40912 2755 275 2480 38157 36501 454 434 36047 1248 747 452 307 135 102 43 34799 501
internal_count=83093716 41529005 1489 1231 142 1089 960 91 129 41527516 4841 41564711 40912 2755 275 2480 38157 36501 454 434 36047 1248 747 452 307 135 102 43 34799 501
is_linear=0
shrinkage=0.1


Tree=99
num_leaves=31
num_cat=0
split_feature=13 8 3 3 21 3 14 14 0 1 3 15 15 15 14 14 15 3 14 0 15 3 20 3 1 9 1 9 6 15
split_gain=9.51956 42.6162 99.5022 101.393 114.286 102.934 81.1455 108.702 78.5054 111.041 116.496 101.934 73.8519 62.2667 54.1149 51.7253 46.8103 45.8857 62.1246 51.5824 45.3602 42.5587 41.1855 83.991 69.2684 109.637 46.1383 45.211 36.9888 40.3789
threshold=0.013128197286278011 0.5664392113685609 -0.036911999806761735 0.61379399895668041 1.0000000180025095e-35 0.58904400467872631 0.99966749548912059 0.9945952594280244 199.33017730712893 6.0782147360469059e-06 -1.0000000180025095e-35 0.0081380391493439692 0.049373248592019088 0.0086138504557311552 0.88621550798416149 0.85525208711624157 0.12977506220340732 0.072576999664306655 0.98010042309761058 271.84655761718756 0.07924883067607881 -0.11021450161933898 0.82954031229019176 3.343134999275208 0.0074286826741851008 0.8796796202659608 0.0052684475765885511 0.67685446143150341 0.47434714436531072 0.25252366065979009
decision_type=2 2 2 2 2 2 2 2 2 2 2 2 2 2 2 2 2 2 2 2 2 2 2 2 2 2 2 2 2 2
left_child=1 -1 13 5 -5 6 7 8 11 10 -10 -4 -11 15 -12 -3 20 18 19 -16 -13 -17 28 26 -25 27 -24 -26 -2 -30
right_child=22 2 3 4 -6 -7 -8 -9 9 12 14 16 -14 -15 17 21 -18 -19 -20 -21 -22 -23 23 24 25 -27 -28 -29 29 -31
leaf_value=-4.5172482990234862e-06 0.00026687695629156653 0.037402499937734597 -0.035029906258720343 0.0052992044904680265 0.20030634035356343 -0.22036333238256389 0.12492556087672711 -0.18492948024169259 -0.18826149015554361 -0.19253552306909116 0.0042830465436162488 -0.12660736083129392 0.019423392862081529 -0.066463229838663193 0.019375274181365969 0.25628929863805355 -0.028890143547905613 0.19732392785640865 -0.069043163666802063 0.19651166819516691 -0.28434866211162163 0.082146784626982286 -0.0053974894268063213 -0.028786382192211132 -0.087416283305113529 0.039560576130090092 0.054521294246100027 -0.2618595396861052 -0.012716084577297813 -0.081144477197535578
leaf_weight=81385837 1701159 132 635 494 32 29 33 46 28 48 438 61 25 39 35 23 30 26 31 31 26 36 2673 668 24 29 135 39 777 97
leaf_count=81385837 1701159 132 635 494 32 29 33 46 28 48 438 61 25 39 35 23 30 26 31 31 26 36 2673 668 24 29 135 39 777 97
internal_value=0 -4.90008e-06 -0.0136823 -0.0206862 0.0171628 -0.0337667 -0.0301423 -0.0336472 -0.0287257 -0.00361237 0.010806 -0.0508335 -0.119947 0.0486826 0.0207416 0.0721941 -0.136605 0.0793502 0.0477284 0.102576 -0.173748 0.150033 0.000233811 -0.0104988 -0.0399902 -0.12134 -0.00251678 -0.195405 0.00025631 -0.0203105
internal_weight=0 8.13881e+07 2278 2048 526 1522 1493 1460 1414 662 589 752 73 230 561 191 117 123 97 66 87 59 1.7056e+06 3568 760 92 2808 63 1.70203e+06 874
internal_count=83093716 81388115 2278 2048 526 1522 1493 1460 1414 662 589 752 73 230 561 191 117 123 97 66 87 59 1705601 3568 760 92 2808 63 1702033 874
is_linear=0
shrinkage=0.1


end of trees

feature_importances:
feature.vep@features.cadd_raw.max=443
feature.expected_expr@theta=371
feature.splice_ensemble@AbSplice=349
feature.splice_ensemble@MMSplice_SpliceMap_Psi_ref=262
feature.vep@features.NMD_transcript_variant.proportion=221
feature.vep@features.LoF_HC.proportion=201
feature.vep@features.3_prime_UTR_variant.proportion=182
feature.vep@features.5_prime_UTR_variant.proportion=149
feature.vep@features.splice_region_variant.proportion=107
feature.vep@features.NMD_escaping_variant.proportion=103
feature.vep@features.missense_variant.proportion=101
feature.vep@features.coding_sequence_variant.proportion=89
feature.vep@features.frameshift_variant.proportion=78
feature.vep@features.splice_donor_variant.proportion=58
feature.vep@features.stop_gained.proportion=56
feature.vep@features.splice_acceptor_variant.proportion=47
feature.vep@features.transcript_amplification.proportion=46
feature.vep@features.transcript_ablation.proportion=31
feature.vep@features.stop_lost.proportion=31
feature.vep@features.start_lost.proportion=31
feature.vep@features.inframe_deletion.proportion=21
feature.vep@features.feature_elongation.proportion=20
feature.vep@features.inframe_insertion.proportion=3

parameters:
[boosting: gbdt]
[objective: regression]
[metric: l2]
[tree_learner: serial]
[device_type: cpu]
[data: ]
[valid: ]
[num_iterations: 100]
[learning_rate: 0.1]
[num_leaves: 31]
[num_threads: 32]
[deterministic: 0]
[force_col_wise: 0]
[force_row_wise: 0]
[histogram_pool_size: -1]
[max_depth: -1]
[min_data_in_leaf: 20]
[min_sum_hessian_in_leaf: 0.001]
[bagging_fraction: 1]
[pos_bagging_fraction: 1]
[neg_bagging_fraction: 1]
[bagging_freq: 0]
[bagging_seed: 3]
[feature_fraction: 1]
[feature_fraction_bynode: 1]
[feature_fraction_seed: 2]
[extra_trees: 0]
[extra_seed: 6]
[early_stopping_round: 0]
[first_metric_only: 0]
[max_delta_step: 0]
[lambda_l1: 0]
[lambda_l2: 0]
[linear_lambda: 0]
[min_gain_to_split: 0]
[drop_rate: 0.1]
[max_drop: 50]
[skip_drop: 0.5]
[xgboost_dart_mode: 0]
[uniform_drop: 0]
[drop_seed: 4]
[top_rate: 0.2]
[other_rate: 0.1]
[min_data_per_group: 100]
[max_cat_threshold: 32]
[cat_l2: 10]
[cat_smooth: 10]
[max_cat_to_onehot: 4]
[top_k: 20]
[monotone_constraints: ]
[monotone_constraints_method: basic]
[monotone_penalty: 0]
[feature_contri: ]
[forcedsplits_filename: ]
[refit_decay_rate: 0.9]
[cegb_tradeoff: 1]
[cegb_penalty_split: 0]
[cegb_penalty_feature_lazy: ]
[cegb_penalty_feature_coupled: ]
[path_smooth: 0]
[interaction_constraints: ]
[verbosity: -1]
[saved_feature_importance_type: 0]
[linear_tree: 0]
[max_bin: 255]
[max_bin_by_feature: ]
[min_data_in_bin: 3]
[bin_construct_sample_cnt: 200000]
[data_random_seed: 1]
[is_enable_sparse: 1]
[enable_bundle: 1]
[use_missing: 1]
[zero_as_missing: 0]
[feature_pre_filter: 1]
[pre_partition: 0]
[two_round: 0]
[header: 0]
[label_column: ]
[weight_column: ]
[group_column: ]
[ignore_column: ]
[categorical_feature: ]
[forcedbins_filename: ]
[precise_float_parser: 0]
[objective_seed: 5]
[num_class: 1]
[is_unbalance: 0]
[scale_pos_weight: 1]
[sigmoid: 1]
[boost_from_average: 1]
[reg_sqrt: 0]
[alpha: 0.9]
[fair_c: 1]
[poisson_max_delta_step: 0.7]
[tweedie_variance_power: 1.5]
[lambdarank_truncation_level: 30]
[lambdarank_norm: 1]
[label_gain: ]
[eval_at: ]
[multi_error_top_k: 1]
[auc_mu_weights: ]
[num_machines: 1]
[local_listen_port: 12400]
[time_out: 120]
[machine_list_filename: ]
[machines: ]
[gpu_platform_id: -1]
[gpu_device_id: -1]
[gpu_use_dp: 0]
[num_gpu: 1]

end of parameters

pandas_categorical:[]
