tree
version=v3
num_class=1
num_tree_per_iteration=1
label_index=0
max_feature_idx=21
objective=regression
feature_names=feature.expected_expr@expression_dispersion feature.splice_ensemble@AbSplice feature.splice_ensemble@MMSplice_SpliceMap_Psi_ref feature.splice_ensemble@SpliceAI feature.vep@features.cadd_raw.max feature.vep@features.LoF_HC.proportion feature.vep@features.transcript_ablation.proportion feature.vep@features.stop_gained.proportion feature.vep@features.frameshift_variant.proportion feature.vep@features.coding_sequence_variant.proportion feature.vep@features.missense_variant.proportion feature.vep@features.inframe_deletion.proportion feature.vep@features.inframe_insertion.proportion feature.vep@features.stop_lost.proportion feature.vep@features.3_prime_UTR_variant.proportion feature.vep@features.5_prime_UTR_variant.proportion feature.vep@features.NMD_transcript_variant.proportion feature.vep@features.NMD_escaping_variant.proportion feature.vep@features.start_lost.proportion feature.vep@features.splice_donor_variant.proportion feature.vep@features.splice_acceptor_variant.proportion feature.vep@features.splice_region_variant.proportion
feature_infos=[0.17043493688106537:999.99993896484375] [0:0.25940099253576121] [-0.8821236957037899:0.211799073199058] [0:1] [-2.23465895652771:11.991030693054199] [0:1.9875880479812622] [0:0.055450551211833954] [0:1.9875880479812622] [0:1] [0:0.9096531867980957] [0:1.0000001192092896] [0:1] [0:1] [0:1] [0:1.9277629852294922] [0:1.9100415706634521] [0:1] [0:1] [0:0.99800068140029907] [0:1] [0:1] [0:1.1895910501480103]
tree_sizes=3005 3004 3013 2954 3015 3005 2983 3053 2983 3020 2997 3018 2976 3011 3020 2963 2996 2984 2995 2975 3048 2965 3044 2907 2940 2945 2950 2940 2995 2912 3015 2955 2944 2995 2941 2908 2935 2961 2932 2986 2901 2926 2943 2916 2939 2900 2938 2904 2939 2948 2904 2900 2930 2915 2848 2974 2881 2888 2943 2816 2926 2910 2930 2900 2910 2743 2806 2831 2908 2908 2922 2896 2946 2855 2851 2868 3004 2937 2906 2928 2886 2853 2816 2756 2992 2924 2917 2797 2848 2886 2839 2846 2825 2916 3008 2887 2965 2860 2891 2923

Tree=0
num_leaves=31
num_cat=0
split_feature=5 6 9 0 5 14 3 0 17 15 1 3 19 2 0 7 8 20 17 5 1 19 0 4 1 16 1 2 4 5
split_gain=51871.3 16301.6 6332.02 6301.24 3107.44 2857.56 2757.54 2596.34 2578.69 1611.35 1448.17 1369.72 1173.36 918.605 888.794 819.472 863.196 819.001 795.353 640.64 591.687 580.687 503.104 497.138 485.902 463.004 452.014 604.066 443.688 442.684
threshold=0.1542351916432381 1.0000000180025095e-35 0.21766174584627154 157.99018859863284 0.71975320577621471 0.45516268908977514 0.7350000000000001 79.149288177490249 0.14178745821118358 0.11515923961997034 6.4231245220049121e-06 0.38500000000000006 0.084406442940235152 -0.025308060511892699 51.42036437988282 0.70886594057083141 0.69257628917694103 0.94824603199958812 0.14178745821118358 0.016068628989160064 0.044340174418349858 0.0062342362944036731 178.52332305908206 -0.33074799180030817 1.2685988943616566e-06 0.034620994701981551 7.4796569128890383e-06 -0.028498409452099398 3.2962214946746831 0.71975320577621471
decision_type=2 2 2 2 2 2 2 2 2 2 2 2 2 2 2 2 2 2 2 2 2 2 2 2 2 2 2 2 2 2
left_child=1 2 6 14 8 9 17 -3 12 -4 15 28 25 22 -2 16 -6 19 24 21 29 -1 -8 -15 -17 26 -5 -28 -12 -16
right_child=3 7 5 4 10 -7 13 -9 -10 -11 11 -13 -14 23 20 18 -18 -19 -20 -21 -22 -23 -24 -25 -26 -27 27 -29 -30 -31
leaf_value=0.0019707612956801398 -0.060540156062464455 -0.16766273748299376 -0.066212324398637556 -0.18150806235430886 -0.059627174689435694 -0.43765428524876809 -0.053365484918750462 -0.53815233753465141 -0.01742030773996419 -0.27432029719442558 -0.24425783432787831 -0.15538662596303554 -0.043073612918452714 -0.50049580675418259 -0.10244461420668294 -0.38624530620813075 -0.21427642341454378 -0.2381917237130311 -0.10754832015134223 -0.039221907645112429 -0.0089205168357504045 -0.036410821814439234 -0.12388198582189956 -0.024355857177066485 -0.12703538098507072 -0.14301845452673259 -0.1016082971864973 -0.26843868449851699 -0.38702855641611739 -0.15487440340720435
leaf_weight=83536711 5104 272 1480 2651 489 327 2184 621 1164 497 260 393 579 22 4192 520 1378 142 174 3776 491 3942 1885 6743 84 1449 251 1604 1337 2615
leaf_count=83536711 5104 272 1480 2651 489 327 2184 621 1164 497 260 393 579 22 4192 520 1378 142 174 3776 491 3942 1885 6743 84 1449 251 1604 1337 2615
internal_value=0.00190814 0.001951 0.00195557 -0.142883 -0.193497 -0.163821 0.00196014 -0.425304 -0.154548 -0.118529 -0.258186 -0.322629 -0.178976 -0.0484872 -0.0925513 -0.209702 -0.173771 0.00196668 -0.295928 0.00196709 -0.114939 0.00196895 -0.0860329 -0.0259043 -0.350196 -0.19219 -0.208002 -0.245865 -0.363785 -0.122586
internal_weight=0 8.35586e+07 8.35577e+07 24735 12333 2304 8.35554e+07 893 7698 1977 4635 1990 6534 10834 12402 2645 1867 8.35446e+07 778 8.35444e+07 7298 8.35407e+07 4069 6765 604 5955 4506 1855 1597 6807
internal_count=83583337 83558602 83557709 24735 12333 2304 83555405 893 7698 1977 4635 1990 6534 10834 12402 2645 1867 83544571 778 83544429 7298 83540653 4069 6765 604 5955 4506 1855 1597 6807
is_linear=0
shrinkage=1


Tree=1
num_leaves=31
num_cat=0
split_feature=5 6 9 0 14 3 17 0 7 8 5 15 1 5 2 0 20 5 1 1 19 17 21 20 1 0 17 4 20 0
split_gain=42228.9 13204.2 5108.31 4893.74 2340.01 2237.23 2127.3 2114.05 1656.71 2176.49 1594.26 1271.78 1126.14 772.753 757.932 702.371 670.677 641.257 569.52 507.543 507.374 497.42 472.695 464.53 462.611 452.979 450.537 404.616 403.056 402.362
threshold=0.25769706070423132 1.0000000180025095e-35 0.21766174584627154 159.93394470214847 0.52420812845230114 0.71000000000000008 0.14178745821118358 93.19549942016603 0.58247444033622753 0.57906788587570202 0.049016393721103675 0.11515923961997034 2.7296083223824887e-05 0.77027752995491039 -0.025308060511892699 51.42036437988282 0.94824603199958812 0.53992247581481945 6.2464470870512534e-05 0.044340174418349858 0.16884646564722064 0.05520064756274224 0.88452577590942394 0.94824603199958812 5.4806743625438607e-05 156.19890594482425 0.38154087960720068 -0.33074799180030817 0.014903998468071224 247.34976196289065
decision_type=2 2 2 2 2 2 2 2 2 2 2 2 2 2 2 2 2 2 2 2 2 2 2 2 2 2 2 2 2 2
left_child=1 2 5 15 11 10 8 -3 9 17 16 -4 -11 -8 22 -2 20 -5 -14 26 -1 25 23 -7 -15 -12 28 -16 -17 -6
right_child=3 7 4 6 29 14 13 -9 -10 12 21 -13 18 24 27 19 -18 -19 -20 -21 -22 -23 -24 -25 -26 -27 -28 -29 -30 -31
leaf_value=5.5821184601500068e-05 -0.06123176485969465 -0.18965676692721731 -0.064496705809684224 -0.16921073435493578 -0.31627176130538459 -0.058744420784858767 -0.030763749549283709 -0.50599722942438996 -0.29662759726709548 -0.19673264814145852 -0.040186958861405886 -0.24860559265064622 -0.42186730621415941 -0.11596034082818132 -0.45216353129256853 -0.13450922346486807 -0.21804132551377547 -0.091433251345282032 -0.27827761706043236 -0.0093088853409950927 -0.050565850322672114 0.018087401638173021 -0.18065625467770405 -0.2235690103089385 -0.31548850643643722 -0.10531225583601385 -0.030752182080693243 -0.022665578464638028 -0.011189903472631581 -0.55396435003504796
leaf_weight=83539150 4512 343 1531 3145 182 3821 1072 550 1608 1645 2410 497 391 382 22 5295 141 1599 941 444 1980 772 396 179 167 1918 517 7331 279 117
leaf_count=83539150 4512 343 1531 3145 182 3821 1072 550 1608 1645 2410 497 391 382 22 5295 141 1599 941 444 1980 772 396 179 167 1918 517 7331 279 117
internal_value=0 3.64685e-05 4.05779e-05 -0.138537 -0.148121 4.4704e-05 -0.185913 -0.384491 -0.204286 -0.185054 5.08402e-05 -0.109616 -0.252077 -0.0801741 -0.0435893 -0.0915776 5.42533e-05 -0.142995 -0.320427 -0.11253 5.46214e-05 -0.055858 -0.0764379 -0.0661203 -0.176655 -0.0690479 -0.120054 -0.0239506 -0.128337 -0.409282
internal_weight=0 8.35613e+07 8.35604e+07 21997 2327 8.35581e+07 10950 893 9329 7721 8.35464e+07 2028 2977 1621 11749 11047 8.35413e+07 4744 1332 6535 8.35411e+07 5100 4396 4000 549 4328 6091 7353 5574 299
internal_count=83583337 83561340 83560447 21997 2327 83558120 10950 893 9329 7721 83546371 2028 2977 1621 11749 11047 83541271 4744 1332 6535 83541130 5100 4396 4000 549 4328 6091 7353 5574 299
is_linear=0
shrinkage=0.1


Tree=2
num_leaves=31
num_cat=0
split_feature=5 6 9 0 14 1 0 5 17 5 15 20 19 1 0 1 20 3 2 17 19 19 17 20 17 20 4 19 4 4
split_gain=34205.4 10695.4 4137.73 4027.36 1914.51 1908.97 1768.8 1689.23 1409.88 1257.32 1068.58 899.323 876.374 726.653 678.254 563.992 553.556 529.641 483.515 483.054 492.87 445.51 510.152 529.298 433.398 429.928 413.913 457.145 409.133 396.13
threshold=0.25769706070423132 1.0000000180025095e-35 0.21766174584627154 180.67292785644534 0.45516268908977514 0.022602373240295955 77.783840179443374 0.7570268213748933 0.14178745821118358 0.049016393721103675 0.11515923961997034 0.64190500974655162 0.16884646564722064 1.1523583664052742e-05 51.42036437988282 7.4796569128890383e-06 0.94824603199958812 0.38500000000000006 -0.025308060511892699 0.62586164474487316 0.72722861170768749 0.16884646564722064 0.14178745821118358 0.11148120462894441 0.72136837244033825 0.94824603199958812 0.84380698204040538 0.0062342362944036731 3.2962214946746831 4.1249356269836435
decision_type=2 2 2 2 2 2 2 2 2 2 2 2 2 2 2 2 2 2 2 2 2 2 2 2 2 2 2 2 2 2
left_child=1 2 5 14 10 9 -3 8 12 16 -4 13 15 19 -2 -5 26 28 -17 20 29 22 23 -16 -11 -7 -1 -28 -15 -9
right_child=3 6 4 7 -6 25 -8 11 -10 24 -12 -13 -14 17 21 18 -18 -19 -20 -21 -22 -23 -24 -25 -26 -27 27 -29 -30 -31
leaf_value=9.7620254561575355e-05 -0.055108591166312032 -0.13054320495209415 -0.054599251179193765 -0.14264870447920094 -0.35763026876232673 -0.04080802537459749 -0.43795629294690325 -0.16883784543563862 -0.030239025562574781 -0.053307636298709597 -0.22374503138424526 -0.044533943056208065 -0.02315530234629708 -0.18625955617819459 -0.1301097134104334 -0.096499409739622899 -0.18893091542105522 -0.15027811871182395 -0.23009658908014427 -0.079979294064237316 -0.074130759579569702 -0.021405519217366234 -0.036301394289042756 -0.025009265178121371 0.18129570934455841 -0.19937707638239555 -0.00093583175127759052 -0.039101361251107129 -0.3442015363693115 -0.27977166077598259
leaf_weight=79716823 4512 267 1503 2765 327 9869 626 492 978 5016 497 253 426 195 5601 317 155 219 1863 287 201 599 802 524 80 174 3822862 3141 1032 931
leaf_count=79716823 4512 267 1503 2765 327 9869 626 492 978 5016 497 253 426 195 5601 317 155 219 1863 287 201 599 802 524 80 174 3822862 3141 1032 931
internal_value=0 3.28236e-05 3.6522e-05 -0.124683 -0.133309 4.02355e-05 -0.346042 -0.171727 -0.140671 4.5476e-05 -0.096632 -0.226345 -0.16078 -0.240047 -0.0857647 -0.172636 4.85058e-05 -0.293532 -0.21067 -0.199576 -0.220712 -0.104144 -0.111298 -0.121118 -0.0496247 -0.0435553 4.88564e-05 -0.000967164 -0.319101 -0.241416
internal_weight=0 8.35613e+07 8.35604e+07 21997 2327 8.35581e+07 893 9959 6349 8.35481e+07 2000 3610 5371 3357 12038 4945 8.3543e+07 1446 2180 1911 1624 7526 6927 6125 5096 10043 8.35428e+07 3.826e+06 1227 1423
internal_count=83583337 83561340 83560447 21997 2327 83558120 893 9959 6349 83548077 2000 3610 5371 3357 12038 4945 83542981 1446 2180 1911 1624 7526 6927 6125 5096 10043 83542826 3826003 1227 1423
is_linear=0
shrinkage=0.1


Tree=3
num_leaves=31
num_cat=0
split_feature=5 6 9 0 3 13 5 0 17 5 15 1 19 3 2 7 8 1 20 4 0 20 4 0 0 4 16 0 17 17
split_gain=27706.4 8663.26 3351.56 3290.27 1623.77 1568.12 1503.99 1440.46 1171.28 1033.01 952.738 922.354 915.78 781.082 536.808 528.305 484.78 466.202 457.842 485.591 449.719 443.684 416.008 445.253 404.577 396.833 391.829 426.611 382.961 376.875
threshold=0.25769706070423132 1.0000000180025095e-35 0.21766174584627154 118.70814514160158 0.6150000000000001 0.09628536552190782 0.71975320577621471 73.445610046386733 0.14178745821118358 0.049016393721103675 0.87307581305503856 6.4231245220049121e-06 0.16884646564722064 0.38500000000000006 -0.017909828307078397 0.70886594057083141 0.69257628917694103 1.2685988943616566e-06 0.014903998468071224 4.1249356269836435 275.76101684570318 0.94824603199958812 0.015477499924600126 104.77016448974611 216.0736999511719 4.1249356269836435 0.41381563246250158 202.60593414306643 0.14178745821118358 0.05520064756274224
decision_type=2 2 2 2 2 2 2 2 2 2 2 2 2 2 2 2 2 2 2 2 2 2 2 2 2 2 2 2 2 2
left_child=1 2 4 -2 9 10 8 -3 12 21 -4 15 18 20 -6 16 -8 28 19 -5 -13 -1 23 -12 -9 -14 27 -7 -17 -11
right_child=3 7 5 6 14 26 11 24 -10 29 22 13 25 -15 -16 17 -18 -19 -20 -21 -22 -23 -24 -25 -26 -27 -28 -29 -30 -31
leaf_value=4.5351829993699427e-05 -0.065165591609082904 -0.1060415977093689 -0.06021591114858852 -0.10709567909179155 -0.056840920561212843 -0.23746167043757499 -0.039269857842351916 -0.33132644295848784 -0.021013120124270968 -0.056733407347908708 -0.12284532421550086 -0.21154840664713884 -0.15598052294155809 -0.11743785091847579 -0.018418851841150791 -0.27627115882220793 -0.14805994817295176 -0.044427171901806256 -0.057637859695230581 -0.17209112644634522 -0.30863756917530361 -0.1773440939684709 -0.051614972926676272 -0.51197766539871059 -0.49676289349371433 0.044041362712886258 0.011714237509295344 -0.45833412550198727 -0.10634758602536749 0.019168587379915149
leaf_weight=83536897 8870 247 1750 1670 5578 199 544 417 1127 4286 43 972 132 488 10446 630 1658 143 571 3688 937 141 50 93 229 399 36 156 168 772
leaf_count=83536897 8870 247 1750 1670 5578 199 544 417 1127 4286 43 972 132 488 10446 630 1658 143 571 3688 937 141 50 93 229 399 36 156 168 772
internal_value=0 2.95402e-05 3.28688e-05 -0.112215 3.6211e-05 -0.119978 -0.144007 -0.311438 -0.115083 4.23162e-05 -0.0830862 -0.183618 -0.131494 -0.230341 -0.0317937 -0.147985 -0.121184 -0.210702 -0.142762 -0.151833 -0.259203 4.50524e-05 -0.298264 -0.388943 -0.389972 -0.00568159 -0.302643 -0.334521 -0.240498 -0.0451485
internal_weight=0 8.35613e+07 8.35604e+07 21997 8.35581e+07 2327 13127 893 7587 8.35421e+07 1936 5540 6460 2397 16024 3143 2202 941 5929 5358 1909 8.3537e+07 186 136 646 531 391 355 798 5058
internal_count=83583337 83561340 83560447 21997 83558120 2327 13127 893 7587 83542096 1936 5540 6460 2397 16024 3143 2202 941 5929 5358 1909 83537038 186 136 646 531 391 355 798 5058
is_linear=0
shrinkage=0.1


Tree=4
num_leaves=31
num_cat=0
split_feature=5 6 0 9 3 14 17 0 19 5 20 5 15 4 0 21 0 1 16 3 17 14 5 1 20 18 15 4 16 14
split_gain=22442.2 7017.24 2776.93 2714.77 1384.87 1278.55 1194.71 1193.26 898.643 1065.43 1069.2 897.372 739.777 669.595 475.173 464.049 459.64 414.549 403.987 400.013 389.95 384.682 369.351 380.414 355.85 350.479 347.513 345.549 343.135 473.61
threshold=0.25769706070423132 1.0000000180025095e-35 180.67292785644534 0.21766174584627154 0.91500000000000015 0.52420812845230114 0.28988380730152136 93.19549942016603 0.16884646564722064 0.60100281238555919 0.11148120462894441 0.016068628989160064 0.11515923961997034 4.1249356269836435 47.534248352050788 0.88043132424354564 365.34643554687506 0.044340174418349858 0.029019912704825405 0.015000000000000001 0.72136837244033825 0.035082774236798293 0.71975320577621471 0.044340174418349858 0.94824603199958812 1.0000000180025095e-35 0.095817107707262053 1.8124960064888003 0.24037488549947741 0.61684742569923412
decision_type=2 2 2 2 2 2 2 2 2 2 2 2 2 2 2 2 2 2 2 2 2 2 2 2 2 2 2 2 2 2
left_child=1 3 14 4 11 12 8 -3 9 -4 13 17 -5 -11 -2 -6 -15 24 -10 -8 -13 -17 23 -16 25 26 -1 -28 -9 -30
right_child=2 7 6 5 15 -7 19 28 18 10 -12 20 -14 16 22 21 -18 -19 -20 -21 -22 -23 -24 -25 -26 -27 27 -29 29 -31
leaf_value=5.4254973935451323e-05 -0.041580099824334291 -0.13391577375091548 -0.1227768400721187 -0.045106359201229157 -0.04298418828414137 -0.30102532280851968 -0.032995181987310038 -0.39399839432467298 -0.078783063825080102 -0.15232913853459809 -0.049407750085433244 -0.040450159478675363 -0.18552299415865087 -0.209363394162382 -0.072065322271438678 -0.1367779250410949 -0.29452913206720316 -0.03345104472462853 0.14588356131894722 -0.19401544362916956 0.16692817266220633 -0.57885579551969257 -0.10761345430757158 0.042698706613802671 -0.15661650124359236 -0.03783543061995482 -0.0018776462874652172 -0.011130302904467057 0.25498945757746699 -0.42496136086327696
leaf_weight=83219365 4209 343 3431 1531 5091 299 1202 509 723 1212 439 6290 497 1660 4052 314 1025 3696 90 177 92 21 3466 311 145 2443 273307 47356 20 21
leaf_count=83219365 4209 343 3431 1531 5091 299 1202 509 723 1212 439 6290 497 1660 4052 314 1025 3696 90 177 92 21 3466 311 145 2443 273307 47356 20 21
internal_value=0 2.65846e-05 -0.100994 2.95804e-05 3.25883e-05 -0.10798 -0.140057 -0.280294 -0.153942 -0.164413 -0.197359 3.5869e-05 -0.0795181 -0.214026 -0.0686765 -0.0504859 -0.241875 3.87333e-05 -0.0539122 -0.0536628 -0.0374607 -0.16449 -0.083244 -0.0638848 4.0215e-05 4.04869e-05 4.15945e-05 -0.00324409 -0.371581 -0.093278
internal_weight=0 8.35613e+07 21997 8.35604e+07 8.35581e+07 2327 9959 893 8580 7767 4336 8.35527e+07 2028 3897 12038 5426 2685 8.35463e+07 813 1379 6382 335 7829 4363 8.35426e+07 8.35425e+07 8.354e+07 320663 550 41
internal_count=83583337 83561340 21997 83560447 83558120 2327 9959 893 8580 7767 4336 83552694 2028 3897 12038 5426 2685 83546312 813 1379 6382 335 7829 4363 83542616 83542471 83540028 320663 550 41
is_linear=0
shrinkage=0.1


Tree=5
num_leaves=31
num_cat=0
split_feature=5 6 0 9 5 3 0 14 17 1 3 16 0 15 7 1 8 2 19 21 0 17 0 9 0 4 20 14 20 16
split_gain=18233 5684.03 2478.57 2224.72 1217 1125.48 994.956 916.214 866.537 755.024 573.374 497.109 465.313 454.032 417.303 628.874 457.457 390.318 395.24 372.845 340.688 334.694 420.775 327.605 321.347 318.112 314.693 311.592 304.83 301.643
threshold=0.1542351916432381 1.0000000180025095e-35 180.67292785644534 0.58468642830848705 0.60100281238555919 0.91500000000000015 69.045913696289077 0.8096982240676881 0.14178745821118358 6.5593757945792463e-06 0.38500000000000006 0.037778833881020553 96.346454620361342 0.87307581305503856 0.58247444033622753 1.2685988943616566e-06 0.57906788587570202 -0.0021523990670545994 0.16884646564722064 0.88043132424354564 124.20042800903322 0.0062337550334632405 423.29910278320318 0.055935685988515622 216.0736999511719 0.066974498331546797 0.77717861533164989 0.035082774236798293 0.94824603199958812 0.19623156636953357
decision_type=2 2 2 2 2 2 2 2 2 2 2 2 2 2 2 2 2 2 2 2 2 2 2 2 2 2 2 2 2 2
left_child=1 3 12 5 8 17 -3 13 11 14 21 -4 -2 -5 16 -16 -6 -1 23 28 -15 22 -11 26 -8 -25 -19 -21 -7 -30
right_child=2 6 4 7 9 19 24 -9 -10 10 -12 -13 -14 20 15 -17 -18 18 -20 27 -22 -23 -24 25 -26 -27 -28 -29 29 -31
leaf_value=-0.0029059643757063788 -0.043184683449542322 -0.073051958893952162 -0.12295699259041906 -0.067997557646135534 -0.024503598500690373 -0.034249351232076695 -0.26386393582153173 -0.32687358732024829 0.0068908818376992439 -0.20629542122126929 -0.094146379331646907 -0.046404225482699693 -0.081427636921555635 -0.091716479468676781 -0.21325074003694114 0.020647194115789955 -0.12542704991640113 5.1342008731489094e-05 -0.047528550144543699 -0.12310013133130826 -0.35865296350390308 -0.13781500102486463 -0.32014513090273483 -0.11604630555714009 -0.41027739468360053 -0.0050259986112090142 -0.08275018068890784 -0.52097023782275975 -0.11349646446686595 -0.48123213786345265
leaf_weight=449368 8605 230 3439 1210 613 4814 434 186 832 1152 462 1126 5048 90 774 135 1680 83098177 1746 314 102 417 452 478 229 561 459 21 157 26
leaf_count=449368 8605 230 3439 1210 613 4814 434 186 832 1152 462 1126 5048 90 774 135 1680 83098177 1746 314 102 417 452 478 229 561 459 21 157 26
internal_value=0 2.54113e-05 -0.0858438 2.81076e-05 -0.12098 3.03571e-05 -0.252265 -0.118333 -0.0869681 -0.153268 -0.194653 -0.104075 -0.0573245 -0.0906663 -0.121176 -0.178513 -0.0984466 3.3289e-05 4.91829e-05 -0.0459117 -0.233526 -0.217628 -0.238378 5.01826e-05 -0.314435 -0.0561018 5.08846e-05 -0.148041 -0.0390649 -0.165743
internal_weight=0 8.35586e+07 24735 8.35577e+07 11082 8.35561e+07 893 1588 5397 5685 2483 4565 13653 1402 3202 909 2293 8.35508e+07 8.31014e+07 5332 192 2021 1604 8.30997e+07 663 1039 8.30986e+07 335 4997 183
internal_count=83583337 83558602 24735 83557709 11082 83556121 893 1588 5397 5685 2483 4565 13653 1402 3202 909 2293 83550789 83101421 5332 192 2021 1604 83099675 663 1039 83098636 335 4997 183
is_linear=0
shrinkage=0.1


Tree=6
num_leaves=31
num_cat=0
split_feature=5 6 0 9 5 3 0 17 14 19 20 5 1 1 9 15 4 0 1 4 8 4 1 4 9 10 16 15 1 4
split_gain=14825.1 4604.02 1802.38 1801.98 968.76 952.296 813.621 793.799 742.134 709.054 625.291 580.727 467.782 422.079 410.451 367.766 316.934 356.923 310.774 344.216 309.775 309.631 337.577 302.718 315.019 300.596 353.224 540.242 298.958 301.498
threshold=0.25769706070423132 1.0000000180025095e-35 129.70229339599612 0.58468642830848705 0.7570268213748933 0.6150000000000001 120.56685256958009 0.14178745821118358 0.8096982240676881 0.16884646564722064 0.94824603199958812 0.016068628989160064 6.3589836407593299e-06 7.4796569128890383e-06 1.0000000180025095e-35 0.87307581305503856 0.015477499924600126 104.77016448974611 0.01378040526756105 -0.33074799180030817 0.69257628917694103 4.1249356269836435 1.0000000180025095e-35 0.65206348896026622 0.055935685988515622 0.075345646589994444 0.20340567827224734 0.39053854346275335 5.9737277190548117e-05 0.434273511171341
decision_type=2 2 2 2 2 2 2 2 2 2 2 2 2 2 2 2 2 2 2 2 2 2 2 2 2 2 2 2 2 2
left_child=1 3 -2 5 7 11 -3 9 15 13 12 23 -6 21 28 -5 17 -17 -7 -20 -13 -4 -23 24 -1 26 -8 -28 29 -15
right_child=2 6 4 8 10 18 25 -9 -10 -11 -12 20 -14 14 -16 16 -18 -19 19 -21 -22 22 -24 -25 -26 -27 27 -29 -30 -31
leaf_value=8.2497387320025885e-05 -0.049155990185424679 -0.13061932622569897 -0.043421139021401212 -0.061197802602344246 -0.12122924088891363 -0.01219438884790108 -0.37397495646528017 -0.0093181061411427273 -0.2941862242035968 0.0058753958532943833 0.093367803400946317 -0.033048410058223496 -0.18627723954259684 -0.56567421348198599 0.16450819983147086 -0.079296187952590691 0.003454370058926882 -0.40905784186017646 -0.45452844753861427 -0.039070428664540843 0.15180498295787559 -0.12128594224622256 -0.0040825169058682931 -0.00070952935640112267 -0.060300424157267787 0.0019891735856179841 -0.38106014189811854 0.3102474077045918 -0.12700944785372034 -0.19526674517876191
leaf_weight=78384149 9468 442 1154 1210 2588 9135 378 1161 186 590 109 6201 1930 23 44 52 51 89 20 6918 92 2009 280 5151480 864 27 26 20 2148 493
leaf_count=78384149 9468 442 1154 1210 2588 9135 378 1161 186 590 109 6201 1930 23 44 52 51 89 20 6918 92 2009 280 5151480 864 27 26 20 2148 493
internal_value=0 2.16087e-05 -0.0820844 2.40353e-05 -0.106968 2.60597e-05 -0.227038 -0.0856899 -0.1065 -0.0988433 -0.143307 3.07423e-05 -0.149016 -0.108888 -0.138425 -0.0815997 -0.210174 -0.287444 -0.0243125 -0.0402681 -0.030346 -0.0856563 -0.106949 3.30306e-05 8.18318e-05 -0.321533 -0.342135 -0.0804916 -0.143428 -0.211777
internal_weight=0 8.35613e+07 21997 8.35604e+07 12529 8.35589e+07 893 7902 1588 6741 4627 8.35428e+07 4518 6151 2708 1402 192 141 16073 6938 6293 3443 2289 8.35365e+07 7.8385e+07 451 424 46 2664 516
internal_count=83583337 83561340 21997 83560447 12529 83558859 893 7902 1588 6741 4627 83542786 4518 6151 2708 1402 192 141 16073 6938 6293 3443 2289 83536493 78385013 451 424 46 2664 516
is_linear=0
shrinkage=0.1


Tree=7
num_leaves=31
num_cat=0
split_feature=5 6 0 9 1 1 0 3 14 17 5 17 7 17 7 8 15 1 3 8 19 4 11 18 0 17 0 15 4 19
split_gain=12008.4 3729.25 1530.12 1459.61 800.049 791.684 721.995 689.548 631.527 607.443 462.76 459.054 691.676 415.522 387.325 578.206 359.846 356.892 326.203 307.174 299.37 294.853 293.818 282.764 276.223 271.667 273.893 271.509 262.312 322.486
threshold=0.25769706070423132 1.0000000180025095e-35 180.67292785644534 0.58468642830848705 0.022602373240295955 7.4796569128890383e-06 59.172863006591804 0.6150000000000001 0.58795699477195751 0.022716500796377662 0.016068628989160064 0.14178745821118358 0.58247444033622753 0.38154087960720068 0.46403479576110845 0.055271193385124213 0.75583100318908703 1.2685988943616566e-06 0.025000000000000005 0.69257628917694103 0.72722861170768749 3.7085624933242802 0.22180624306201938 1.0000000180025095e-35 247.34976196289065 0.05520064756274224 133.33447265625003 0.095817107707262053 1.8124960064888003 1.0000000180025095e-35
decision_type=2 2 2 2 2 2 2 2 2 2 2 2 2 2 2 2 2 2 2 2 2 2 2 2 2 2 2 2 2 2
left_child=1 3 13 4 10 11 -3 9 16 -7 20 12 19 14 15 22 -5 -14 -11 -4 23 -17 -2 27 -10 26 -12 -1 -29 -30
right_child=2 6 5 8 -6 7 -8 -9 24 18 25 -13 17 -15 -16 21 -18 -19 -20 -21 -22 -23 -24 -25 -26 -27 -28 28 29 -31
leaf_value=4.1679669377673562e-05 -0.0099159687917595371 -0.034215802845473479 -0.056937619037021409 -0.04036860092234118 -0.028133548652449276 -0.17462950409606995 -0.25186043317298962 -0.046500335240129448 -0.15229244795891475 -0.032541889213336589 -0.012678130596195367 -0.015682159250157233 -0.2055973795891157 0.0095349289466880628 -0.085659892082739886 -0.03788834727518367 -0.16790670373137739 -0.011083129072053867 -0.18552298030965875 -0.11892035522900675 -0.060615395191949355 -0.085944444450480884 0.33448380142450335 -0.03399825526670653 -0.35953321194759125 0.026083104172763234 -0.057305579774573227 -0.0016838996357093111 -0.0093924062406559299 -0.20100261670357381
leaf_weight=83218551 2710 195 2839 1040 10090 2817 698 724 159 539 2741 967 662 1072 3096 2378 281 110 188 1113 814 2757 25 2442 108 837 2760 273314 47222 88
leaf_count=83218551 2710 195 2839 1040 10090 2817 698 724 159 539 2741 967 662 1072 3096 2378 281 110 188 1113 814 2757 25 2442 108 837 2760 273314 47222 88
internal_value=0 1.94477e-05 -0.0738759 2.16316e-05 2.34536e-05 -0.102873 -0.204334 -0.13543 -0.0958496 -0.153598 2.68541e-05 -0.0784561 -0.0913059 -0.0498869 -0.0556958 -0.0439082 -0.0674982 -0.177882 -0.0721023 -0.0743938 2.8904e-05 -0.0636898 -0.00676789 2.94949e-05 -0.23612 -0.0269932 -0.0350689 3.04896e-05 -0.00287393 -0.00974882
internal_weight=0 8.35613e+07 21997 8.35604e+07 8.35589e+07 9959 893 4268 1588 3544 8.35488e+07 5691 4724 12038 10966 7870 1321 772 727 3952 8.35424e+07 5135 2735 8.35416e+07 267 6338 5501 8.35392e+07 320624 47310
internal_count=83583337 83561340 21997 83560447 83558859 9959 893 4268 1588 3544 83548769 5691 4724 12038 10966 7870 1321 772 727 3952 83542431 5135 2735 83541617 267 6338 5501 83539175 320624 47310
is_linear=0
shrinkage=0.1


Tree=8
num_leaves=31
num_cat=0
split_feature=5 6 0 9 5 3 13 17 0 19 20 4 0 15 4 19 20 21 18 21 16 4 4 9 4 0 16 16 0 16
split_gain=9745.51 3020.73 1452.11 1201.78 840.653 756.466 736.933 659.618 608.403 606.815 461.017 418.642 403.646 395.058 286.85 345.629 289.774 286.49 278.532 278.016 275.875 287.195 275.846 380.195 265.271 258.836 283.094 258.654 257.125 254.24
threshold=0.1542351916432381 1.0000000180025095e-35 116.9557342529297 0.21766174584627154 0.7570268213748933 0.91500000000000015 0.09628536552190782 0.14178745821118358 156.19890594482425 0.084406442940235152 0.94824603199958812 4.1249356269836435 275.76101684570318 0.87307581305503856 1.6833605170249941 0.0062342362944036731 0.94824603199958812 0.88043132424354564 0.98144572973251354 0.98772487044334423 0.24454450607299807 0.52854600548744213 4.1249356269836435 1.0000000180025095e-35 0.015477499924600126 91.740459442138686 0.41381563246250158 0.031649632379412658 131.43543243408206 0.0021961934398859744
decision_type=2 2 2 2 2 2 2 2 2 2 2 2 2 2 2 2 2 2 2 2 2 2 2 2 2 2 2 2 2 2
left_child=1 3 -2 5 7 14 13 9 -3 22 11 19 -13 -5 -1 16 18 -7 -16 -6 21 -10 -4 27 28 -8 -27 -24 -15 -20
right_child=2 8 4 6 10 17 25 -9 20 -11 -12 12 -14 24 15 -17 -18 -19 29 -21 -22 -23 23 -25 -26 26 -28 -29 -30 -31
leaf_value=4.9251288488064864e-05 -0.033226955668259762 -0.11653799561969554 -0.056240704022487042 -0.031718831969188885 -0.070415115324791555 -0.031733334310670103 -0.072022270776154793 -0.0027605863519480889 -0.36351640529106022 0.0066184822790420518 0.084946899710911086 -0.1087095403016739 -0.17840000372981202 -0.085445959901191151 -0.0012940750668249392 -0.038388068929419948 -0.14674880390402176 -0.12728324965810153 -0.05530433459835446 -0.42090648827345478 -0.022543709228436154 -0.1320295198875315 -0.11422820753786339 0.1122710424508242 0.011853029191493988 -0.28497550208466998 0.045367609022249435 -0.064033539772217693 -0.36739131796611363 -0.37791092130872939
leaf_weight=82134973 9951 536 2318 1727 1413 4958 116 1419 253 797 111 1818 1531 53 1412370 2520 137 335 76 23 36 68 3872 85 50 246 29 1397 83 36
leaf_count=82134973 9951 536 2318 1727 1413 4958 116 1419 253 797 111 1818 1531 53 1412370 2520 137 335 76 23 36 68 3872 85 50 246 29 1397 83 36
internal_value=0 1.85779e-05 -0.0627599 2.05435e-05 -0.0826383 2.25349e-05 -0.0722009 -0.0658588 -0.183901 -0.076431 -0.116526 -0.1212 -0.140569 -0.0466325 2.49298e-05 -0.00138669 -0.00132069 -0.0377808 -0.00130658 -0.0760288 -0.28504 -0.314479 -0.0850586 -0.0975352 -0.185105 -0.197296 -0.250139 -0.10092 -0.257516 -0.158999
internal_weight=0 8.35586e+07 24735 8.35577e+07 14784 8.35554e+07 2304 9888 893 8469 4896 4785 3349 1913 8.35501e+07 1.41514e+06 1.41262e+06 5293 1.41248e+06 1436 357 321 7672 5354 186 391 275 5269 136 112
internal_count=83583337 83558602 24735 83557709 14784 83555405 2304 9888 893 8469 4896 4785 3349 1913 83550112 1415139 1412619 5293 1412482 1436 357 321 7672 5354 186 391 275 5269 136 112
is_linear=0
shrinkage=0.1


Tree=9
num_leaves=31
num_cat=0
split_feature=5 6 0 9 17 19 20 5 3 0 0 14 16 5 11 14 4 2 2 20 16 1 2 19 20 0 8 9 14 14
split_gain=7932.74 2446.77 1044.51 968.151 624.651 647.431 699.953 730.615 603.359 539.848 536.712 468.434 362.334 324.022 284.638 277.229 273.726 271.675 296.397 263.708 247.009 238.912 236.157 244.555 231.672 223.361 242.109 222.364 225.361 438.359
threshold=0.25769706070423132 1.0000000180025095e-35 96.346454620361342 0.58468642830848705 0.38154087960720068 0.16884646564722064 0.11148120462894441 0.60100281238555919 0.6150000000000001 450.52497863769537 67.56891250610353 0.93958693742752086 0.029019912704825405 0.049016393721103675 0.91372239589691173 0.27144917845726019 4.1249356269836435 -0.00032738391952869997 -0.0088629572570027484 0.94824603199958812 0.19623156636953357 2.7296083223824887e-05 -0.0026893905705007996 0.16884646564722064 0.77717861533164989 191.34533691406253 0.75640788674354564 1.0000000180025095e-35 0.35128878057003027 0.068801809102296843
decision_type=2 2 2 2 2 2 2 2 2 2 2 2 2 2 2 2 2 2 2 2 2 2 2 2 2 2 2 2 2 2
left_child=1 3 -2 8 5 6 7 16 13 14 -3 -5 -7 22 21 -8 -4 18 -11 -10 -21 -9 -1 24 -24 -15 -27 -12 29 -29
right_child=2 10 4 11 -6 12 15 9 19 17 27 -13 -14 25 -16 -17 -18 -19 -20 20 -22 -23 23 -25 -26 26 -28 28 -30 -31
leaf_value=-0.0024639410271176747 -0.030022297372570696 -0.031132377008072233 -0.033089606135234172 -0.064209772535817472 -0.016426350958815349 -0.03475303067823745 -0.022475823723466307 -0.091997988440066125 -0.01796050189093595 -0.010353610085116493 -0.29982617766577374 -0.2910001460693239 0.12619628829214677 -0.0089248260093949885 0.15671271532773973 0.28094034080784164 -0.085115002673768148 -0.15693483642657827 -0.31857282708470641 -0.091174368597107175 -0.4232151783429659 -0.1363503847857043 3.6844755878398103e-05 -0.038094673670457921 -0.07139800319628635 -0.058222169042195661 0.15853238289754065 -0.16049976733085272 -0.23736347538844399 0.22542834315981183
leaf_weight=379690 7590 223 1475 1491 1575 1024 1053 2817 15885 36 196 97 162 3161 40 31 3217 608 234 162 26 2135 83155886 1682 454 1860 53 185 254 35
leaf_count=379690 7590 223 1475 1491 1575 1024 1053 2817 15885 36 196 97 162 3161 40 31 3217 608 234 162 26 2135 83155886 1682 454 1860 53 185 254 35
internal_value=0 1.58074e-05 -0.0600444 1.75764e-05 -0.0758609 -0.0831559 -0.090324 -0.0981779 1.90603e-05 -0.121692 -0.165511 -0.0780628 -0.0127684 2.27875e-05 -0.108974 -0.0137988 -0.06876 -0.194004 -0.277477 -0.019354 -0.137095 -0.11112 2.43224e-05 3.56835e-05 3.64548e-05 -0.0252468 -0.0522169 -0.210237 -0.173192 -0.0991021
internal_weight=0 8.35613e+07 21997 8.35604e+07 14407 12832 11646 10562 8.35589e+07 5870 893 1588 1186 8.35428e+07 4992 1084 4692 878 270 16073 188 4952 8.35377e+07 8.3158e+07 8.31563e+07 5074 1913 670 474 220
internal_count=83583337 83561340 21997 83560447 14407 12832 11646 10562 83558859 5870 893 1588 1186 83542786 4992 1084 4692 878 270 16073 188 4952 83537712 83158022 83156340 5074 1913 670 474 220
is_linear=0
shrinkage=0.1


Tree=10
num_leaves=31
num_cat=0
split_feature=5 6 0 9 1 13 1 0 3 17 1 7 16 3 21 17 15 7 8 5 14 2 3 4 19 2 14 4 8 4
split_gain=6425.52 1981.88 898.602 809.362 622.246 552.01 546.338 457.435 449.432 406.863 331.222 546.676 379.922 330.19 414.091 318.753 309.976 307.221 311.16 258.481 253.239 252.089 248.56 247.471 248.846 236.557 236.311 233.471 233.268 236.812
threshold=0.25769706070423132 1.0000000180025095e-35 197.90777587890628 0.21766174584627154 1.1523583664052742e-05 0.09628536552190782 0.0043001431718542515 156.19890594482425 0.6150000000000001 0.0062337550334632405 1.0000000180025095e-35 0.39926876127719885 0.052753731608390815 0.34500000000000003 0.83396050333976757 0.38154087960720068 0.87307581305503856 0.58247444033622753 0.28565442562103277 0.016068628989160064 0.059375541284680373 -0.025308060511892699 0.22500000000000003 -0.36673898994922632 0.89998707175254833 0.0020182573895825505 0.84017261862754833 3.7085624933242802 0.57906788587570202 4.1249356269836435
decision_type=2 2 2 2 2 2 2 2 2 2 2 2 2 2 2 2 2 2 2 2 2 2 2 2 2 2 2 2 2 2
left_child=1 3 15 6 10 16 19 -3 9 21 11 28 -13 -8 23 17 -5 18 -2 -1 -14 -6 25 -15 -25 -11 -21 -20 -4 -30
right_child=2 7 4 5 8 -7 13 -9 -10 22 -12 12 20 14 -16 -17 -18 -19 27 26 -22 -23 -24 24 -26 -27 -28 -29 29 -31
leaf_value=2.3948096509299625e-05 -0.011145317136672717 -0.090549358901343621 -0.023649187775708742 -0.024025709641926477 -0.02323101729782949 -0.1673366788380227 -0.0026544831600563588 -0.23665729699870286 -0.031291865485796863 -0.077500910974015874 0.0048903196906146616 -0.15065823555853591 0.081231878924255194 -0.35340768911621789 -0.076071737531756251 0.013833616781913867 -0.15980740276676031 -0.072378955472995554 -0.025967923296280115 -0.019315699150793335 -0.18358449141681196 -0.15073563114767069 -0.28295725517450493 -0.016028849025400024 -0.11417454177471226 0.055037868677475357 -0.35534226560876486 -0.067979043247343648 -0.04090064478305503 -0.1251149890658067
leaf_weight=83520307 3760 536 1992 1750 166 391 15444 357 642 563 778 959 130 22 1352 1130 186 2562 2443 6139 50 2353 47 14572 263 177 21 2885 771 589
leaf_count=83520307 3760 536 1992 1750 166 391 15444 357 642 563 778 959 130 22 1352 1130 186 2562 2443 6139 50 2353 47 14572 263 177 21 2885 771 589
internal_value=0 1.42251e-05 -0.05404 1.58172e-05 -0.0778397 -0.0589591 1.74596e-05 -0.14896 -0.107856 -0.122725 -0.0553486 -0.0657842 -0.125637 -0.0131179 -0.0230874 -0.0368755 -0.0370709 -0.041794 -0.0331718 2.24373e-05 0.00767178 -0.142333 -0.0599623 -0.0182658 -0.0177688 -0.0457991 -0.0204612 -0.0487161 -0.0454464 -0.0773729
internal_weight=0 8.35613e+07 21997 8.35604e+07 9217 2327 8.35581e+07 893 3948 3306 5269 4491 1139 31653 16209 12780 1936 11650 9088 8.35265e+07 180 2519 787 14857 14835 740 6160 5328 3352 1360
internal_count=83583337 83561340 21997 83560447 9217 2327 83558120 893 3948 3306 5269 4491 1139 31653 16209 12780 1936 11650 9088 83526467 180 2519 787 14857 14835 740 6160 5328 3352 1360
is_linear=0
shrinkage=0.1


Tree=11
num_leaves=31
num_cat=0
split_feature=5 6 0 9 5 19 20 13 0 20 1 17 19 4 1 15 4 4 9 8 0 18 11 17 4 0 0 16 15 4
split_gain=5204.67 1605.32 740.327 655.584 519.371 454.694 452.487 447.128 402.962 328.838 324.537 323.911 360.966 308.973 299.841 251.081 222.507 217.142 276.883 260.782 250.352 217.034 241.717 216.278 216.184 212.503 211.675 214.539 204.09 207.704
threshold=0.25769706070423132 1.0000000180025095e-35 93.19549942016603 0.21766174584627154 0.7570268213748933 0.72722861170768749 0.94824603199958812 0.09628536552190782 59.172863006591804 0.94824603199958812 0.0043001431718542515 0.14178745821118358 0.16884646564722064 4.1249356269836435 6.3589836407593299e-06 0.87307581305503856 3.7085624933242802 4.1249356269836435 1.0000000180025095e-35 0.055271193385124213 616.73489379882824 1.0000000180025095e-35 0.070566296577453627 0.96838635206222545 0.015477499924600126 104.77016448974611 90.110218048095717 0.38135279715061193 0.095817107707262053 1.8124960064888003
decision_type=2 2 2 2 2 2 2 2 2 2 2 2 2 2 2 2 2 2 2 2 2 2 2 2 2 2 2 2 2 2
left_child=1 3 -2 5 11 6 10 15 -3 14 21 12 17 16 23 -5 -14 19 -19 -4 -21 28 -23 -6 25 -17 -9 -28 -1 -30
right_child=2 8 4 7 9 -7 -8 26 -10 -11 -12 -13 13 -15 -16 24 -18 18 -20 20 -22 22 -24 -25 -26 -27 27 -29 29 -31
leaf_value=3.1459158182833577e-05 -0.022793766280349126 -0.0069722495467449798 0.060241523768943477 -0.021623137495959444 -0.074349157164252513 -0.058344299572809968 -0.11672691046631985 -0.035910805793920239 -0.16956935872998954 0.075363952387881475 -0.010224187234940896 -0.0006761551200785902 -0.026236210965776236 0.052774805074236736 -0.11761979854470056 -0.025363902539707897 -0.27517681721454629 -0.075705910516082123 0.11067856774194006 -0.038741862237176641 -0.19475173727105108 -0.026530584287767819 -0.32741528633568023 0.076674208402329566 0.033976606309413911 -0.29419292974215683 -0.22904599485464577 0.050108714569960869 -0.0014410795709552638 -0.0086353464423595452
leaf_weight=83203611 7371 195 254 1750 2927 1335 332 114 698 123 30931 1286 116 518 2257 43 52 4979 81 1826 109 2401 27 98 50 93 246 31 272420 47063
leaf_count=83203611 7371 195 254 1750 2927 1335 332 114 698 123 30931 1286 116 518 2257 43 52 4979 81 1826 109 2401 27 98 50 93 246 31 272420 47063
internal_value=0 1.28039e-05 -0.048636 1.42367e-05 -0.0616596 1.57149e-05 1.66473e-05 -0.0530632 -0.134064 -0.0862727 1.71111e-05 -0.0472323 -0.0547775 0.014555 -0.0900367 -0.0333638 -0.103289 -0.0613387 -0.0727223 -0.0350248 -0.04753 2.09037e-05 -0.0298765 -0.0694565 -0.143827 -0.209196 -0.150603 -0.197805 2.17728e-05 -0.00250087
internal_weight=0 8.35613e+07 21997 8.35604e+07 14626 8.35581e+07 8.35568e+07 2327 893 5405 8.35565e+07 9221 7935 686 5282 1936 168 7249 5060 2189 1935 8.35255e+07 2428 3025 186 136 391 277 8.35231e+07 319483
internal_count=83583337 83561340 21997 83560447 14626 83558120 83556785 2327 893 5405 83556453 9221 7935 686 5282 1936 168 7249 5060 2189 1935 83525522 2428 3025 186 136 391 277 83523094 319483
is_linear=0
shrinkage=0.1


Tree=12
num_leaves=31
num_cat=0
split_feature=5 6 0 9 17 19 3 13 0 5 0 5 8 20 16 20 16 15 21 14 4 21 4 1 2 10 10 16 15 4
split_gain=4263 1300.33 793.619 535.895 469.342 411.92 410.54 359.138 345.453 283.923 323.579 263.063 280.548 256.669 224.655 219.005 217.949 216.122 210.59 287.141 208.409 208.506 231.604 318.41 297.767 199.138 198.35 220.017 347.16 196.615
threshold=0.1542351916432381 1.0000000180025095e-35 197.90777587890628 0.21766174584627154 0.0062337550334632405 0.084406442940235152 0.91500000000000015 0.09628536552190782 97.977649688720717 0.57108420133590709 450.52497863769537 0.69461777806282055 0.99960151314735424 0.64190500974655162 0.21186246722936633 0.64190500974655162 0.029627100564539436 0.088271059095859541 0.87404608726501476 0.050997596234083183 0.84380698204040538 0.49418027698993688 4.1249356269836435 0.11901402357372727 -0.13942908818419067 0.69782704114913952 0.075345646589994444 0.20340567827224734 0.39053854346275335 0.42544549703598028
decision_type=2 2 2 2 2 2 2 2 2 2 2 2 2 2 2 2 2 2 2 2 2 2 2 2 2 2 2 2 2 2
left_child=1 3 11 6 5 9 20 17 -3 -4 -11 13 -13 -2 -15 -12 -7 29 -8 -20 -1 -22 24 -24 -23 -19 27 -10 -29 -5
right_child=2 8 4 7 -6 16 18 -9 26 10 15 12 -14 14 -16 -17 -18 25 19 -21 21 22 23 -25 -26 -27 -28 28 -30 -31
leaf_value=5.1300537913638267e-05 -0.017170288863153405 -0.044446550664251953 -0.060030698525927087 -0.038812164565710364 -0.021871281128155437 -0.03151129605795272 -0.022567308003659962 -0.13554271006179006 -0.20799678966827823 -0.083713194616079317 -0.16800128479037982 -0.047507615933716857 0.033732520103836879 0.046631232496533587 0.32390316700613181 -0.018585755624155501 0.1024228592907168 -0.074698363749766045 -0.080742216426270233 -0.4711337027698756 -0.00062589183167929396 0.057133154980791002 -0.022342255828315723 -0.1760139483411837 -0.0060081400017121004 -0.39694451764225963 0.08293693759960348 -0.19854923183879547 0.33583542264997962 0.038348072632449201
leaf_weight=79717735 7949 357 3248 908 2198 724 4948 391 456 2968 844 5913 458 139 37 111 146 466 325 20 3790251 763 5877 138 35348 20 29 31 20 519
leaf_count=79717735 7949 357 3248 908 2198 724 4948 391 456 2968 844 5913 458 139 37 111 146 466 325 20 3790251 763 5877 138 35348 20 29 31 20 519
internal_value=0 1.22876e-05 -0.0415085 1.35773e-05 -0.0628216 -0.0740153 1.49071e-05 -0.0482137 -0.120657 -0.0818988 -0.100004 -0.0264544 -0.0416674 -0.0145256 0.104921 -0.150635 -0.00903499 -0.0303644 -0.0278343 -0.103374 1.66714e-05 -0.000703654 -0.0077002 -0.0258679 -0.00467401 -0.0879595 -0.171417 -0.185966 0.0110134 -0.010749
internal_weight=0 8.35586e+07 24735 8.35577e+07 10239 8041 8.35554e+07 2304 893 7171 3923 14496 6371 8125 176 955 870 1913 5293 345 8.35501e+07 3.83238e+06 42126 6015 36111 486 536 507 51 1427
internal_count=83583337 83558602 24735 83557709 10239 8041 83555405 2304 893 7171 3923 14496 6371 8125 176 955 870 1913 5293 345 83550112 3832377 42126 6015 36111 486 536 507 51 1427
is_linear=0
shrinkage=0.1


Tree=13
num_leaves=31
num_cat=0
split_feature=5 6 0 9 17 1 7 19 14 0 1 2 0 1 7 5 1 14 4 16 0 15 14 3 21 0 4 0 2 19
split_gain=3453.03 1053.27 642.831 434.075 380.167 364.987 372.093 333.655 313.096 304.436 269.554 398.781 244.613 235.491 342.519 224.662 239.973 349.204 219.713 219.511 219.07 331.892 212.774 199.714 237.756 217.15 232.361 184.707 182.613 181.497
threshold=0.1542351916432381 1.0000000180025095e-35 197.90777587890628 0.21766174584627154 0.0062337550334632405 0.022602373240295955 0.081993490457534804 0.084406442940235152 0.97634798288345348 163.9817810058594 2.7296083223824887e-05 -0.0088629572570027484 46.26843452453614 1.0000000180025095e-35 0.39926876127719885 0.69461777806282055 0.022602373240295955 0.0039735618047416219 0.15801399946212771 0.15406072884798053 138.6287536621094 0.85373207926750194 0.068801809102296843 0.19500000000000003 0.92429736256599437 325.21914672851568 3.7085624933242802 3.6336807012557988 -0.0020937316985963996 0.16884646564722064
decision_type=2 2 2 2 2 2 2 2 2 2 2 2 2 2 2 2 2 2 2 2 2 2 2 2 2 2 2 2 2 2
left_child=1 3 12 5 7 27 23 10 18 -3 13 -12 -2 14 22 16 -14 -18 20 -16 -5 -22 -4 -7 -25 -26 -27 -1 -29 -30
right_child=2 9 4 8 -6 6 -8 -9 -10 -11 11 -13 15 -15 19 -17 17 -19 -20 -21 21 -23 -24 24 25 26 -28 28 29 -31
leaf_value=-0.0022958077230126662 -0.0048795459964433522 -0.063026425982615694 -0.058676251569793593 -0.019744996997330712 -0.019684153174557444 0.038484885391450264 -0.36512702490773896 -0.0081314902607587045 -0.23902842154419879 -0.18341042973079097 -0.027034829238953714 -0.11513667622940696 -0.025826515547381825 -0.0021396084205932133 -0.13759305282003839 -0.050664015734774574 0.015911743310756388 0.27768269743833501 0.00053274058885343322 0.085118385681763609 -0.075631601508253696 -0.28582072452057239 0.043585838099337512 -0.017629425381328782 -0.048468045254512815 -0.041172086003546916 -0.29947823638837023 -0.0019817398694969264 3.688158706351541e-05 -0.031612158019959653
leaf_weight=344273 4641 555 2437 612 2198 586 31 870 79 338 654 2396 5336 657 758 4086 374 59 933 47 594 86 222 8686 421 60 83 450901 82748552 1812
leaf_count=344273 4641 555 2437 612 2198 586 31 870 79 338 654 2396 5336 657 758 4086 374 59 933 47 594 86 222 8686 421 60 83 450901 82748552 1812
internal_value=0 1.10592e-05 -0.0373577 1.22198e-05 -0.0565394 1.34167e-05 -0.0192184 -0.0666138 -0.0433923 -0.108592 -0.073709 -0.0962453 -0.023809 -0.0570295 -0.0674402 -0.0327234 -0.0200166 0.0515803 -0.0364461 -0.12459 -0.0631499 -0.102214 -0.0501384 -0.0181282 -0.0217147 -0.0846313 -0.191098 1.5688e-05 2.52526e-05 3.61886e-05
internal_weight=0 8.35586e+07 24735 8.35577e+07 10239 8.35554e+07 9867 8041 2304 893 7171 3050 14496 4121 3464 9855 5769 433 2225 805 1292 680 2659 9836 9250 564 143 8.35455e+07 8.32013e+07 8.27504e+07
internal_count=83583337 83558602 24735 83557709 10239 83555405 9867 8041 2304 893 7171 3050 14496 4121 3464 9855 5769 433 2225 805 1292 680 2659 9836 9250 564 143 83545538 83201265 82750364
is_linear=0
shrinkage=0.1


Tree=14
num_leaves=31
num_cat=0
split_feature=5 6 0 2 2 9 20 4 0 5 11 17 19 20 17 0 0 14 15 19 8 17 4 16 3 20 2 8 3 21
split_gain=2824.88 853.116 484.213 399.215 604.509 352.421 374.805 332.77 324.708 316.103 421.194 314.116 273.479 266.961 262.842 274.464 260.599 255.333 245.109 241.359 240.855 240.045 247.769 246.719 334.174 236.823 212.408 223.041 203.41 304.658
threshold=0.44732086360454565 1.0000000180025095e-35 237.61938476562503 -0.00019913181522279995 -0.0014010470032179499 0.055935685988515622 0.94824603199958812 0.086512997746467604 138.6287536621094 0.049016393721103675 0.22180624306201938 0.51474943757057201 0.72722861170768749 0.11148120462894441 0.067876499146223082 116.9557342529297 59.172863006591804 0.97634798288345348 0.85373207926750194 0.16884646564722064 0.99960151314735424 0.0062337550334632405 4.1249356269836435 0.020434083417057994 0.03500000000000001 0.014903998468071224 -0.00028096693686919996 0.43384613096714025 0.36500000000000005 0.83396050333976757
decision_type=2 2 2 2 2 2 2 2 2 2 2 2 2 2 2 2 2 2 2 2 2 2 2 2 2 2 2 2 2 2
left_child=1 5 11 4 -4 6 9 8 -7 12 14 13 28 20 15 -11 -3 18 -10 21 -2 22 -5 24 -23 -24 27 -16 -1 -30
right_child=2 16 3 19 -6 7 -8 -9 17 10 -12 -13 -14 -15 26 -17 -18 -19 -20 -21 -22 23 25 -25 -26 -27 -28 -29 29 -31
leaf_value=1.7136760142532269e-05 -0.042272201404175397 0.0044722712995150151 -0.075602123320099857 -0.027357413273614014 -0.22756935636931602 -0.013921932180217421 -0.10672367473934724 -0.0039672317263915787 -0.077674884713247766 -0.004379975201475996 0.3564744648585717 0.023082124735570538 -0.046119362437379179 0.020583571358993087 -0.022847936498542956 -0.040163002730185818 -0.12628545200667027 -0.34384440011448336 -0.25723864865424328 0.03874227169606214 0.033837768996407822 -0.019916867121924441 -0.10421848656886346 0.082999823698905156 -0.26712766080084499 -0.0023280942984768805 0.046470545788548534 -0.3336170153617859 -0.0055180510047018634 -0.050929800110132123
leaf_weight=83513832 8969 195 1312 943 327 580 329 1652 655 3719 30 1066 1285 825 303 5060 698 45 86 300 436 747 1639 213 59 265 977 25 35223 1542
leaf_count=83513832 8969 195 1312 943 327 580 329 1652 655 3719 30 1066 1285 825 303 5060 698 45 86 300 436 747 1639 213 59 265 977 25 35223 1542
internal_value=0 8.31469e-06 -0.0406392 -0.0641122 -0.105921 9.35917e-06 1.05933e-05 -0.0341621 -0.0706788 1.10136e-05 -0.0176667 -0.0285764 1.31535e-05 -0.0339594 -0.0187798 -0.0250044 -0.0977325 -0.112561 -0.0985149 -0.0476634 -0.0387439 -0.0543685 -0.0692761 -0.0127178 -0.0380129 -0.0900373 0.0230945 -0.0465346 1.3863e-05 -0.00742271
internal_weight=0 8.35662e+07 17101 5805 1639 8.35653e+07 8.35623e+07 3018 1366 8.3562e+07 10114 11296 8.35519e+07 10230 10084 8779 893 786 741 4166 9405 3866 2847 1019 806 1904 1305 328 8.35506e+07 36765
internal_count=83583337 83566236 17101 5805 1639 83565343 83562325 3018 1366 83561996 10114 11296 83551882 10230 10084 8779 893 786 741 4166 9405 3866 2847 1019 806 1904 1305 328 83550597 36765
is_linear=0
shrinkage=0.1


Tree=15
num_leaves=31
num_cat=0
split_feature=5 6 1 3 16 7 9 20 5 4 4 4 14 14 17 17 0 15 21 2 15 19 19 14 0 4 17 15 0 13
split_gain=2288.15 691.024 416.767 451.169 361.947 290.532 286.235 273.003 268.582 240.687 460.909 282.406 281.778 261.782 238.182 233.017 310.794 230.383 227.015 222.967 294.214 220.933 208.893 206.636 204.228 200.457 199.896 199.363 197.643 266.91
threshold=0.44732086360454565 1.0000000180025095e-35 7.4796569128890383e-06 0.6150000000000001 0.21624092757701877 0.39926876127719885 0.58468642830848705 0.94824603199958812 1.0000000180025095e-35 0.075265500694513335 0.20033300668001178 -0.002605000045150518 0.39498437941074377 0.008378460071980955 0.38154087960720068 0.022716500796377662 270.43222045898443 0.72049027681350719 0.93488201498985302 0.0035880495546998501 0.0028090553823858504 0.72722861170768749 0.72722861170768749 0.89407959580421459 240.13632965087893 -0.090735998004674898 0.067876499146223082 0.79177910089492809 135.15964508056643 0.94810965657234203
decision_type=2 2 2 2 2 2 2 2 2 2 2 2 2 2 2 2 2 2 2 2 2 2 2 2 2 2 2 2 2 2
left_child=1 6 5 15 -5 25 7 8 21 11 -11 12 13 27 -7 16 -4 -12 -16 20 -17 -1 -18 26 -13 -2 -10 -3 -8 -30
right_child=2 9 3 4 -6 14 28 -9 23 10 17 24 -14 -15 18 19 22 -19 -20 -21 -22 -23 -24 -25 -26 -27 -28 -29 29 -31
leaf_value=1.2444601335877792e-05 -0.15567088178656205 0.10798225053227867 -0.059308382707684376 -0.0093137900725187954 0.38255034635464352 -0.05835745972304527 -0.0032654078232920852 -0.09012985397795481 -0.018417571873926338 0.32910751298069957 0.0078389490741868455 -0.13869835820461185 -0.16232449098051283 0.40473188750445843 0.030689879106272341 -0.064376730301185167 -0.12014901880353346 -0.20319349738573167 -0.2725212734479171 0.090763251962497432 0.10362128289649264 -0.041484861450621156 0.13820745863486081 -0.33568126261234288 -0.32817679681979561 -0.0085642157885900908 0.021522964293084645 -0.19693140517920257 -0.060937288270497061 -0.30347774402859312
leaf_weight=83549384 94 65 3436 1318 24 2838 711 336 11323 35 162 348 87 20 491 794 1422 76 26 146 120 1283 32 20 68 6360 1409 32 829 48
leaf_count=83549384 94 65 3436 1318 24 2838 711 336 11323 35 162 348 87 20 491 794 1422 76 26 146 120 1283 32 20 68 6360 1409 32 829 48
internal_value=0 7.48325e-06 -0.0365752 -0.0546813 -0.00230579 -0.0231152 8.42328e-06 9.23008e-06 9.59252e-06 -0.0879593 -0.00972173 -0.122409 -0.0260321 0.0753135 -0.0469852 -0.0664945 -0.0757082 -0.0595496 0.0154413 -0.0239898 -0.0423201 1.18074e-05 -0.114463 -0.014502 -0.169671 -0.0107068 -0.0139975 0.00739218 -0.0424469 -0.074212
internal_weight=0 8.35662e+07 17101 7292 1342 9809 8.35653e+07 8.35638e+07 8.35634e+07 893 273 620 204 117 3355 5950 4890 238 517 1060 914 8.35507e+07 1454 12752 416 6454 12732 97 1588 877
internal_count=83583337 83566236 17101 7292 1342 9809 83565343 83563755 83563419 893 273 620 204 117 3355 5950 4890 238 517 1060 914 83550667 1454 12752 416 6454 12732 97 1588 877
is_linear=0
shrinkage=0.1


Tree=16
num_leaves=31
num_cat=0
split_feature=5 6 0 14 5 20 16 9 4 1 0 9 17 16 14 0 11 0 7 1 4 1 18 11 4 21 5 11 4 15
split_gain=1880.17 559.721 372.932 310.594 304.559 263.918 296.443 237.514 228.981 224.1 222.42 210.311 204.829 289.012 386.106 300.932 228.571 199.119 197.372 315.715 227.147 196.163 179.3 195.309 170.78 189.954 210.993 168.545 166.793 166.537
threshold=0.57108420133590709 1.0000000180025095e-35 70.538833618164077 0.9300222396850587 0.049016393721103675 0.77717861533164989 0.0095199109055101889 0.055935685988515622 0.086512997746467604 6.5593757945792463e-06 138.6287536621094 0.21766174584627154 0.067876499146223082 0.039140410721302039 0.16348413378000262 156.19890594482425 0.22180624306201938 216.0736999511719 0.46403479576110845 1.2685988943616566e-06 -0.090735998004674898 0.0043001431718542515 1.0000000180025095e-35 0.070566296577453627 3.7085624933242802 0.22369337826967242 0.25769706070423132 0.91372239589691173 0.52854600548744213 0.85373207926750194
decision_type=2 2 2 2 2 2 2 2 2 2 2 2 2 2 2 2 2 2 2 2 2 2 2 2 2 2 2 2 2 2
left_child=1 4 -2 9 5 7 -7 21 10 18 -9 27 13 15 16 -6 -15 -3 20 -20 -4 22 -1 -24 -17 -26 -27 -11 -19 -12
right_child=2 17 3 -5 12 6 -8 8 -10 11 29 -13 -14 14 -16 24 -18 28 19 -21 -22 -23 23 -25 25 26 -28 -29 -30 -31
leaf_value=1.4698962109393721e-05 -0.011014305352712223 -0.0514324562578162 -0.20379967198652379 0.18970740442926234 -0.01102030899855274 -0.017544037053835445 -0.13832605071854695 -0.012194862637793293 -0.001463317569989105 -0.07043827350372607 -0.077701364661660333 0.090834421977411872 0.015660765948053407 0.026029485453592894 -0.056584253472989648 -0.016355596449815348 0.3430150589136326 -0.20235912316094554 -0.083066166426986457 0.029647632393029911 -0.019383945274907891 -0.0079820129365899429 -0.024205234623640815 -0.29467551444001772 -0.055446993571599268 -0.44162197341024872 -0.11615766083384503 0.2070804321588102 0.010652121152404858 -0.22542105448800465
leaf_weight=83518148 3983 664 68 55 4603 734 281 580 1437 4159 678 84 1878 2076 693 1225 23 183 1425 301 3753 30693 2389 27 2920 25 98 22 46 86
leaf_count=83518148 3983 664 68 55 4603 734 281 580 1437 4159 678 84 1878 2076 693 1225 23 183 1425 301 3753 30693 2389 27 2920 25 98 22 46 86
internal_value=0 6.10517e-06 -0.0368415 -0.0472671 6.95116e-06 9.38142e-06 -0.0509822 1.00009e-05 -0.0292138 -0.0485955 -0.0588845 -0.0658305 -0.014989 -0.0199243 0.00813527 -0.0287556 0.0295029 -0.0791634 -0.0353437 -0.0634098 -0.0226659 1.09736e-05 1.39109e-05 -0.0272279 -0.047883 -0.0605748 -0.182309 -0.068978 -0.159571 -0.0943295
internal_weight=0 8.35695e+07 13850 9867 8.35686e+07 8.35551e+07 1015 8.3554e+07 2781 9812 1344 4265 13541 11663 2792 8871 2099 893 5547 1726 3821 8.35513e+07 8.35206e+07 2416 4268 3043 123 4181 229 764
internal_count=83583337 83569487 13850 9867 83568594 83555053 1015 83554038 2781 9812 1344 4265 13541 11663 2792 8871 2099 893 5547 1726 3821 83551257 83520564 2416 4268 3043 123 4181 229 764
is_linear=0
shrinkage=0.1


Tree=17
num_leaves=31
num_cat=0
split_feature=5 6 0 8 2 2 4 9 1 10 14 13 21 17 19 14 1 2 14 4 4 4 14 14 15 20 0 4 0 15
split_gain=1522.93 453.374 326.212 257.257 210.106 359.481 215.049 207.753 244.677 310.675 346.963 232.864 195.074 192.903 189.591 184.201 184.007 186.941 182.427 181.676 413.858 230.08 226.043 214.969 182.135 180.323 207.144 180.131 173.699 169.543
threshold=0.57108420133590709 1.0000000180025095e-35 275.76101684570318 0.0061659244820475587 -0.00019913181522279995 -0.0014010470032179499 4.1249356269836435 0.055935685988515622 0.11901402357372727 0.37443050742149359 0.015221579000353815 0.09628536552190782 0.98647490143775951 0.62586164474487316 0.16884646564722064 0.096868202090263381 7.4796569128890383e-06 0.0020836004160123003 0.70054575800895702 0.10410699993371965 0.20033300668001178 -0.002605000045150518 0.39498437941074377 0.008378460071980955 0.72049027681350719 0.94824603199958812 126.05650711059572 4.1249356269836435 52.675630569458015 0.0023978137178346519
decision_type=2 2 2 2 2 2 2 2 2 2 2 2 2 2 2 2 2 2 2 2 2 2 2 2 2 2 2 2 2 2
left_child=1 3 13 7 5 6 -4 8 29 12 -11 27 25 15 -6 28 -5 18 -18 21 -21 22 23 -3 -22 -10 -27 -9 -2 -1
right_child=2 19 4 16 14 -7 -8 11 9 10 -12 -13 -14 -15 -16 -17 17 -19 -20 20 24 -23 -24 -25 -26 26 -28 -29 -30 -31
leaf_value=2.1356345561657238e-05 -0.0099916259026754956 0.015374879101195286 0.033483251922108707 -0.0053058863225172613 -0.051084078991790717 -0.21131764269895226 -0.091143060283814095 -0.022720318768972389 -0.010833932691412248 -0.066978080725563424 -0.33604417264913072 -0.096824011036038105 -0.28222357638712442 0.019460598160939688 0.045175967063136702 0.055459877384873839 -0.038469947482276508 0.0054944851905575562 -0.2860858965230485 0.33491077856742779 0.01178861204304813 -0.14334421671353512 -0.13591790778198462 0.37543901227414611 -0.17584926891875896 -0.036728395723870821 -0.42305299613786779 0.076686237867257381 -0.040108114183940544 -0.0018361615346264432
leaf_weight=83054889 2801 97 172 9393 2481 214 710 2441 1833 175 66 404 28 938 223 256 3614 1166 30 32 162 419 87 20 76 35 23 197 6055 494300
leaf_count=83054889 2801 97 172 9393 2481 214 710 2441 1833 175 66 404 28 938 223 256 3614 1166 30 32 162 419 87 20 76 35 23 197 6055 494300
internal_value=0 5.49626e-06 -0.0331573 6.25765e-06 -0.0581157 -0.0950497 -0.0668395 8.54518e-06 9.49665e-06 -0.0336466 -0.140664 -0.0261243 -0.0202067 -0.0237203 -0.0431455 -0.0281654 -0.013451 -0.0293568 -0.0405085 -0.071247 -0.00273202 -0.100941 -0.0138466 0.0769243 -0.0481294 -0.016327 -0.189926 -0.0152969 -0.0305828 1.03668e-05
internal_weight=0 8.35695e+07 13850 8.35686e+07 3800 1096 882 8.35544e+07 8.35513e+07 2160 241 3042 1919 10050 2704 9112 14203 4810 3644 893 270 623 204 117 238 1891 58 2638 8856 8.35492e+07
internal_count=83583337 83569487 13850 83568594 3800 1096 882 83554391 83551349 2160 241 3042 1919 10050 2704 9112 14203 4810 3644 893 270 623 204 117 238 1891 58 2638 8856 83549189
is_linear=0
shrinkage=0.1


Tree=18
num_leaves=31
num_cat=0
split_feature=5 0 6 17 19 3 4 9 21 0 10 4 11 8 4 19 14 20 16 8 2 16 4 0 2 9 13 8 7 0
split_gain=1254.61 384.467 367.257 265.026 328.721 242.15 214.137 269.63 247.879 224.016 250.007 219.795 223.87 284.827 229.856 208.156 204.07 201.733 225.533 173.404 174.141 173.083 228.705 168.824 165.324 188.118 160.995 160.545 172.839 151.342
threshold=0.049016393721103675 96.346454620361342 1.0000000180025095e-35 0.0062337550334632405 0.0062342362944036731 0.025000000000000005 4.1249356269836435 1.0000000180025095e-35 0.99253278970718395 275.76101684570318 0.0065662080887705096 0.15801399946212771 0.91372239589691173 0.88807323575019848 -0.013015999924391506 0.89998707175254833 0.0027034924132749443 0.77717861533164989 0.0095199109055101889 0.027705091051757339 -1.0000000180025095e-35 0.012670080643147232 4.1249356269836435 283.76733398437506 -0.0044677137796760484 0.055935685988515622 0.09628536552190782 0.027705091051757339 0.58247444033622753 3.6336807012557988
decision_type=2 2 2 2 2 2 2 2 2 2 2 2 2 2 2 2 2 2 2 2 2 2 2 2 2 2 2 2 2 2
left_child=2 -2 17 4 6 16 8 9 11 -8 -11 12 13 14 -3 -6 -5 24 -19 -16 -21 22 -17 -4 -1 29 -27 -13 -29 -26
right_child=1 3 23 5 15 -7 7 -9 -10 10 -12 27 -14 -15 19 21 -18 18 -20 20 -22 -23 -24 -25 25 26 -28 28 -30 -31
leaf_value=-0.0024851830076816992 -0.005269908935313955 0.099371111401073312 -0.047572893840917507 0.016661136793628812 0.026214679465119191 -0.068864103730387538 -0.038589172694113126 0.10859396323025719 -0.3641447335481644 -0.075847844836690562 0.0727634363162976 0.055153098647535696 0.16996201821244683 -0.20030677086742435 -0.26648530527239755 0.13715224344697263 -0.052554154898643901 -0.01540766449165226 -0.12075813366630483 -0.22574306257345059 -0.036352820457271527 0.10935162200282018 -0.13406724278986651 -0.17835725781598452 -0.0020767222398818197 -0.016103343272376495 -0.084337107973008585 -0.01306281254724353 -0.30114788554963612 2.5699673129357591e-05
leaf_weight=265071 9600 92 780 2535 1219 519 5208 106 21 3486 117 369 39 149 42 36 512 734 281 54 481 48 228 113 343808 2208 410 2509 21 82942541
leaf_count=265071 9600 92 780 2535 1219 519 5208 106 21 3486 117 369 39 149 42 36 512 734 281 54 481 48 228 113 343808 2208 410 2509 21 82942541
internal_value=0 -0.0213983 7.01583e-06 -0.0301011 -0.0362121 -0.00572412 -0.0414914 -0.0499443 -0.021535 -0.0518516 -0.071022 -0.0196194 -0.0641112 -0.0752711 -0.0474231 0.00756024 0.00503061 7.70122e-06 -0.0445737 -0.0708288 -0.0554688 -0.0653236 -0.0970828 -0.0641223 8.24279e-06 1.61782e-05 -0.0267893 -0.00646678 -0.015454 1.70208e-05
internal_weight=0 27391 8.35559e+07 17791 14225 3566 12694 8917 3777 8811 3603 3756 857 818 669 1531 3047 8.35551e+07 1015 577 535 312 264 893 8.3554e+07 8.3289e+07 2618 2899 2530 8.32863e+07
internal_count=83583337 27391 83555946 17791 14225 3566 12694 8917 3777 8811 3603 3756 857 818 669 1531 3047 83555053 1015 577 535 312 264 893 83554038 83288967 2618 2899 2530 83286349
is_linear=0
shrinkage=0.1


Tree=19
num_leaves=31
num_cat=0
split_feature=5 6 1 3 4 20 21 1 9 8 2 0 3 4 14 19 0 2 15 16 16 0 10 18 0 13 15 4 4 15
split_gain=1053.95 297.46 229 201.001 197.626 231.199 221.522 270.092 214.712 196.982 196.895 192.226 187.163 196.311 183.93 178.481 177.265 205.882 207.086 164.668 155.383 153.411 151.546 151.171 147.088 209.8 152.751 259.83 191.885 330.533
threshold=0.57108420133590709 1.0000000180025095e-35 7.4796569128890383e-06 0.6150000000000001 4.1249356269836435 0.94824603199958812 0.5362030863761903 0.11901402357372727 1.0000000180025095e-35 0.99960151314735424 -0.025308060511892699 140.42445373535159 0.7350000000000001 -0.33074799180030817 0.11018789932131769 0.89998707175254833 512.59765625000011 0.031368682982399108 0.011676976457238199 0.026829269714653495 0.10469920188188554 120.56685256958009 0.99190723896026622 0.42527222633361822 136.87897491455081 0.94810965657234203 0.10895064473152162 -0.0051885000430047503 0.15801399946212771 0.82126808166503917
decision_type=2 2 2 2 2 2 2 2 2 2 2 2 2 2 2 2 2 2 2 2 2 2 2 2 2 2 2 2 2 2
left_child=1 4 9 10 8 6 -6 19 12 -2 -4 -7 23 -14 -9 -15 20 18 -18 -8 22 -3 -12 -1 -10 26 -26 -28 -29 -30
right_child=2 21 3 -5 5 11 7 14 24 -11 16 -13 13 15 -16 -17 17 -19 -20 -21 -22 -23 -24 -25 25 -27 27 28 29 -31
leaf_value=1.3800800988232972e-05 -0.020722654908468752 -0.015842335468486828 0.037750515856374151 -0.0042747410778405459 -0.0029087455415489349 -0.0051151268861510538 -0.0095031593037559862 -0.086000708904313425 -0.0017556725065660597 0.043381570442943489 -0.056961846314109936 -0.16286289601121098 -0.31356558122418149 -0.013206790476971278 -0.31503129282663034 -0.19562509936039096 -0.15831924145085374 0.1911806793510914 0.14558666697703301 -0.050596303531095982 0.030540608653177821 -0.098742333258979215 0.13869579095393419 -0.039062998430848102 -0.024519171171418275 -0.24753902304607134 0.1197581866240882 -0.2142429488688733 -0.14200686217070774 0.20600953365902641
leaf_weight=83445655 7517 442 234 1104 103739 143 4486 190 1738 512 3833 168 22 7951 43 54 341 20 24 1246 225 451 40 990 1787 48 47 146 104 37
leaf_count=83445655 7517 442 234 1104 103739 143 4486 190 1738 512 3833 168 22 7951 43 54 341 20 24 1246 225 451 40 990 1787 48 47 146 104 37
internal_value=0 4.57093e-06 -0.0275835 -0.0426851 5.18766e-06 -0.00423036 -0.00398628 -0.022726 1.0771e-05 -0.0166348 -0.051675 -0.0903294 1.18684e-05 -0.0152572 -0.128268 -0.0144373 -0.0563427 -0.121219 -0.138336 -0.0184358 -0.0502478 -0.0577101 -0.0549411 1.33372e-05 -0.0234313 -0.0407998 -0.0361211 -0.0981952 -0.133888 -0.0506834
internal_weight=0 8.35695e+07 13850 5821 8.35686e+07 110015 109704 5965 8.34586e+07 8029 4717 311 8.34547e+07 8027 233 8005 4483 385 365 5732 4098 893 3873 8.34466e+07 3907 2169 2121 334 287 141
internal_count=83583337 83569487 13850 5821 83568594 110015 109704 5965 83458579 8029 4717 311 83454672 8027 233 8005 4483 385 365 5732 4098 893 3873 83446645 3907 2169 2121 334 287 141
is_linear=0
shrinkage=0.1


Tree=20
num_leaves=31
num_cat=0
split_feature=5 4 6 8 20 0 21 4 1 2 20 16 14 17 4 4 4 14 4 19 15 4 13 21 1 15 18 16 3 2
split_gain=867.74 249.533 240.937 226.796 220.236 200.187 198.668 182.695 164.661 199.716 160.572 233.47 152.716 148.424 147.931 322.671 193.45 207.607 218.685 147.888 146.516 143.6 248.293 173.592 229.696 173.284 166.577 238.372 155.486 181.635
threshold=0.71975320577621471 4.1249356269836435 1.0000000180025095e-35 0.0061659244820475587 0.99087658524513256 280.97555541992193 0.99580371379852306 -0.090735998004674898 7.4796569128890383e-06 0.0020836004160123003 0.94824603199958812 0.19623156636953357 0.72236618399620067 0.022716500796377662 0.10410699993371965 0.20033300668001178 -0.027387499809265133 0.39498437941074377 -0.20061100274324414 0.89998707175254833 0.78442931175231945 0.65206348896026622 0.09628536552190782 0.82616910338401806 0.11901402357372727 0.08050400018692018 0.98144572973251354 0.0021961934398859744 0.91500000000000015 -0.0078288922935522472
decision_type=2 2 2 2 2 2 2 2 2 2 2 2 2 2 2 2 2 2 2 2 2 2 2 2 2 2 2 2 2 2
left_child=2 6 3 10 5 -3 7 -2 -5 12 19 -12 -10 -11 16 -16 17 18 -4 21 -17 22 28 25 -25 26 -23 -28 -1 -30
right_child=1 4 14 8 -6 -7 -8 -9 9 13 11 -13 -14 -15 15 20 -18 -19 -20 -21 -22 23 -24 24 -26 -27 27 -29 29 -31
leaf_value=4.1619212838232704e-05 -0.15786625470717749 -0.032317213667414905 -0.15591838489472867 -0.0043577501292134885 0.10984748336486519 -0.07174071195710284 -0.28679893636703491 0.00017950984425819884 -0.034599782830033468 -0.020144795136955142 -0.039124474788232798 -0.30319379543935931 -0.31156301930546765 0.045908003637993092 0.30802029191108887 0.021989227619135021 -0.11564575170795111 -0.1083492285903843 0.18395010803897793 -0.043096429266119798 -0.14815919873853253 -0.00034567974096490997 -0.062294029321796444 -0.0078118411553988153 -0.10433280130840808 -0.0034163658234747855 -0.03290608267698969 -0.33109479844570161 -0.12921085696251411 -0.013512900819705048
leaf_weight=78387318 75 4887 25 10574 96 1749 25 2951 4356 811 352 37 20 586 32 165 433 87 78 796 73 4949798 639 25089 249 191262 105 36 197 436
leaf_count=78387318 75 4887 25 10574 96 1749 25 2951 4356 811 352 37 20 586 32 165 433 87 78 796 73 4949798 639 25089 249 191262 105 36 197 436
internal_value=0 -0.0297806 3.48576e-06 4.04078e-06 -0.0405323 -0.0427078 -0.0060571 -0.00373769 -0.0117735 -0.0253565 6.34496e-06 -0.0642416 -0.0358656 0.00756239 -0.0519391 0.00988611 -0.0787333 0.00538824 0.101458 6.64407e-06 -0.0301992 7.05469e-06 4.07109e-05 -0.000503589 -0.00876037 -0.000462896 -0.000348776 -0.109039 4.1219e-05 -0.04952
internal_weight=0 9783 8.35736e+07 8.35727e+07 6732 6636 3051 3026 16347 5773 8.35563e+07 389 4376 1397 893 270 623 190 103 8.35559e+07 238 8.35551e+07 7.83886e+07 5.16654e+06 25338 5.1412e+06 4.94994e+06 141 7.8388e+07 633
internal_count=83583337 9783 83573554 83572661 6732 6636 3051 3026 16347 5773 83556314 389 4376 1397 893 270 623 190 103 83555925 238 83555129 78388590 5166539 25338 5141201 4949939 141 78387951 633
is_linear=0
shrinkage=0.1


Tree=21
num_leaves=31
num_cat=0
split_feature=5 0 14 5 10 6 19 10 17 4 4 21 20 4 0 10 16 19 16 0 16 2 7 14 3 2 21 2 5 4
split_gain=720.192 317.855 214.512 247.71 209.846 195.177 193.225 213.43 177.664 166.265 202.026 186.407 170.911 157.842 153.802 153.752 151.082 174.375 193.851 274.039 144.823 153.604 146.728 218.272 134.013 250.826 190.426 160.155 126.211 124.428
threshold=0.049016393721103675 46.26843452453614 0.80531793832778942 0.77027752995491039 0.99999997019767772 1.0000000180025095e-35 0.0062342362944036731 0.14266254752874377 0.067876499146223082 4.1249356269836435 -0.073952000588178621 0.99580371379852306 0.99087658524513256 -0.013015999924391506 249.72256469726565 0.26753294467926031 0.037778833881020553 0.89998707175254833 0.00041547414730302995 247.34976196289065 0.031649632379412658 0.0014326014041452001 0.1889370605349541 0.0098352003842592257 0.36500000000000005 0.038153802012640257 0.83396050333976757 -0.019908914737432396 0.56272882223129284 0.14454600214958194
decision_type=2 2 2 2 2 2 2 2 2 2 2 2 2 2 2 2 2 2 2 2 2 2 2 2 2 2 2 2 2 2
left_child=5 -2 3 6 9 24 7 8 13 10 -5 15 -11 -3 -15 -12 17 18 -8 28 -16 22 -22 -24 -1 26 -26 -28 -20 -7
right_child=1 2 -4 4 -6 29 16 -9 -10 12 11 -13 -14 14 20 -17 -18 -19 19 -21 21 -23 23 -25 25 -27 27 -29 -30 -31
leaf_value=8.5044798342758557e-06 0.0062007220182641451 0.10080434449938769 0.11985949639222263 -0.21221639046482013 0.17160822311614424 -0.070668270100210831 0.040829188419914571 0.034458993213941295 0.0053678021915263647 -0.053892387385675956 -0.00047799616026715069 -0.29981727139516312 0.10364493683512721 -0.018213581674510499 -0.052363454146556257 -0.13595472191968425 0.085953526760598545 -0.15365852282354328 -0.23695306430260341 0.046208375651672809 -0.05185318913333762 0.10985907897217356 0.12321634077691826 -0.029496345416092404 -0.0035146660123144893 -0.075748093932851923 -0.063671653191787345 0.0034706425326273328 -0.013158717166839374 0.011498385043456578
leaf_weight=83517362 5140 97 107 51 47 633 702 718 2096 4250 1743 22 70 7184 3337 88 285 66 84 115 648 96 145 264 35643 508 984 556 36 260
leaf_count=83517362 5140 97 107 51 47 633 702 718 2096 4250 1743 22 70 7184 3337 88 285 66 84 115 648 96 145 264 35643 508 984 556 36 260
internal_value=0 -0.0162125 -0.0213899 -0.0220724 -0.0388994 5.31442e-06 -0.0154246 -0.0187033 -0.0214559 -0.040489 -0.0158698 -0.0104658 -0.0513397 -0.0262323 -0.0272878 -0.00698917 0.0217031 0.00344648 0.0145126 -0.0641013 -0.0418067 -0.0112533 -0.0222531 0.0246438 5.81407e-06 -0.00595571 -0.00500219 -0.0394307 -0.169815 -0.0467452
internal_weight=0 27391 22251 22144 6271 8.35559e+07 15873 14585 13867 6224 1904 1853 4320 11771 11674 1831 1288 1003 937 235 4490 1153 1057 409 8.35551e+07 37691 37183 1540 120 893
internal_count=83583337 27391 22251 22144 6271 83555946 15873 14585 13867 6224 1904 1853 4320 11771 11674 1831 1288 1003 937 235 4490 1153 1057 409 83555053 37691 37183 1540 120 893
is_linear=0
shrinkage=0.1


Tree=22
num_leaves=31
num_cat=0
split_feature=5 8 14 8 1 1 6 0 20 16 0 14 17 4 15 9 21 18 16 16 3 19 16 16 0 0 0 4 2 3
split_gain=587.31 204.894 186.35 184.507 240.123 178.425 158.09 149.86 146.781 230.063 146.623 136.583 164.046 126.861 182.501 169.584 162.793 172.852 158.04 149.144 135.881 129.981 135.808 219.393 194.339 126.958 119.773 131.897 119.518 129.657
threshold=0.7570268213748933 0.99960151314735424 0.82685753703117382 0.28565442562103277 7.4796569128890383e-06 5.8874569844424095e-05 1.0000000180025095e-35 126.05650711059572 0.94824603199958812 0.19623156636953357 275.76101684570318 0.0013889564434066417 0.022716500796377662 1.6071889996528628 0.22642234712839129 0.055935685988515622 0.86469298601150524 0.98144572973251354 0.0021961934398859744 0.036401791498065002 0.91500000000000015 0.89998707175254833 0.075298726558685317 0.010546669363975527 257.52632141113287 3.6336807012557988 283.76733398437506 0.52854600548744213 0.00058167932505625013 0.085000000000000006
decision_type=2 2 2 2 2 2 2 2 2 2 2 2 2 2 2 2 2 2 2 2 2 2 2 2 2 2 2 2 2 2
left_child=3 2 10 6 -5 7 8 -6 13 -10 28 -12 -13 15 16 25 17 21 -19 -18 -21 -15 23 -23 -25 -1 -8 -28 -2 -30
right_child=1 -3 -4 4 5 -7 26 -9 9 -11 11 12 -14 14 -16 -17 19 18 -20 20 -22 22 -24 24 -26 -27 27 -29 29 -31
leaf_value=-0.0019039280263957457 -0.019230403714095203 0.028640897935403028 0.097719244476008632 -0.0022036648744835716 -0.025176717897231127 -0.023008329330385005 -0.028131180568717613 -0.11894407255790429 -0.034996262995462699 -0.28529380305511193 -0.045461299967528568 -0.15322674810633535 0.10369846969842911 -0.00056484846546036606 -0.0065120475176618986 -0.026749697196838486 -0.0089759666776401958 -0.041960211975295869 -0.2979861603842841 -0.041031247693133696 -0.24108470283448696 -0.039702789078038855 0.064436167257261423 -0.1011222001642753 -0.46762693031974467 3.096793255961955e-05 -0.20029792494852755 0.049948319845965934 -0.084213867354635888 0.065751080375451312
leaf_weight=340527 5233 635 112 7198 297 3109 780 400 352 41 1856 221 28 1497912 55626 2366 8692 73 36 1134 35 614 105 39 23 81655205 85 28 510 65
leaf_count=340527 5233 635 112 7198 297 3109 780 400 352 41 1856 221 28 1497912 55626 2366 8692 73 36 1134 35 614 105 39 23 81655205 85 28 510 65
internal_value=0 -0.0260407 -0.0303675 2.69949e-06 -0.0129453 -0.0332601 4.40453e-06 -0.0789887 4.85417e-06 -0.0611087 -0.0321804 -0.0547913 -0.124336 5.14159e-06 -0.000886934 2.21598e-05 -0.00067953 -0.000595272 -0.126519 -0.0134861 -0.0470209 -0.000586113 -0.0413712 -0.0578058 -0.237084 2.29323e-05 -0.0420707 -0.13829 -0.0239855 -0.0672613
internal_weight=0 8660 8025 8.35747e+07 11004 3806 8.35637e+07 697 8.35628e+07 393 7913 2105 249 8.35624e+07 1.56429e+06 8.19981e+07 1.50866e+06 1.4988e+06 109 9861 1169 1.49869e+06 781 676 62 8.19957e+07 893 113 5808 575
internal_count=83583337 8660 8025 83574677 11004 3806 83563673 697 83562780 393 7913 2105 249 83562387 1564289 81998098 1508663 1498802 109 9861 1169 1498693 781 676 62 81995732 893 113 5808 575
is_linear=0
shrinkage=0.1


Tree=23
num_leaves=31
num_cat=0
split_feature=5 0 19 17 20 4 3 19 3 4 10 0 14 16 21 4 0 17 11 8 20 4 16 18 11 2 10 8 4 8
split_gain=488.028 247.469 178.69 221.182 214.322 245.912 180.739 180.084 172.037 203.019 169.556 168.123 168.066 156.813 152.89 131.775 183.278 162.038 142.226 282.966 169.394 131.111 154.631 128.687 159.633 127.734 136.924 125.857 237.424 163.423
threshold=0.049016393721103675 46.26843452453614 0.0062342362944036731 0.067876499146223082 0.64190500974655162 4.1249356269836435 0.025000000000000005 0.89998707175254833 0.085000000000000006 4.1249356269836435 0.14266254752874377 275.76101684570318 0.24135228246450427 0.066491406410932555 0.98772487044334423 0.15801399946212771 479.75221252441412 0.022716500796377662 0.91372239589691173 0.88807323575019848 0.014903998468071224 4.1249356269836435 0.012670080643147232 1.0000000180025095e-35 0.070566296577453627 -0.010814692094681848 0.7430923879146577 0.98494875431060802 1.480587959289551 0.99960151314735424
decision_type=2 2 2 2 2 2 2 2 2 2 2 2 2 2 2 2 2 2 2 2 2 2 2 2 2 2 2 2 2 2
left_child=23 -2 3 4 5 14 -5 -4 9 -8 11 -7 -6 -13 15 16 17 18 19 20 -3 -9 -23 -1 -25 -12 -27 -17 -29 -30
right_child=1 2 7 6 12 10 8 21 -10 -11 25 13 -14 -15 -16 27 -18 -19 -20 -21 -22 22 -24 24 -26 26 -28 28 29 -31
leaf_value=5.0498508943991174e-06 0.0064306400306410735 -0.0016431451841457181 0.027298172804899642 0.012473134631494458 0.014010914524119509 -0.029932440860282634 -0.011421013393519837 0.10642819351100541 0.0046631095724506784 -0.22257313040586621 0.16311321578188134 -0.066301857360518843 0.24070984644075746 -0.010078307994188919 -0.25125221885167637 -0.0039720462613186958 -0.14987313394783108 0.16830544710336698 0.14945899219047734 -0.15647968892770553 -0.22433921872741647 -0.10276446644945636 0.079486033001116341 -0.020137499446803795 -0.26462867480737196 0.037243521267894576 -0.085963710028678184 0.31684545155833749 -0.14148438011491024 0.080851855868851394
leaf_weight=83553473 5140 667 1492 2787 857 7276 81 47 194 104 56 2887 34 599 26 3722 131 42 41 171 36 276 56 2446 27 324 125 34 43 143
leaf_count=83553473 5140 667 1492 2787 857 7276 81 47 194 104 56 2887 34 599 26 3722 131 42 41 171 36 276 56 2446 27 324 125 34 43 143
internal_value=0 -0.0133459 -0.0179143 -0.0206295 -0.0250973 -0.0277042 0.00366221 0.0116618 -0.0611295 -0.130123 -0.0359264 -0.0385838 0.0226616 -0.056641 -0.00938147 -0.00813125 -0.0389402 -0.023755 -0.0325709 -0.0411101 -0.0130472 -0.0498935 -0.0720234 4.37469e-06 -0.0228068 0.0207045 0.00294307 0.000372089 0.073867 0.0294515
internal_weight=0 27391 22251 20380 17214 16323 3166 1871 379 185 11267 10762 891 3486 5056 5030 1088 957 915 874 703 379 332 8.35559e+07 2473 505 449 3942 220 186
internal_count=83583337 27391 22251 20380 17214 16323 3166 1871 379 185 11267 10762 891 3486 5056 5030 1088 957 915 874 703 379 332 83555946 2473 505 449 3942 220 186
is_linear=0
shrinkage=0.1


Tree=24
num_leaves=31
num_cat=0
split_feature=5 4 16 14 20 1 4 4 17 4 20 0 21 1 0 14 9 14 10 13 16 3 21 3 9 16 16 19 3 14
split_gain=417.428 166.202 160.518 185.268 141.08 134.66 242.526 185.121 140.096 131.497 193.061 181.924 160.276 216.009 158.78 151.937 151.158 153.363 181.993 144.529 151.226 136.521 156.817 130.648 145.725 144.47 378.991 334.336 190.933 164.654
threshold=0.7570268213748933 4.1249356269836435 0.0012418993283063175 0.079122819006443038 0.99087658524513256 5.4821445152959349e-06 0.45093449950218206 0.51804450154304515 0.0062337550334632405 4.1249356269836435 0.94824603199958812 140.42445373535159 0.14758133888244632 0.11901402357372727 165.9609069824219 0.015221579000353815 0.21766174584627154 0.32368858158588415 0.7554173767566682 0.09628536552190782 0.011285075917840006 0.91500000000000015 0.99986106157302868 0.91500000000000015 0.21766174584627154 1.0000000180025095e-35 0.037015952169895179 0.16884646564722064 0.99500000000000011 0.0039735618047416219
decision_type=2 2 2 2 2 2 2 2 2 2 2 2 2 2 2 2 2 2 2 2 2 2 2 2 2 2 2 2 2 2
left_child=9 2 5 -4 -3 6 8 -8 -2 16 12 -12 23 -14 -15 -16 21 18 -18 -19 -21 -1 -23 -11 25 -25 27 -27 -29 -28
right_child=1 4 3 -5 -6 -7 7 -9 -10 10 11 -13 13 14 15 -17 17 19 -20 20 -22 22 -24 24 -26 26 29 28 -30 -31
leaf_value=8.506887326199233e-06 -0.074746677169193004 -0.033232464905807925 -0.083385155840980774 0.18428685548050064 0.088981161943714457 -0.018884810852365756 0.33129209155837697 0.049895889471825994 0.061372184577899482 -0.0026659907063018642 0.0028491432555407909 -0.14832624649273213 -0.013408465662323593 0.011727573848846887 -0.088627758325552961 -0.26999720179421061 -0.0074792935660805892 0.10703600164016952 -0.30321300036850429 -0.10870268611470238 -0.0026402602580236031 -0.018758873774984711 -0.29963959835469728 0.03298058675545959 0.14011753134735935 -0.0060566300560004902 0.017832640152138608 -0.15524684607060915 -0.42491444150606794 0.27160201817405999
leaf_weight=83454845 277 5869 338 28 96 1021 24 903 104 102476 144 178 8023 90 144 68 2289 46 21 443 193 3230 20 1589 98 138 482 97 36 27
leaf_count=83454845 277 5869 338 28 96 1021 24 903 104 102476 144 178 8023 90 144 68 2289 46 21 443 193 3230 20 1589 98 138 482 97 36 27
internal_value=0 -0.0219538 -0.00134348 -0.0629075 -0.0312656 0.00833125 0.0295756 0.0571812 -0.0375909 2.27543e-06 -0.00339784 -0.0807199 -0.00317802 -0.0165337 -0.0995587 -0.146803 6.90296e-06 -0.0224695 -0.0101678 -0.0641367 -0.0765171 7.70874e-06 -0.0204874 -0.00211854 0.020622 0.0156788 -0.0195681 -0.115098 -0.22824 0.0312939
internal_weight=0 8660 2695 366 5965 2329 1308 927 381 8.35747e+07 113590 322 113268 8325 302 212 8.34611e+07 2992 2310 682 636 8.34581e+07 3250 104943 2467 2369 780 271 133 509
internal_count=83583337 8660 2695 366 5965 2329 1308 927 381 83574677 113590 322 113268 8325 302 212 83461087 2992 2310 682 636 83458095 3250 104943 2467 2369 780 271 133 509
is_linear=0
shrinkage=0.1


Tree=25
num_leaves=31
num_cat=0
split_feature=5 0 14 11 2 17 21 5 4 10 20 4 4 4 14 16 15 2 4 8 8 3 1 2 8 13 2 9 6 0
split_gain=346.011 200.585 154.134 145.258 196.641 147.358 137.235 133.286 176.71 140.327 124.421 155.954 130.059 289.098 117.074 181.728 126.715 223.433 171.216 200.396 155.218 136.143 138.032 121.22 113.731 127.528 112.145 165.411 130.842 129.501
threshold=0.049016393721103675 52.675630569458015 0.76054304838180553 0.070566296577453627 0.026242815265696152 0.62586164474487316 0.93488201498985302 0.77027752995491039 -1.0000000180025095e-35 0.99999997019767772 0.64190500974655162 3.2962214946746831 0.49726849794387823 0.80417701601982128 0.042036782950162895 0.0045119619462639102 0.0028090553823858504 0.00078137157763215012 3.7085624933242802 0.75640788674354564 0.95814204216003429 0.045000000000000005 6.0782147360469059e-06 -0.0015277440808570998 0.88807323575019848 0.94810965657234203 -0.0020937316985963996 0.58468642830848705 1.0000000180025095e-35 79.149288177490249
decision_type=2 2 2 2 2 2 2 2 2 2 2 2 2 2 2 2 2 2 2 2 2 2 2 2 2 2 2 2 2 2
left_child=24 -2 3 5 -5 7 14 -3 -9 10 11 12 -10 -14 15 16 17 18 21 -20 -21 22 -7 -24 25 26 27 -1 -28 -30
right_child=1 2 -4 4 -6 6 -8 8 9 -11 -12 -13 13 -15 -16 -17 -18 -19 19 20 -22 -23 23 -25 -26 -27 28 -29 29 -31
leaf_value=-0.0015327208096545598 0.0052895365452622391 -0.01420791311124593 0.097826508041314722 0.12732991184245132 -0.20966299560852353 -0.01461538089424721 -0.20699164326544162 -0.19787816291209312 -0.048474881752788343 0.14319078765971505 0.021616569511131431 -0.044887133253094715 0.33546429455280302 0.015382401168346405 -0.12747618436228997 0.10153309451921505 0.1313748246114701 -0.1702731395190632 0.011916477759739315 0.23922864650154399 -0.016728679864018253 0.18399925997050912 -0.0025226648677797881 -0.23681820148513433 -0.028528703633716592 -0.08635411135694393 1.3365349877375615e-05 -0.18914238671039016 0.018526029587354595 -0.065172271721314026
leaf_weight=460469 5791 14788 119 129 20 256 27 64 303 46 396 3960 30 475 51 258 75 74 289 84 33 26 34 63 1397 171 83093002 47 269 591
leaf_count=460469 5791 14788 119 129 20 256 27 64 303 46 396 3960 30 475 51 258 75 74 289 84 33 26 34 63 1397 171 83093002 47 269 591
internal_value=0 -0.0112375 -0.0156684 -0.0162972 0.082096 -0.0169844 0.0160492 -0.0190756 -0.0327242 -0.0306955 -0.0322444 -0.0367178 0.00332015 0.0343972 0.020894 0.0272421 0.00672061 -0.00416306 0.0114957 0.0566183 0.167036 -0.0368414 -0.0531072 -0.154694 3.68319e-06 4.16024e-06 4.33698e-06 -0.00155187 1.29617e-05 -0.0389922
internal_weight=0 27391 21600 21481 149 21332 1270 20062 5274 5210 5164 4768 808 505 1243 1192 934 859 785 406 117 379 353 97 8.35559e+07 8.35545e+07 8.35544e+07 460516 8.30939e+07 860
internal_count=83583337 27391 21600 21481 149 21332 1270 20062 5274 5210 5164 4768 808 505 1243 1192 934 859 785 406 117 379 353 97 83555946 83554549 83554378 460516 83093862 860
is_linear=0
shrinkage=0.1


Tree=26
num_leaves=31
num_cat=0
split_feature=5 2 2 20 16 2 2 0 17 16 2 3 1 19 0 4 0 3 1 15 4 16 16 15 21 4 18 1 0 3
split_gain=287.822 153.3 268.933 126.876 298.786 119.688 195.747 117.135 115.886 145.884 166.38 194.815 189.266 137.605 206.165 130.224 108.634 108.087 117.328 106.532 155.017 240.246 353.414 185.479 167.166 113.086 111.583 105.086 118.613 159.192
threshold=0.57108420133590709 -0.00012487798915104996 -0.00065244491310889987 0.11148120462894441 0.10469920188188554 -0.0092086789469330976 -0.005940226004750449 398.92150878906256 0.0062337550334632405 0.07961334660649301 3.1431664378602654e-05 0.075000000000000025 1.0000000180025095e-35 0.16884646564722064 436.31643676757818 4.1249356269836435 506.86210632324224 0.22500000000000003 1.3418968482336596e-06 0.80688279867172252 1.9754605293273928 0.0064809718169271955 0.011827470734715463 0.93554249405860912 0.93792167305946361 2.0749150514602666 0.42527222633361822 3.644311510866204e-05 395.35975646972662 0.055000000000000007
decision_type=2 2 2 2 2 2 2 2 2 2 2 2 2 2 2 2 2 2 2 2 2 2 2 2 2 2 2 2 2 2
left_child=19 2 5 8 -5 -2 -7 -4 9 10 12 -12 13 14 -3 -16 -14 18 -10 26 -21 24 23 25 -22 -23 -1 -8 -29 -30
right_child=1 3 7 4 -6 6 27 -9 17 -11 11 -13 16 -15 15 -17 -18 -19 -20 20 21 22 -24 -25 -26 -27 -28 28 29 -31
leaf_value=6.6113827281855281e-06 -0.0024745474948143268 -0.023039372561325617 -0.094261140839684898 0.048426785063783423 -0.28535013667174747 -0.11279110549425053 -0.15167408481813394 -0.25728183376735875 -0.0015733815480003879 0.042254255728922802 -0.068524364647220296 0.052086380454011608 0.014162631242357499 0.020407256559270642 -0.006128605452089847 -0.14771607365409972 0.15647312916283096 -0.16123720109462739 0.052998009017897231 -0.0020768979499401897 -0.011586893956381098 -0.36405188766075303 -0.037546064214614899 -0.058588822382840924 0.10840103542629503 -0.12310038413852453 -0.032987804777278543 -0.011128726482297742 -0.041550870084436614 -0.2272700173345705
leaf_weight=83472989 1485 3438 207 636 28 311 65 56 1415 397 1074 153 1273 628 91 227 56 36 546 86979 7253 64 976 55 118 28 1025 1468 200 60
leaf_count=83472989 1485 3438 207 636 28 311 65 56 1415 397 1074 153 1273 628 91 227 56 36 546 86979 7253 64 976 55 118 28 1025 1468 200 60
internal_value=0 -0.0144145 -0.0313642 -0.00788424 0.0343519 -0.0242115 -0.0395533 -0.128973 -0.0108888 -0.016702 -0.0200745 -0.0534849 -0.0128989 -0.0229204 -0.0301647 -0.107199 0.0201592 0.0104687 0.0136209 2.38784e-06 -0.00333611 -0.0162305 -0.0593174 -0.203867 -0.00966605 -0.290719 6.20624e-06 -0.0268501 -0.0221547 -0.0844091
internal_weight=0 13850 3852 9998 664 3589 2104 263 9334 7337 6940 1227 5713 4384 3756 318 1329 1997 1961 8.35695e+07 95473 8494 1123 147 7371 92 8.3474e+07 1793 1728 260
internal_count=83583337 13850 3852 9998 664 3589 2104 263 9334 7337 6940 1227 5713 4384 3756 318 1329 1997 1961 83569487 95473 8494 1123 147 7371 92 83474014 1793 1728 260
is_linear=0
shrinkage=0.1


Tree=27
num_leaves=31
num_cat=0
split_feature=5 0 17 10 4 3 14 16 1 19 17 2 0 19 20 2 16 1 2 5 5 3 1 6 9 14 15 14 4 0
split_gain=241.299 164.431 136.491 128.035 123.516 150.599 237.14 137.927 131.631 112.921 120.828 102.399 100.704 102.506 98.4016 163.547 106.165 97.2872 99.4559 154.485 163.89 211.817 100.957 96.3122 126.868 156.393 229.493 240.89 115.147 104.738
threshold=0.049016393721103675 240.13632965087893 0.62586164474487316 0.015083451755344869 3.7085624933242802 0.23500000000000001 0.013925554230809213 0.061738027259707458 0.022602373240295955 0.0062342362944036731 0.0062337550334632405 -0.0078288922935522472 5.3941833972930917 0.72722861170768749 0.77717861533164989 -0.13942908818419067 0.0095199109055101889 0.11901402357372727 -0.13942908818419067 0.57108420133590709 0.36845214664936071 0.94000000000000006 0.00090689006976195005 1.0000000180025095e-35 1.0000000180025095e-35 0.35128878057003027 0.11515923961997034 0.14622486382722857 1.2175465226173403 207.13736724853518
decision_type=2 2 2 2 2 2 2 2 2 2 2 2 2 2 2 2 2 2 2 2 2 2 2 2 2 2 2 2 2 2
left_child=12 2 4 9 -2 -6 17 -8 -9 10 -3 -5 -1 14 23 -16 -17 18 19 20 -7 -22 -20 -14 -25 26 -26 29 -27 -28
right_child=1 3 -4 11 5 6 7 8 -10 -11 -12 -13 13 -15 15 16 -18 -19 22 -21 21 -23 -24 24 25 28 27 -29 -30 -31
leaf_value=-0.0012366835002956635 0.0081398141337561819 -0.033239747680807542 0.032497744699505025 0.18902312209829689 -0.015077170090879749 0.045652912360114546 0.054238411846260229 0.036383786424994471 0.34578880067406731 0.013339753275976579 -0.0042033465736315894 0.019259164859277179 1.3973344558923163e-05 -0.027603833415560077 -0.12999255879759505 0.0065462552746071313 -0.073317502779959978 -0.035656100696221465 0.10745972182029434 0.013366732860581494 0.054364353081300144 0.46845522284507751 -0.0095579511722219956 -0.094735974600838796 0.18376391537218209 -0.035497119985391942 0.00014466960297746431 0.32010330617427829 -0.21652522742748262 -0.16147267293692991
leaf_weight=650100 4567 6060 974 40 11206 52 84 20 44 787 1877 318 82902630 1344 144 624 227 409 83 159 21 30 660 242 83 289 148 20 40 55
leaf_count=650100 4567 6060 974 40 11206 52 84 20 44 787 1877 318 82902630 1344 144 624 227 409 83 159 21 30 660 242 83 289 148 20 40 55
internal_value=0 -0.00938431 -0.00392741 -0.0203852 -0.00597402 -0.0110224 0.0180669 0.138503 0.2491 -0.0227905 -0.026373 0.0382272 3.07616e-06 1.27976e-05 1.32453e-05 -0.0314343 -0.014757 0.0054612 0.0221945 0.0751701 0.170575 0.297947 0.00351401 1.36228e-05 -0.0331253 -0.00964534 0.0418134 -0.0110203 -0.0575066 -0.0436433
internal_weight=0 27391 18309 9082 17335 12768 1562 148 64 8724 7937 358 8.35559e+07 8.29058e+07 8.29045e+07 995 851 1414 1005 262 103 51 743 8.29035e+07 877 635 306 223 329 203
internal_count=83583337 27391 18309 9082 17335 12768 1562 148 64 8724 7937 358 83555946 82905846 82904502 995 851 1414 1005 262 103 51 743 82903507 877 635 306 223 329 203
is_linear=0
shrinkage=0.1


Tree=28
num_leaves=31
num_cat=0
split_feature=5 14 8 4 13 8 1 4 16 0 15 21 1 21 15 7 5 3 16 21 2 3 3 3 10 21 18 16 2 2
split_gain=209.927 131.144 122.163 102.438 189.61 151.555 125.926 163.805 116.834 154.233 128.331 112.204 132.393 116.926 111.857 111.692 190.272 106.558 109.574 119.863 106.378 213.74 274.489 144.905 234.642 96.6 92.9782 158.458 86.2745 134.685
threshold=0.7570268213748933 0.82685753703117382 0.99960151314735424 0.65206348896026622 0.09628536552190782 0.95814204216003429 0.01378040526756105 -0.33074799180030817 0.20340567827224734 167.95860290527347 0.50983101129531871 0.82616910338401806 0.11901402357372727 0.99929577112197887 0.0095994276925921457 0.081993490457534804 0.4201799631118775 0.89500000000000013 0.012379720341414215 0.92804139852523815 -0.13942908818419067 0.10500000000000002 0.085000000000000006 0.71000000000000008 0.95461276173591625 0.076353568583726897 0.98144572973251354 0.0021961934398859744 -0.00028096693686919996 -0.0022552065073482498
decision_type=2 2 2 2 2 2 2 2 2 2 2 2 2 2 2 2 2 2 2 2 2 2 2 2 2 2 2 2 2 2
left_child=3 2 28 4 5 6 -1 -8 9 -6 -10 14 20 17 26 -16 -17 -14 19 -19 21 22 -13 24 -23 -9 -5 -28 29 -2
right_child=1 -3 -4 11 8 -7 7 25 10 -11 -12 12 13 -15 15 16 -18 18 -20 -21 -22 23 -24 -25 -26 -27 27 -29 -30 -31
leaf_value=3.1464890755592397e-05 -0.021222341092915854 0.082965581478985195 0.025863768027773799 -0.00029124647267945395 -0.018563398102192766 -0.098219753521832695 -0.19635113232113699 -0.028214247356688107 -0.0023174016718066448 -0.10931381349534167 0.26714181393384934 0.059050617267719797 0.052259907820927244 -0.22752354619177906 -0.0024335400007705929 -0.13901720421794705 0.027695065476458336 -0.17103499139969547 -0.27589507550001147 0.041772786467888595 -0.00727956481020808 -0.0015229632662895245 0.37873067849290537 0.11268372617327096 -0.2841742281773777 0.036803382194693417 -0.018211517239920795 -0.26287859926621121 -0.013962170210113393 -0.075434366681651654
leaf_weight=78389898 1548 133 614 4916611 388 157 54 1788 152 362 20 98 70 44 239101 156 122 48 28 59 24697 267 37 89 33 262 100 36 5714 651
leaf_count=78389898 1548 133 614 4916611 388 157 54 1788 152 362 20 98 70 44 239101 156 122 48 28 59 24697 267 37 89 33 262 100 36 5714 651
internal_value=0 -0.0155687 -0.0171056 1.61479e-06 3.00781e-05 3.06115e-05 3.08083e-05 -0.0244332 -0.0453184 -0.0623656 0.0290151 -0.000429011 -0.00704994 -0.0796104 -0.000396305 -0.00250719 -0.0658557 -0.0478632 -0.0997789 -0.0536924 -0.00633357 0.0382528 0.146667 0.00062846 -0.0326146 -0.0199047 -0.000293534 -0.0829763 -0.0204398 -0.0372715
internal_weight=0 8660 8527 8.35747e+07 7.83931e+07 7.83922e+07 7.8392e+07 2104 922 750 172 5.1816e+06 25470 249 5.15613e+06 239379 278 205 135 107 25221 524 135 389 300 2050 4.91675e+06 136 7913 2199
internal_count=83583337 8660 8527 83574677 78393081 78392159 78392002 2104 922 750 172 5181596 25470 249 5156126 239379 278 205 135 107 25221 524 135 389 300 2050 4916747 136 7913 2199
is_linear=0
shrinkage=0.1


Tree=29
num_leaves=31
num_cat=0
split_feature=8 1 1 14 5 7 17 21 2 16 0 5 0 17 16 5 2 21 8 2 2 16 14 5 1 0 1 0 10 5
split_gain=181.519 243.907 170.706 126.624 122.018 107.262 242.673 174.016 154.666 139.589 128.41 108.448 106.706 109.303 102.882 139.419 101.618 98.1127 97.0207 106.506 100.695 94.454 133.396 104.065 103.867 165.057 139.154 155.479 130.241 123.764
threshold=0.28565442562103277 7.4796569128890383e-06 7.4178715424726209e-05 0.10289665684103967 0.9786944091320039 0.39926876127719885 0.38154087960720068 0.93488201498985302 -0.036123473714955744 0.24037488549947741 341.58422851562506 0.36845214664936071 391.22874450683599 0.79312804341316234 0.20729076862335208 0.57108420133590709 0.0033990743939037505 0.99032852053642284 0.88807323575019848 0.054952037852632106 -0.005940226004750449 0.11689580231904985 0.11616220325231554 1.0000000180025095e-35 0.00013075563853220005 79.149288177490249 1.2685988943616566e-06 252.3084411621094 0.95461276173591625 0.63240584731102001
decision_type=2 2 2 2 2 2 2 2 2 2 2 2 2 2 2 2 2 2 2 2 2 2 2 2 2 2 2 2 2 2
left_child=5 -2 12 4 18 11 8 9 -7 -8 -11 -1 16 -14 -13 -16 -3 -6 19 -4 -20 24 23 -23 26 -26 27 -10 29 -27
right_child=1 2 3 -5 17 6 7 -9 21 10 -12 14 13 -15 15 -17 -18 -19 20 -21 -22 22 -24 -25 25 28 -28 -29 -30 -31
leaf_value=2.443247541162863e-06 -0.0014061299313377069 -0.036547994292056518 -0.018938484694247606 0.056498216988884999 0.084718473205963776 0.079965826734266388 0.017764696236941931 -0.25091556572914125 -0.022261129665419373 -0.18754799877774092 0.08487677718512715 0.015263165217743914 -0.12752124291495001 0.038934515829643482 0.19091127808871014 -0.10286955081281209 -0.18132600983977321 -0.14980778306722642 -0.15438287042613541 0.13296027392783064 -0.042455986150909196 -0.14438416537913409 -0.045496546970644355 0.082816465037654607 -0.0091730819956593167 -0.043736933314691487 0.001284479013456785 -0.079935395193540745 0.13485335302352905 -0.13410300763383035
leaf_weight=83556062 9868 1595 2583 234 165 141 2885 25 1779 62 24 3152 277 46 70 21 50 20 98 47 447 22 194 241 428 253 1511 634 25 378
leaf_count=83556062 9868 1595 2583 234 165 141 2885 25 1779 62 24 3152 277 46 70 21 50 20 98 47 447 22 194 241 428 253 1511 634 25 378
internal_value=0 -0.0108452 -0.0275919 -0.0146281 -0.0195815 2.00349e-06 -0.0111641 0.0118115 -0.0234429 0.0140223 -0.111522 3.15298e-06 -0.0512666 -0.103815 0.0182896 0.123116 -0.0409485 0.0593643 -0.0241815 -0.0162239 -0.0625823 -0.0261109 0.0174092 0.0638111 -0.0300822 -0.0574826 -0.0225129 -0.0374147 -0.0890016 -0.0978707
internal_weight=0 15430 5562 3594 3360 8.35679e+07 8602 2996 5606 2971 86 8.35593e+07 1968 323 3243 91 1645 185 3175 2630 545 5465 457 263 5008 1084 3924 2413 656 631
internal_count=83583337 15430 5562 3594 3360 83567907 8602 2996 5606 2971 86 83559305 1968 323 3243 91 1645 185 3175 2630 545 5465 457 263 5008 1084 3924 2413 656 631
is_linear=0
shrinkage=0.1


Tree=30
num_leaves=31
num_cat=0
split_feature=8 1 1 14 5 19 13 0 1 18 7 2 17 16 7 5 16 21 17 1 5 7 7 16 20 16 8 0 4 2
split_gain=147.031 197.565 138.272 103.227 100.478 93.2206 89.0541 97.2591 87.4891 125.184 107.726 171.507 100.157 192.536 151.164 155.638 136.068 117.415 95.9505 102.335 142.995 95.8319 130.748 92.6937 141.944 99.0057 87.4376 87.0854 87.0846 86.5092
threshold=0.28565442562103277 7.4796569128890383e-06 7.4178715424726209e-05 0.071531426161527648 0.9786944091320039 0.89998707175254833 0.94810965657234203 278.32414245605474 0.00011982301456490002 0.98144572973251354 0.46403479576110845 -0.036123473714955744 0.067876499146223082 0.24037488549947741 0.30480475723743444 0.36845214664936071 0.001559804368298501 0.95817267894744884 0.022716500796377662 5.6660420142234267e-06 0.44732086360454565 0.081993490457534804 0.58247444033622753 0.012379720341414215 0.94824603199958812 0.22886507213115695 0.88807323575019848 3.6336807012557988 4.1249356269836435 0.054952037852632106
decision_type=2 2 2 2 2 2 2 2 2 2 2 2 2 2 2 2 2 2 2 2 2 2 2 2 2 2 2 2 2 2
left_child=5 -2 -3 4 26 6 8 -8 12 10 -10 -12 14 17 15 27 -17 -14 -16 20 -20 -15 -23 -18 25 -25 29 -1 -13 -4
right_child=1 2 3 -5 -6 -7 7 -9 9 -11 11 28 13 21 18 16 23 -19 19 -21 -22 22 -24 24 -26 -27 -28 -29 -30 -31
leaf_value=-0.0015791022949988823 -0.0012655170278378708 -0.046139976070080004 -0.017258150924145246 0.044146454322416095 0.05342785465958956 -0.027284869837527054 -0.010885335049293574 -0.16498092712067508 -0.0010189596833021406 -0.16604824054216885 0.071248459494354571 0.065358930618430552 0.020906932910214244 0.052127935508122815 -0.015063440227844725 0.054912806992485588 -0.086552153604837964 -0.2107004684988748 -0.31112506172873755 0.039136622868934462 -0.075203874160069975 -0.14011409792427271 0.057630648570401337 0.017881323365080689 -0.22314391589683036 0.23401285332182181 -0.059014468575629447 1.8206799667477816e-05 -0.043222135702457802 0.11966424666820688
leaf_weight=342743 9868 1968 2533 289 185 1252 103 68 729444 46 161 78 4327 52 4394 945 122 22 33 49 116 164 42 270 23 23 540 82482037 1393 47
leaf_count=342743 9868 1968 2533 289 185 1252 103 68 729444 46 161 78 4327 52 4394 945 122 22 33 49 116 164 42 270 23 23 540 82482037 1393 47
internal_value=0 -0.0097607 -0.0248327 -0.0131653 -0.0181768 1.80196e-06 2.21077e-06 -0.0721631 2.35844e-06 -0.00108676 -0.00107638 -0.0267399 1.19712e-05 0.0147561 1.11511e-05 1.2157e-05 0.0335583 0.0197353 -0.0181319 -0.0862277 -0.127455 -0.0691766 -0.0997972 -0.0125147 0.0160694 0.0348473 -0.0224226 1.15969e-05 -0.0374646 -0.0147638
internal_weight=0 15430 5562 3594 3305 8.35679e+07 8.35667e+07 171 8.35665e+07 731122 731076 1632 8.28354e+07 4607 8.28308e+07 8.28262e+07 1383 4349 4592 198 149 258 206 438 316 293 3120 8.28248e+07 1471 2580
internal_count=83583337 15430 5562 3594 3305 83567907 83566655 171 83566484 731122 731076 1632 82835362 4607 82830755 82826163 1383 4349 4592 198 149 258 206 438 316 293 3120 82824780 1471 2580
is_linear=0
shrinkage=0.1


Tree=31
num_leaves=31
num_cat=0
split_feature=4 5 9 20 0 20 21 16 16 2 1 17 3 8 7 14 9 15 0 6 15 4 4 4 0 0 4 0 4 4
split_gain=131.084 169.065 169.429 174.052 170.801 140.892 137.58 186.547 147.737 111.261 187.954 99.7103 96.0003 94.4299 101.54 99.3804 92.0791 161.924 153.25 151.083 113.019 103.13 177.432 375.313 138.014 116.038 113.722 98.6513 115.897 107.716
threshold=4.1249356269836435 0.85133957862854015 0.055935685988515622 0.94824603199958812 136.87897491455081 0.77717861533164989 0.5362030863761903 0.07961334660649301 0.17704435437917712 -0.0092086789469330976 0.00020013538153690002 0.067876499146223082 0.095000000000000015 0.0061659244820475587 0.081993490457534804 0.32872512936592108 1.0000000180025095e-35 0.16094192117452624 450.52497863769537 1.0000000180025095e-35 0.55248159170150768 -0.0051885000430047503 0.15801399946212771 0.19257549941539767 154.00219726562503 170.00740814208987 -0.033130500465631478 106.42099380493165 0.20432749390602115 3.7085624933242802
decision_type=2 2 2 2 2 2 2 2 2 2 2 2 2 2 2 2 2 2 2 2 2 2 2 2 2 2 2 2 2 2
left_child=16 2 3 6 -5 9 11 -8 -9 -3 -11 13 -12 -2 15 -15 19 27 21 -1 -20 26 24 25 -23 -24 -19 -18 -29 -30
right_child=1 5 -4 4 -6 -7 7 8 -10 10 12 -13 -14 14 -16 -17 17 18 20 -21 -22 22 23 -25 -26 -27 -28 28 29 -31
leaf_value=5.7644417310307398e-06 -0.0018593071617039468 0.021685134584817779 0.070527878811633027 0.0050543095555052268 -0.14170975934222257 0.036300022972160492 -0.010071344476969557 -0.10597817507139216 -0.023076160449618407 -0.025803691930760958 -0.13552270682703238 0.01092538432663946 -0.037705449361890332 -0.016920547916881488 0.088632548655111221 -0.11882550257011032 0.01712115729031775 -0.020632412455537742 -0.40002367617562418 -0.076967103796390199 -0.10633823871612549 -0.056457621938335728 0.44750513464212416 -0.046197148204011183 -0.17843628013016363 0.11815742267214734 0.14713651686906815 -0.040326318956585012 0.014894796727306488 -0.073091240704012739
leaf_weight=83458800 98496 391 316 143 178 364 5277 388 482 2979 256 5856 165 4077 89 98 1355 170 20 255 38 238 20 277 152 23 53 1108 1114 159
leaf_count=83458800 98496 391 316 143 178 364 5277 388 482 2979 256 5856 165 4077 89 98 1355 170 20 255 38 238 20 277 152 23 53 1108 1114 159
internal_value=0 -0.00330888 -0.00259532 -0.00279611 -0.0763289 -0.0231269 -0.00259043 -0.0171447 -0.0600486 -0.0288329 -0.0346425 -0.00176675 -0.0971858 -0.00249003 -0.0170595 -0.0193126 4.73879e-06 -0.0139517 -0.0498877 5.52926e-06 -0.207609 -0.0400829 -0.0587157 -0.00352777 -0.103998 0.271342 0.0192409 -0.00441946 -0.016678 0.00390518
internal_weight=0 119555 115400 115084 321 4155 114763 6147 870 3791 3400 108616 421 102760 4264 4175 8.34638e+07 4727 991 8.34591e+07 58 933 710 320 390 43 223 3736 2381 1273
internal_count=83583337 119555 115400 115084 321 4155 114763 6147 870 3791 3400 108616 421 102760 4264 4175 83463782 4727 991 83459055 58 933 710 320 390 43 223 3736 2381 1273
is_linear=0
shrinkage=0.1


Tree=32
num_leaves=31
num_cat=0
split_feature=4 5 9 20 0 20 21 1 0 14 2 1 3 21 19 0 2 2 0 4 10 1 18 11 4 1 2 2 0 0
split_gain=106.178 136.943 137.238 140.982 138.568 114.122 111.728 174.535 95.6347 112.437 90.1217 152.243 87.5516 124.237 96.2734 163.998 126.132 148.019 149.347 144.835 104.15 87.3683 86.7549 130.88 113.415 99.0785 128.338 184.473 86.2566 84.2407
threshold=4.1249356269836435 0.85133957862854015 0.055935685988515622 0.94824603199958812 140.42445373535159 0.77717861533164989 0.14758133888244632 0.11901402357372727 165.9609069824219 0.015221579000353815 -0.0092086789469330976 0.00020013538153690002 0.91500000000000015 0.99986106157302868 0.89998707175254833 170.00740814208987 -0.091544026879993592 -0.025308060511892699 148.25789642333987 0.55302098393440258 1.0000000180025095e-35 0.00092714990842065017 1.0000000180025095e-35 0.070566296577453627 3.2962214946746831 6.3589836407593299e-06 -0.00067185273215664989 -0.00056304655440189992 140.42445373535159 365.34643554687506
decision_type=2 2 2 2 2 2 2 2 2 2 2 2 2 2 2 2 2 2 2 2 2 2 2 2 2 2 2 2 2 2
left_child=12 2 3 6 -5 10 -2 -8 -9 -10 21 29 22 14 16 -16 20 18 -18 -20 -14 -3 -1 24 -24 -26 -27 -28 -7 -12
right_child=1 5 -4 4 -6 28 7 8 9 -11 11 -13 13 -15 15 -17 17 -19 19 -21 -22 -23 23 -25 25 26 27 -29 -30 -31
leaf_value=5.471417638092898e-06 -0.0014578107685621685 0.10413314994369503 0.063475090549386382 0.0036894592175517106 -0.12833173515656116 -0.016547329831454488 -0.010711204296478018 0.0017809874782091881 -0.074587642441225288 -0.23078521479962066 -0.015816822449963297 -0.087467198985166444 0.013343040983350358 -0.26462440751260147 -0.012117462247915683 -0.34277169133226076 -0.0071046501131994391 -0.011690876283407117 -0.29976917354342264 -0.091929482876188739 0.18068164279445625 -0.0068905506567441977 -0.0056760762811317537 -0.23767456278480867 -0.015941576767504413 0.0018214030405254785 -0.43374501637050084 -0.11545335140595908 0.080817427321934421 -0.061403527911675498
leaf_weight=83457942 106421 93 316 145 176 180 8048 83 143 68 2495 421 803 20 40 24 196 1963 39 239 39 298 1970 27 248 74 21 137 184 484
leaf_count=83457942 106421 93 316 145 176 180 8048 83 143 68 2495 421 803 20 40 24 196 1963 39 239 39 298 1970 27 248 74 21 137 184 484
internal_value=0 -0.00297799 -0.00233579 -0.0025165 -0.068696 -0.0208142 -0.00233139 -0.0134758 -0.0891551 -0.124926 -0.0259496 -0.0311782 4.26584e-06 -0.0161304 -0.0146437 -0.136113 -0.0122729 -0.0238013 -0.073955 -0.121087 0.0210939 0.0195166 4.91598e-06 -0.0187096 -0.0162965 -0.0598843 -0.106858 -0.157758 0.03267 -0.0232233
internal_weight=0 119555 115400 115084 321 4155 114763 8342 294 211 3791 3400 8.34638e+07 3363 3343 64 3279 2437 474 278 842 391 8.34604e+07 2477 2450 480 232 158 364 2979
internal_count=83583337 119555 115400 115084 321 4155 114763 8342 294 211 3791 3400 83463782 3363 3343 64 3279 2437 474 278 842 391 83460419 2477 2450 480 232 158 364 2979
is_linear=0
shrinkage=0.1


Tree=33
num_leaves=31
num_cat=0
split_feature=8 1 1 14 0 4 2 2 1 5 3 4 2 1 17 7 5 16 21 19 15 15 4 19 3 5 15 16 5 14
split_gain=96.6823 144.142 116.43 85.6844 84.0128 93.1136 95.7586 82.6328 82.7368 81.8106 84.6248 101.789 78.8683 107.841 88.7448 150.38 122.564 108.775 90.5474 81.4055 141.965 354.313 103.833 81.3877 106.743 78.7934 78.3522 76.7775 75.6104 75.3142
threshold=0.28565442562103277 7.4796569128890383e-06 7.4178715424726209e-05 0.10289665684103967 391.22874450683599 3.7085624933242802 0.00016001441518280002 0.0033990743939037505 5.2160946720923087e-05 0.9786944091320039 1.0000000180025095e-35 3.2962214946746831 -0.0021523990670545994 0.01378040526756105 0.067876499146223082 0.39926876127719885 0.4201799631118775 0.27999231219291693 0.85564166307449352 0.0062342362944036731 0.17321535944938662 0.26540082693099981 3.7085624933242802 0.89998707175254833 0.7350000000000001 0.53992247581481945 0.22056048363447192 0.11689580231904985 0.71975320577621471 0.36829271912574774
decision_type=2 2 2 2 2 2 2 2 2 2 2 2 2 2 2 2 2 2 2 2 2 2 2 2 2 2 2 2 2 2
left_child=12 -2 4 9 7 6 -6 8 -3 -4 11 -11 23 14 15 16 19 18 -16 -14 22 -22 -21 26 -25 -5 -1 -17 -20 -19
right_child=1 2 3 25 5 -7 -8 -9 -10 10 -12 -13 13 -15 17 27 -18 29 28 20 21 -23 -24 24 -26 -27 -28 -29 -30 -31
leaf_value=-0.00098851128113242796 -0.00065871965313689124 -0.07942712505475856 -0.017923941253127136 0.0081812032781352732 -0.24145844046386983 -0.054881749152667636 -0.002546145928942639 -0.15777249034307897 -0.017281960076739347 0.12218819674300521 0.12796970227733256 -0.082699823879928747 9.4292120877290444e-06 -0.0273761241020627 0.018740825737519697 -0.02315021697907077 0.026979037949847174 0.0051463641139657002 0.021066755149513484 0.0055865752551128856 -0.36011421575051983 0.0046294202311209552 -0.028352259368975202 0.071813883429133238 -0.058409529154198364 0.13209435576818099 -0.0075102596685978594 0.030608835083231419 -0.23979603600502017 -0.12468337130442422
leaf_weight=437068 9868 255 3175 158 62 238 23 50 1340 38 80 67 83095724 1438 4261 3736 1685 86 20 1816 41 76 1790 73 457 76 19232 286 25 93
leaf_count=437068 9868 255 3175 158 62 238 23 50 1340 38 80 67 83095724 1438 4261 3736 1685 86 20 1816 41 76 1790 73 457 76 19232 286 25 93
internal_value=0 -0.00791499 -0.0207889 -0.0100826 -0.0403411 -0.0869685 -0.176812 -0.0311856 -0.0272174 -0.0141573 0.0504856 -0.00854987 1.46061e-06 8.66304e-06 9.13687e-06 8.37774e-06 9.31358e-06 0.0140754 0.0172506 8.76671e-06 -0.0147779 -0.123187 -0.0112605 -0.00130888 -0.0404731 0.0484265 -0.00126339 -0.0193275 -0.123857 -0.0623071
internal_weight=0 15430 5562 3594 1968 323 85 1645 1595 3360 185 105 8.35679e+07 8.31111e+07 8.31096e+07 8.31052e+07 8.31011e+07 4485 4306 8.30994e+07 3723 117 3606 456830 530 234 456300 4022 45 179
internal_count=83583337 15430 5562 3594 1968 323 85 1645 1595 3360 185 105 83567907 83111077 83109639 83105154 83101132 4485 4306 83099447 3723 117 3606 456830 530 234 456300 4022 45 179
is_linear=0
shrinkage=0.1


Tree=34
num_leaves=31
num_cat=0
split_feature=8 7 21 2 1 5 3 8 14 4 4 5 1 14 4 0 2 4 15 16 4 16 1 2 1 4 1 15 18 11
split_gain=80.8186 90.4024 93.2074 103.869 158.22 113.769 113.829 107.449 106.446 90.4442 106.86 93.0811 86.2339 84.0056 153.961 83.686 86.1964 75.822 71.3186 127.864 190.201 100.318 114.925 119.997 90.9152 218.018 77.8787 79.0618 70.8428 105.795
threshold=0.0061659244820475587 0.0070024947635829457 0.85184225440025341 -0.00030663811784214997 7.10616399171401e-05 0.96036258339881908 0.03500000000000001 0.95814204216003429 0.63833099603652965 -0.090735998004674898 -0.064005501568317399 0.96036258339881908 0.0017835623797280004 1.0000000180025095e-35 2.8480045795440678 322.32025146484381 -0.0014010470032179499 3.7085624933242802 0.80688279867172252 0.00041547414730302995 1.9754605293273928 0.053710777312517173 6.117503684401621e-05 -1.0000000180025095e-35 0.0007643189899585001 2.0749150514602666 0.0017835623797280004 0.91477143764495861 1.0000000180025095e-35 0.070566296577453627
decision_type=2 2 2 2 2 2 2 2 2 2 2 2 2 2 2 2 2 2 2 2 2 2 2 2 2 2 2 2 2 2
left_child=18 2 3 4 8 7 17 -6 15 11 -11 -5 -4 -3 -15 -2 -17 -7 28 -20 -21 22 23 -22 -24 -26 -23 -28 -1 -30
right_child=1 13 12 9 5 6 -8 -9 -10 10 -12 -13 -14 14 -16 16 -18 -19 19 20 21 26 24 -25 25 -27 27 -29 29 -31
leaf_value=5.1914940567445172e-06 -0.032920381550037618 0.09707235762566005 -0.093923414518363821 -0.038074858724511433 -0.0090051627757789018 0.10175592377781868 0.18536109408142709 -0.12339007385951631 -0.28162350687038268 0.088953256384106782 -0.0024161641794140736 -0.24960801384665748 0.066464793430641295 -0.24663531754327861 0.047775992235312092 -0.020326592454171562 -0.1392899613207034 -0.090619574487209323 -0.0013573741613423489 -0.0080196604279257379 -0.28313093006727286 -0.0022618445320157494 0.033325195380564158 -0.083734332096128045 -0.3821493874490261 0.020571314270903425 -0.25418508752034258 0.00034012592033199647 -0.014852497198567136 -0.21390805906719634
leaf_weight=83464158 817 161 207 382 2426 40 59 85 20 129 16528 22 40 23 78 94 173 42 83647 10479 32 472 150 531 20 41 26 23 2405 27
leaf_count=83464158 817 161 207 382 2426 40 59 85 20 129 16528 22 40 23 78 94 173 42 83647 10479 32 472 150 531 20 41 26 23 2405 27
internal_value=0 -0.00615525 -0.00688138 -0.00615679 -0.0212115 -0.00796914 0.0794363 -0.0128772 -0.053022 -0.00284247 -0.00170855 -0.049594 -0.0679496 0.0522235 -0.0192682 -0.0488043 -0.0974077 0.00322213 1.57054e-06 -0.00273075 -0.0124877 -0.0486428 -0.0714779 -0.0950677 -0.00853452 -0.111468 -0.014719 -0.134714 4.69419e-06 -0.0170624
internal_weight=0 21326 21064 20817 3756 2652 141 2511 1104 17061 16657 404 247 262 101 1084 267 82 8.3562e+07 95421 11774 1295 774 563 211 61 521 49 8.34666e+07 2432
internal_count=83583337 21326 21064 20817 3756 2652 141 2511 1104 17061 16657 404 247 262 101 1084 267 82 83562011 95421 11774 1295 774 563 211 61 521 49 83466590 2432
is_linear=0
shrinkage=0.1


Tree=35
num_leaves=31
num_cat=0
split_feature=4 15 16 16 4 15 21 10 21 4 10 15 4 15 2 3 21 1 4 4 1 4 3 10 3 4 21 4 2 14
split_gain=76.4796 104.491 156.128 115.131 173.115 118.464 102.528 120.517 99.5268 108.112 160.916 255.802 537.711 216.475 97.0428 125.745 277.747 90.2942 86.7019 83.7935 111.815 112.477 104.995 89.6741 173.75 165.147 198.287 134.635 117.994 130.443
threshold=1.6833605170249941 0.78442931175231945 0.0064809718169271955 0.011581532191485168 1.9754605293273928 0.93554249405860912 0.87404608726501476 0.79146814346313488 0.93792167305946361 2.4501844644546513 1.0000000180025095e-35 0.89104062318801891 2.8480045795440678 0.85858348011970531 -0.13942908818419067 0.7350000000000001 0.99426701664924633 0.00066884062190375015 2.0749150514602666 2.4501844644546513 0.044340174418349858 1.8814939856529238 0.85500000000000009 0.058998290449380882 1.0000000180025095e-35 4.1249356269836435 0.99929577112197887 3.2962214946746831 -0.061319766327495938 0.14622486382722857
decision_type=2 2 2 2 2 2 2 2 2 2 2 2 2 2 2 2 2 2 2 2 2 2 2 2 2 2 2 2 2 2
left_child=-1 6 8 4 -4 18 -2 14 9 -3 11 12 13 -11 15 -8 -17 -5 -6 20 -16 -22 -23 24 25 26 27 -21 29 -25
right_child=1 2 3 17 5 -7 7 -9 -10 10 -12 -13 -14 -15 19 16 -18 -19 -20 23 21 22 -24 28 -26 -27 -28 -29 -30 -31
leaf_value=1.2670959706247602e-05 -0.00055359972684970108 -0.0032098759284336868 -0.022693043424758121 -0.016953224606234656 -0.30005191981219331 -0.048544944559206382 0.075558015046083393 -0.0021486121689125986 0.078484332914674049 -0.16705576765040558 -0.00064887951273665098 -0.026017749347505878 0.0016768691093460018 -0.45767242596908053 -0.0079086200543899681 0.026942204461469277 -0.37594663653184068 -0.099840359054701219 -0.094529722854495055 -0.041151040361987218 0.0052402587273182016 -0.055622279914942653 -0.34532902343519806 0.023342949435824441 -0.0047235649577885815 -0.033739981449113408 -0.32571117863632165 -0.17969551672265954 -0.013544609357883181 -0.29944754550533909
leaf_weight=82141898 1412712 15706 182 1624 65 53 197 5808 142 48 749 444 102 55 1532 77 22 143 30 135 39 22 29 21 274 214 52 146 785 31
leaf_count=82141898 1412712 15706 182 1624 65 53 197 5808 142 48 749 444 102 55 1532 77 22 143 30 135 39 22 29 21 274 214 52 146 785 31
internal_value=0 -0.0007221 -0.00802246 -0.0337871 -0.0880069 -0.168325 -0.000622803 -0.0110409 -0.00488966 -0.00558184 -0.03223 -0.0686772 -0.161071 -0.322239 -0.0254835 0.0293536 -0.0625886 -0.0236611 -0.23515 -0.0304322 -0.0142724 -0.122598 -0.220357 -0.0462411 -0.0697229 -0.102282 -0.14633 -0.113135 -0.0232081 -0.16909
internal_weight=0 1.44144e+06 19343 2097 330 148 1.4221e+06 9384 17246 17104 1398 649 205 103 3576 296 99 1767 95 3280 1622 90 51 1658 821 547 333 281 837 52
internal_count=83583337 1441439 19343 2097 330 148 1422096 9384 17246 17104 1398 649 205 103 3576 296 99 1767 95 3280 1622 90 51 1658 821 547 333 281 837 52
is_linear=0
shrinkage=0.1


Tree=36
num_leaves=31
num_cat=0
split_feature=4 5 9 20 0 5 20 17 2 14 21 0 7 14 21 10 10 1 2 2 20 2 9 15 0 15 4 4 6 0
split_gain=71.4555 97.0326 111.896 117.947 164.278 116.353 97.8153 89.1313 88.5078 88.0752 87.9959 139.337 279.528 213.087 130.211 111.393 88.5191 79.2863 78.2396 112.207 106.062 92.2271 74.7045 128.838 126.131 140.066 189.018 183.775 122.386 98.4422
threshold=4.1249356269836435 0.85133957862854015 0.055935685988515622 0.77717861533164989 176.37532043457034 0.69461777806282055 0.64190500974655162 0.067876499146223082 -0.13942908818419067 0.74519610404968273 1.0000000180025095e-35 237.61938476562503 0.10391378402709962 0.11385568231344224 0.36330369114875799 0.70635497570037853 0.99999997019767772 0.044340174418349858 -0.091544026879993592 -0.052627014122101495 0.94824603199958812 -0.061319766327495938 1.0000000180025095e-35 0.16094192117452624 213.79348754882815 0.54180029034614574 1.2175465226173403 -1.0000000180025095e-35 1.0000000180025095e-35 16.060050010681156
decision_type=2 2 2 2 2 2 2 2 2 2 2 2 2 2 2 2 2 2 2 2 2 2 2 2 2 2 2 2 2 2
left_child=22 2 3 6 8 18 7 10 -5 -3 -2 -12 13 16 -14 17 -13 -15 -6 21 -21 -20 28 -24 -25 27 -27 -26 -1 -30
right_child=1 9 -4 4 5 -7 -8 -9 -10 -11 11 12 14 15 -16 -17 -18 -19 19 20 -22 -23 23 24 25 26 -28 -29 29 -31
leaf_value=4.4228320776154343e-06 -0.0017629833900918526 -0.019812559154574173 0.057522363271682135 -0.091681875456124551 -0.13357307446065683 -0.1853017884442901 0.042817873690533928 0.0099780366093696338 0.023148268000193428 0.072526508023224343 -0.0022492413333160279 -0.013323408496416401 -0.2968899248472669 -0.05288810557049644 -0.06144710222213734 -0.26501802962559923 -0.14251852412190702 -0.20104934163236368 -0.015183229815392269 -0.011445632287461288 -0.14361581584542163 0.21668160074743731 -0.0040646420537320373 -0.019700685498100501 -0.016613792702555658 -0.030339310653982765 -0.33143409762693493 -0.33088003725421672 0.089134351284626656 -0.093644134965683107
leaf_weight=83458800 98878 4049 316 80 98 82 490 5930 417 106 5404 2961 55 183 41 39 54 45 42 157 99 29 3736 666 30 223 23 49 34 221
leaf_count=83458800 98878 4049 316 80 98 82 490 5930 417 106 5404 2961 55 183 41 39 54 45 42 157 99 29 3736 666 30 223 23 49 34 221
internal_value=0 -0.002443 -0.00190242 -0.00206559 -0.0361907 -0.0762402 -0.00176526 -0.00195758 0.00466454 -0.0174569 -0.00261501 -0.0122081 -0.0281398 -0.02322 -0.196336 -0.108844 -0.0156374 -0.0821305 -0.0551977 -0.031709 -0.0625583 0.0795221 3.49916e-06 -0.0125675 -0.0446224 -0.0956929 -0.0584904 -0.211538 4.21116e-06 -0.0692737
internal_weight=0 119555 115400 115084 1004 507 114080 113590 497 4155 107660 8782 3378 3282 96 267 3015 228 425 327 256 71 8.34638e+07 4727 991 325 246 79 8.34591e+07 255
internal_count=83583337 119555 115400 115084 1004 507 114080 113590 497 4155 107660 8782 3378 3282 96 267 3015 228 425 327 256 71 83463782 4727 991 325 246 79 83459055 255
is_linear=0
shrinkage=0.1


Tree=37
num_leaves=31
num_cat=0
split_feature=0 2 19 0 1 21 18 14 11 1 4 2 1 0 0 4 2 4 10 15 13 3 21 0 4 2 4 5 16 14
split_gain=68.4702 66.9446 80.3602 86.5605 72.1767 72.1607 72.5042 105.638 101.51 81.6808 114.755 177.582 106.965 90.0608 87.7841 135.726 163.697 71.4254 449.465 179.362 134.138 123.72 112.878 249.03 81.9565 70.2886 64.5986 64.3663 61.8274 131.014
threshold=7.0444748401641855 -0.0012102733185497996 0.89998707175254833 170.00740814208987 0.01378040526756105 0.14758133888244632 1.0000000180025095e-35 0.39498437941074377 0.070566296577453627 5.7752248042506218e-06 3.7085624933242802 -1.0000000180025095e-35 9.0905701156332482e-05 254.96435546875003 116.9557342529297 2.4501844644546513 0.00032320762652110008 2.4501844644546513 1.0000000180025095e-35 0.95520761609077465 1.0000000180025095e-35 0.075000000000000025 0.99929577112197887 230.50006103515628 3.7085624933242802 -0.014438655095523398 4.1249356269836435 0.25769706070423132 1.0000000180025095e-35 0.0065720328129827985
decision_type=2 2 2 2 2 2 2 2 2 2 2 2 2 2 2 2 2 2 2 2 2 2 2 2 2 2 2 2 2 2
left_child=-1 2 -2 25 5 6 -3 8 9 -8 12 -12 14 -13 -11 -16 -17 27 19 20 21 22 28 24 -24 -4 -5 -7 -19 -30
right_child=1 4 3 26 -6 17 7 -9 -10 10 11 13 -14 -15 15 16 -18 18 -20 -21 -22 -23 23 -25 -26 -27 -28 -29 29 -31
leaf_value=-0.00082971718580542367 -0.00098507975775395727 2.1517388039340292e-05 0.010805878544738162 -0.22583202843864761 -0.022976978029245546 -0.0017287156508949007 0.0039412520506683837 -0.15150483312759677 -0.21496968215703963 -0.0016165102285195247 -0.39999672532081609 0.039735177763533303 0.016473848944879139 -0.15607276038690049 -0.030254471786320208 -0.07928701239345852 -0.35346899487470329 -0.046554004337973021 -0.0015489586698487132 0.1425131860466555 0.16252277674419541 0.0055152130427045956 -0.21787089135335838 -0.45247986938532753 0.023787822263936203 -0.15078716110438109 -0.067333883109192055 0.10749459821316931 -0.11720623782070148 -0.02814950812001395
leaf_weight=982889 629558 81889295 262 30 1365 64021 1239 58 25 142 20 41 360 55 110 51 38 1082 11293 47 28 270 23 24 36 30 180 54 450 261
leaf_count=982889 629558 81889295 262 30 1365 64021 1239 58 25 142 20 41 360 55 110 51 38 1082 11293 47 28 270 23 24 36 30 180 54 450 261
internal_value=0 9.87274e-06 -0.00101697 -0.041011 1.77655e-05 1.81484e-05 2.10365e-05 -0.0183897 -0.0146796 -0.0122442 -0.0367897 -0.128921 -0.0215441 -0.0724465 -0.0616803 -0.10454 -0.196353 -0.00303006 -0.00963667 -0.0507598 -0.0549382 -0.0577756 -0.0668846 -0.180894 -0.0704181 -0.00579615 -0.0899765 -0.00163667 -0.0616069 -0.0845145
internal_weight=0 8.26004e+07 630060 502 8.19704e+07 8.1969e+07 8.18914e+07 2139 2081 2056 817 116 701 96 341 199 89 77589 13514 2221 2174 2146 1876 83 59 292 210 64075 1793 711
internal_count=83583337 82600448 630060 502 81970388 81969023 81891434 2139 2081 2056 817 116 701 96 341 199 89 77589 13514 2221 2174 2146 1876 83 59 292 210 64075 1793 711
is_linear=0
shrinkage=0.1


Tree=38
num_leaves=31
num_cat=0
split_feature=8 7 21 2 1 21 5 14 8 3 4 4 8 13 0 0 2 5 2 4 5 2 16 0 15 19 4 4 19 4
split_gain=61.8276 72.9666 72.4251 71.2235 131.865 106.804 96.9772 87.0022 84.5238 80.5568 73.4351 86.4463 79.4178 69.0265 75.7682 67.1848 69.8675 70.2038 68.4536 61.06 60.3205 84.476 127.052 58.3296 58.6521 123.534 147.218 611.829 151.823 97.1619
threshold=0.0061659244820475587 0.0070024947635829457 0.51153537631034862 -0.00030663811784214997 7.10616399171401e-05 0.85184225440025341 0.96036258339881908 0.63833099603652965 0.95814204216003429 0.03500000000000001 -0.090735998004674898 -0.064005501568317399 0.98494875431060802 0.94810965657234203 278.32414245605474 322.32025146484381 -0.0014010470032179499 0.92165392637252819 -0.0011277435656712998 3.7085624933242802 0.69461777806282055 -1.0000000180025095e-35 0.012111967429518701 5.3941833972930917 0.0023978137178346519 1.0000000180025095e-35 2.8480045795440678 3.7085624933242802 0.16884646564722064 0.7140755057334901
decision_type=2 2 2 2 2 2 2 2 2 2 2 2 2 2 2 2 2 2 2 2 2 2 2 2 2 2 2 2 2 2
left_child=13 3 20 4 7 10 8 15 -6 19 12 -12 -5 23 -15 18 -17 -18 -2 -8 -3 -22 -23 -1 -25 -26 29 -28 -29 -27
right_child=1 2 -4 5 6 -7 9 -9 -10 -11 11 -13 -14 14 -16 16 17 -19 -20 -21 21 22 -24 24 25 26 27 28 -30 -31
leaf_value=-0.00094196355610553281 -0.0530988031391878 0.062914839501212724 0.20217625438753101 -0.033997875660857803 -0.0077486102572563572 -0.082636018857980775 0.091730851344764233 -0.25407990016043186 -0.10858751311031885 0.14880690233598293 0.080054069662740993 -0.0021260344873636531 -0.22938983928073539 -0.0094475777584661566 -0.14545679495341199 -0.017805056016337365 -0.14858716916734058 0.046474541528593927 0.0056940334756912106 -0.080904828295821241 0.12767007142305373 0.068368401175195534 -0.24801979581514996 1.5410377617024563e-05 -0.0010234364739389384 -0.073348143986045514 -0.57487695354681756 0.13788926614182337 -0.12262100062723602 0.018441423169190712
leaf_weight=650192 493 163 27 382 2485 168 40 20 86 71 129 16528 22 103 68 94 152 21 331 42 20 22 30 82418436 492619 203 26 35 62 267
leaf_count=650192 493 163 27 382 2485 168 40 20 86 71 129 16528 22 103 68 94 152 21 331 42 20 22 30 82418436 492619 203 26 35 62 267
internal_value=0 -0.0053837 0.0470641 -0.00603606 -0.0183611 -0.00329263 -0.00651883 -0.0473965 -0.0111217 0.0708269 -0.00251134 -0.00148959 -0.044638 1.37532e-06 -0.0635331 -0.0436076 -0.0872021 -0.124909 -0.0294818 0.0033077 0.0292427 -0.0469873 -0.114163 1.50534e-06 8.90401e-06 -0.00107835 -0.0466931 -0.144091 -0.0286225 -0.0212039
internal_weight=0 21326 262 21064 3835 17229 2724 1111 2571 153 17061 16657 404 8.3562e+07 171 1091 267 173 824 82 235 72 52 8.35618e+07 8.29116e+07 493212 593 123 97 470
internal_count=83583337 21326 262 21064 3835 17229 2724 1111 2571 153 17061 16657 404 83562011 171 1091 267 173 824 82 235 72 52 83561840 82911648 493212 593 123 97 470
is_linear=0
shrinkage=0.1


Tree=39
num_leaves=31
num_cat=0
split_feature=4 13 1 4 21 16 0 15 8 4 11 17 5 15 21 7 16 15 0 1 21 21 10 4 4 19 4 15 15 4
split_gain=59.0545 120.45 84.0092 134.135 81.6641 81.3971 102.403 98.7034 60.9612 324.261 114.158 113.333 154.538 60.1192 76.4284 74.4431 134.16 126.898 133.191 73.3194 85.0841 73.0787 74.2527 350.361 310.359 192.233 390.226 207.871 215.676 215.073
threshold=0.63686800003051769 0.09628536552190782 0.01378040526756105 -0.33074799180030817 0.076353568583726897 0.20340567827224734 167.95860290527347 0.50983101129531871 0.88807323575019848 0.49726849794387823 0.91372239589691173 0.0062337550334632405 0.44732086360454565 0.013256690464913847 0.86469298601150524 0.081993490457534804 0.39186540246009832 0.061965182423591621 395.35975646972662 0.11901402357372727 0.99929577112197887 0.97972792387008678 1.0000000180025095e-35 2.4501844644546513 3.7085624933242802 1.0000000180025095e-35 3.2962214946746831 0.75583100318908703 0.93554249405860912 2.8480045795440678
decision_type=2 2 2 2 2 2 2 2 2 2 2 2 2 2 2 2 2 2 2 2 2 2 2 2 2 2 2 2 2 2
left_child=1 2 8 -4 -5 6 -3 -7 -1 10 11 -10 -13 14 -2 21 17 18 -17 -16 -21 22 23 -15 25 27 -27 -25 29 -29
right_child=13 5 3 4 -6 7 -8 -9 9 -11 -12 12 -14 15 19 16 -18 -19 -20 20 -22 -23 -24 24 -26 26 -28 28 -30 -31
leaf_value=2.3119497172766274e-05 -0.0002242216586789888 -0.01456921996503048 -0.17578491066341048 -0.02364537314294226 0.038130221898251472 -0.0014894474448787201 -0.08856180245545564 0.23519781887531283 -0.10647007760595346 0.28483196085979862 0.11454452138121536 -0.066665297196931747 0.083602583027609145 -0.0018876366025140289 -0.0056421406688111396 -0.031959632571670227 -0.30181420117616659 0.017753938480154059 -0.26457257527858019 -0.032550487505538121 -0.18811150545423683 0.056333484764898592 0.0036782348539411858 -0.030691394672507134 0.0049172773306228289 0.0036160933494102212 -0.53132837009429934 -0.22261982912677925 -0.040308842222297817 -0.064261344525542483
leaf_weight=78260677 5057753 387 54 1740 244 148 362 20 263 31 41 208 102 213869 20964 64 20 177 40 175 44 216 21997 1613 1380 30 25 192 346 155
leaf_count=78260677 5057753 387 54 1740 244 148 362 20 263 31 41 208 102 213869 20964 64 20 177 40 175 44 216 21997 1613 1380 30 25 192 346 155
internal_value=0 2.19128e-05 2.23374e-05 -0.0202805 -0.016048 -0.0362204 -0.0503307 0.0266876 2.28661e-05 -0.0307201 -0.0466518 -0.0581859 -0.0172223 -0.000322427 -0.000249326 -0.0018686 -0.0515686 -0.0337576 -0.121426 -0.00624345 -0.0638048 -0.00180622 -0.00185863 -0.00241832 -0.0327571 -0.0547778 -0.23954 -0.050371 -0.0961766 -0.151883
internal_weight=0 7.82643e+07 7.82634e+07 2038 1984 917 749 168 7.82613e+07 645 614 573 310 5.31906e+06 5.07894e+06 240124 301 281 104 21183 219 239823 239607 217610 3741 2361 55 2306 693 347
internal_count=83583337 78264277 78263360 2038 1984 917 749 168 78261322 645 614 573 310 5319060 5078936 240124 301 281 104 21183 219 239823 239607 217610 3741 2361 55 2306 693 347
is_linear=0
shrinkage=0.1


Tree=40
num_leaves=31
num_cat=0
split_feature=4 19 9 1 3 1 10 16 10 5 0 2 3 3 19 16 0 0 5 2 1 10 1 1 20 16 2 20 16 0
split_gain=50.2795 73.9239 94.8551 98.6995 145.285 190.075 342.636 130.627 139.513 112.905 223.897 111.84 262.231 271.68 108.036 106.055 104.55 103.93 93.3019 100.322 131.846 105.202 89.8155 92.3027 85.362 107.361 80.0452 77.8191 96.1224 83.7909
threshold=4.1249356269836435 0.89998707175254833 0.055935685988515622 0.11901402357372727 0.6150000000000001 0.044340174418349858 0.93275883793830883 0.0020540931727737193 0.98515549302101146 0.096841994673013701 207.13736724853518 -0.13942908818419067 0.99500000000000011 0.94000000000000006 0.0062342362944036731 0.21186246722936633 220.6906661987305 60.586614608764656 0.85133957862854015 -0.025308060511892699 9.7133380954253108e-05 0.95461276173591625 0.00012294503676795002 0.00020013538153690002 0.11148120462894441 0.0021961934398859744 -0.0022552065073482498 0.94824603199958812 0.16842299699783328 445.64662170410162
decision_type=2 2 2 2 2 2 2 2 2 2 2 2 2 2 2 2 2 2 2 2 2 2 2 2 2 2 2 2 2 2
left_child=-1 2 3 4 5 18 -7 8 -5 10 -9 12 13 14 -6 -11 -14 -15 27 -20 26 22 -22 -24 25 -19 -21 -2 29 -29
right_child=1 -3 -4 7 11 6 -8 9 -10 15 -12 -13 16 17 -16 -17 -18 24 19 20 21 -23 23 -25 -26 -27 -28 28 -30 -31
leaf_value=2.9347556465314112e-06 -0.0014184129720289445 -0.029967112187061096 0.053776558713905298 0.002554223870618664 0.061771946284109293 -0.049762130141940739 -0.43723086082935336 -0.029088636487722398 -0.26474270522594451 -0.039925594437131923 -0.2012264415689245 0.0087499856682442499 0.010218483656644822 0.0055517782353692591 -0.05785351064386627 0.16385507647847308 -0.16235300729220564 0.23475769038418492 0.11731646037143138 0.064686127846587949 -0.20414042817833633 0.11624637618660927 0.0082115304656326781 -0.082836350044762752 -0.010240055597387256 0.094892737125775908 -0.014479965745800372 -0.0011705201119184495 -0.27869907520711423 -0.20964829574028651
leaf_weight=83463782 109846 941 306 825 193 262 25 167 20 214 138 2302 75 45 124 29 66 162 54 134 46 32 151 424 24 83 2725 98 20 24
leaf_count=83463782 109846 941 306 825 193 262 25 167 20 214 138 2302 75 45 124 29 66 162 54 134 46 32 151 424 24 83 2725 98 20 24
internal_value=0 -0.00204928 -0.0018278 -0.00197162 -0.00165634 -0.00223561 -0.0835138 -0.0284328 -0.00377233 -0.0664586 -0.106974 0.0197959 0.0527334 0.0802838 0.0149784 -0.0156061 -0.0705597 0.146213 -0.00203018 -0.0179496 -0.0200294 -0.0605716 -0.069683 -0.0589264 0.169744 0.187375 -0.0107695 -0.00151405 -0.0754947 -0.0421825
internal_weight=0 119555 118614 118308 116915 113841 287 1393 845 548 305 3074 772 631 317 243 141 314 113554 3566 3512 653 621 575 269 245 2859 109988 142 122
internal_count=83583337 119555 118614 118308 116915 113841 287 1393 845 548 305 3074 772 631 317 243 141 314 113554 3566 3512 653 621 575 269 245 2859 109988 142 122
is_linear=0
shrinkage=0.1


Tree=41
num_leaves=31
num_cat=0
split_feature=0 1 18 7 3 2 16 0 3 2 2 1 17 21 21 9 15 10 6 4 4 4 9 16 15 16 0 15 0 14
split_gain=49.8663 49.5615 83.1363 53.352 111.408 98.9473 85.7701 83.2673 136.528 65.6493 82.7966 62.011 57.4171 56.1365 52.0708 56.373 124.4 162.013 108.407 105.448 186.987 286.433 201.606 153.323 127.459 113.046 92.72 89.8399 83.2559 81.3337
threshold=3.6336807012557988 0.00011982301456490002 0.98144572973251354 0.46403479576110845 0.58500000000000008 -0.036123473714955744 0.095053184777498259 189.15502929687503 0.065000000000000016 -0.0041631955153321994 -0.0068953705866368993 0.00092714990842065017 0.72136837244033825 0.47623266279697424 0.14758133888244632 1.0000000180025095e-35 0.16094192117452624 0.0031493547139689331 1.0000000180025095e-35 -0.0051885000430047503 0.15801399946212771 0.19257549941539767 0.21766174584627154 0.042381742969155319 0.30227240920066839 0.0045119619462639102 170.00740814208987 0.78442931175231945 289.20628356933599 0.17809140682220462
decision_type=2 2 2 2 2 2 2 2 2 2 2 2 2 2 2 2 2 2 2 2 2 2 2 2 2 2 2 2 2 2
left_child=-1 14 3 -3 5 11 7 -7 12 10 -10 -5 -9 -13 15 18 -17 19 -2 23 22 26 -21 -18 -23 -24 -22 -27 -20 -25
right_child=1 2 -4 4 -6 6 -8 8 9 -11 -12 13 -14 -15 -16 16 17 -19 28 20 21 24 25 29 -26 27 -28 -29 -30 -31
leaf_value=-0.0012006398154499704 1.5447266382688788e-05 -0.00076426237569025227 -0.13524567933408949 0.12149712554570558 0.069983490517732644 -0.025510780141906209 0.029229467743707285 -0.056890887060631917 -0.15171855002020795 -0.063782185768442495 -0.36536381313434019 -0.074007932321789358 0.091977704778827482 0.11078840863704682 -0.0026163566759062917 -0.0025567490872511387 -0.020981196628417822 -0.25792332852587985 -0.04664946755510755 -0.40581440240144728 0.40487349547445772 -0.24724184846878053 -0.047679230268673392 0.074915846586227422 -0.0076147684375896599 -0.09386464791262851 0.1104706090429555 -0.27724921322343027 -0.2390530316233635 0.33525812062434857
leaf_weight=344499 82425839 731328 46 69 131 826 186 243 60 42 26 48 29 25 75292 3462 164 34 224 20 20 25 291 30 198 68 23 44 25 20
leaf_count=344499 82425839 731328 46 69 131 826 186 243 60 42 26 48 29 25 75292 3462 164 34 224 20 20 25 291 30 198 68 23 44 25 20
internal_value=0 4.96946e-06 -0.000813649 -0.000805213 -0.0185788 -0.0260445 -0.0340466 -0.0436464 -0.0810964 -0.166261 -0.216309 0.0535256 -0.0410189 -0.0107215 1.22428e-05 1.46438e-05 -0.0113054 -0.0436295 1.52479e-05 -0.0355609 -0.0546055 0.0110884 -0.0959166 0.0257557 -0.0344788 -0.080537 0.247402 -0.165909 -0.0659671 0.179053
internal_weight=0 8.32388e+07 733059 733013 1685 1554 1412 1226 400 128 86 142 272 73 8.25058e+07 8.24305e+07 4399 937 8.24261e+07 903 689 266 423 214 223 403 43 112 249 50
internal_count=83583337 83238838 733059 733013 1685 1554 1412 1226 400 128 86 142 272 73 82505779 82430487 4399 937 82426088 903 689 266 423 214 223 403 43 112 249 50
is_linear=0
shrinkage=0.1


Tree=42
num_leaves=31
num_cat=0
split_feature=4 13 3 2 4 2 2 2 2 16 16 0 15 8 4 11 17 5 2 2 4 4 15 8 10 4 4 21 16 15
split_gain=44.3452 93.451 79.7283 117.974 138.805 127.459 106.999 85.6457 85.2874 101.081 64.1039 86.0731 64.3197 49.3274 262.696 92.4944 91.8085 125.214 48.6059 73.1307 50.1246 116.513 48.2499 69.69 63.7518 263.198 149.221 183.985 164.844 157.837
threshold=0.65206348896026622 0.09628536552190782 0.91500000000000015 -0.0083746553813666986 0.62364649772644054 -0.028498409452099398 0.00019816749234280004 0.00043854162488830004 -0.025308060511892699 0.0023691805545240645 0.20340567827224734 104.77016448974611 0.50983101129531871 0.88807323575019848 0.49726849794387823 0.91372239589691173 0.0062337550334632405 0.44732086360454565 -0.00063641422617689988 -0.0021523990670545994 0.25072899460792547 0.2207015007734299 0.013256690464913847 0.88807323575019848 1.0000000180025095e-35 2.4501844644546513 3.7085624933242802 0.93792167305946361 0.21624092757701877 0.20973494648933413
decision_type=2 2 2 2 2 2 2 2 2 2 2 2 2 2 2 2 2 2 2 2 2 2 2 2 2 2 2 2 2 2
left_child=1 2 13 5 6 -4 18 -8 -7 -10 11 -3 -12 -1 15 16 -15 -18 19 -5 21 -20 -2 24 25 -24 27 29 -28 -27
right_child=22 10 3 4 -6 8 7 -9 9 -11 12 -13 -14 14 -16 -17 17 -19 20 -21 -22 -23 23 -25 -26 26 28 -29 -30 -31
leaf_value=1.9631105292980873e-05 -0.00021663427483816855 0.00072419340825743148 -0.044490142523853193 0.058300711151133194 -0.2356575376391411 -0.37579067349433903 -0.26331593808920489 -0.029401540664993987 -0.29261643938720228 0.021507944308576131 0.0010611969420049143 -0.069852607503028893 0.19182655166834595 -0.095814610039638259 0.25638606381272117 0.10312246114197302 -0.05999338913825341 0.075268485229097168 0.036054223756433183 -0.11629698580625106 -0.018508986057057766 0.22441113009442423 -0.0016940796099306913 -0.10290233207702199 0.0034795688815575012 -0.016488596708285484 0.0018973006129674329 0.10969632342519042 -0.17271187047341041 -0.069746007980132252
leaf_weight=78391526 4954210 270 134 47 25 22 23 49 20 21 152 480 20 263 31 41 208 102 139 49 71 43 209360 68 21946 928 1567 76 56 1390
leaf_count=78391526 4954210 270 134 47 25 22 23 49 20 21 152 480 20 263 31 41 208 102 139 49 71 43 209360 68 21946 928 1567 76 56 1390
internal_value=0 1.87403e-05 1.91147e-05 -0.0351936 -0.00672583 -0.0996433 0.00686869 -0.104124 -0.216953 -0.131723 -0.0318177 -0.044445 0.0232432 1.94036e-05 -0.0276349 -0.0419747 -0.0523569 -0.0154879 0.0297669 -0.0308169 0.0527552 0.0805561 -0.000283099 -0.00168196 -0.00165271 -0.00218057 -0.0275355 -0.0434049 -0.00412742 -0.0484247
internal_weight=0 7.83937e+07 7.83928e+07 643 446 197 421 72 63 41 922 750 172 7.83922e+07 645 614 573 310 349 96 253 182 5.1896e+06 235391 235323 213377 4017 2394 1623 2318
internal_count=83583337 78393736 78392814 643 446 197 421 72 63 41 922 750 172 78392171 645 614 573 310 349 96 253 182 5189601 235391 235323 213377 4017 2394 1623 2318
is_linear=0
shrinkage=0.1


Tree=43
num_leaves=31
num_cat=0
split_feature=0 8 7 21 2 1 5 21 14 8 3 4 4 5 0 5 5 4 1 5 2 16 1 2 0 5 4 5 7 17
split_gain=41.3418 46.1084 53.987 71.6842 56.4492 117.366 82.3263 82.0765 69.3693 62.0406 59.2618 55.7441 63.9465 53.3444 52.0497 60.4889 73.2294 108.228 58.7846 49.7549 64.7823 98.7007 49.088 50.567 77.5686 117.879 47.7826 47.0399 46.0111 106.051
threshold=8.5479960441589373 0.0061659244820475587 0.031078938394784931 0.51153537631034862 -0.00030663811784214997 7.10616399171401e-05 0.96036258339881908 0.85184225440025341 0.63833099603652965 0.95814204216003429 0.03500000000000001 -0.090735998004674898 -0.064005501568317399 0.96036258339881908 398.92150878906256 0.92165392637252819 0.049016393721103675 3.7085624933242802 2.7296083223824887e-05 0.69461777806282055 -1.0000000180025095e-35 0.012111967429518701 9.3646951760769119e-05 -0.0013167810384276497 249.72256469726565 0.096841994673013701 3.7085624933242802 0.4201799631118775 0.39926876127719885 0.38154087960720068
decision_type=2 2 2 2 2 2 2 2 2 2 2 2 2 2 2 2 2 2 2 2 2 2 2 2 2 2 2 2 2 2
left_child=-1 28 4 19 5 8 9 11 14 22 26 13 27 -6 18 16 -16 -18 -3 -4 -21 -22 -7 -24 -25 -26 -8 -13 -2 -30
right_child=1 2 3 -5 7 6 10 -9 -10 -11 -12 12 -14 -15 15 -17 17 -19 -20 20 21 -23 23 24 25 -27 -28 -29 29 -31
leaf_value=-0.00055644987182868605 1.0838435181995037e-05 -0.14310853252695366 0.05579689459556926 0.2095583924132845 -0.030171877760514221 0.041504515103078662 0.084417949693325237 -0.072951052857167797 -0.22845640882849694 -0.09278303561569734 0.13332048915851286 -0.0082039378735483913 -0.0017314381479152923 -0.19036690735004166 0.013293975329882392 0.063018041525198062 -0.27535779975181401 -0.079480701837143522 -0.024544377767580065 0.10844975233078002 0.057555379989472299 -0.22130691250165305 -0.0035704980926866735 -0.0030104236078581643 -0.020036698616498594 -0.18183728439966218 -0.073145755360785283 0.11621461895760149 -0.015594704201837804 0.008018083310854322
leaf_weight=1314181 82239815 44 158 23 377 197 39 165 20 86 71 49 16206 22 37 23 43 82 843 20 22 30 1868 224 103 80 38 80 5477 2914
leaf_count=1314181 82239815 44 158 23 377 197 39 165 20 86 71 49 16206 22 37 23 43 82 843 20 22 30 1868 224 103 80 38 80 5477 2914
internal_value=0 8.88812e-06 -0.00468187 0.0412322 -0.00524312 -0.0162592 -0.0050921 -0.00276728 -0.0439316 -0.00928762 0.0674224 -0.00207526 -0.00117322 -0.0390047 -0.040489 -0.0887379 -0.110283 -0.146862 -0.0304258 0.0243996 -0.0444999 -0.103327 -0.00638285 -0.0105296 -0.0424695 -0.0907692 0.00665924 0.0689549 1.00829e-05 -0.00739453
internal_weight=0 8.22692e+07 20950 253 20697 3798 2706 16899 1092 2558 148 16734 16335 399 1072 185 162 125 887 230 72 52 2472 2275 407 183 77 129 8.22482e+07 8391
internal_count=83583337 82269156 20950 253 20697 3798 2706 16899 1092 2558 148 16734 16335 399 1072 185 162 125 887 230 72 52 2472 2275 407 183 77 129 82248206 8391
is_linear=0
shrinkage=0.1


Tree=44
num_leaves=31
num_cat=0
split_feature=18 11 4 21 10 10 2 0 16 4 18 6 2 1 3 14 2 16 20 20 1 4 4 19 21 16 16 10 2 4
split_gain=39.376 69.9268 70.8788 58.7525 57.0939 213.348 71.7875 110.008 72.6069 72.9543 48.0458 39.8309 38.3824 63.4692 54.6998 78.7482 52.6467 64.3465 63.0379 83.9782 86.5499 104.743 117.828 248.472 118.943 103.717 81.4254 101.781 79.3838 100.381
threshold=1.0000000180025095e-35 0.070566296577453627 2.8480045795440678 0.42679138481616979 0.31503424048423773 0.075345646589994444 0.00032320762652110008 245.00501251220706 0.0076623056083917626 3.7085624933242802 0.42527222633361822 1.0000000180025095e-35 -0.0044677137796760484 0.01378040526756105 0.99500000000000011 0.085359957069158568 -0.028498409452099398 0.64370411634445202 0.77717861533164989 0.11148120462894441 0.11901402357372727 0.02606499940156937 3.2962214946746831 0.16884646564722064 0.99929577112197887 0.001559804368298501 0.010321878828108312 0.36536139249801641 -0.13942908818419067 4.1249356269836435
decision_type=2 2 2 2 2 2 2 2 2 2 2 2 2 2 2 2 2 2 2 2 2 2 2 2 2 2 2 2 2 2
left_child=12 2 3 11 5 6 8 -8 -4 10 -10 -2 16 14 -14 -16 18 -18 19 20 -1 -22 23 -23 25 -24 -27 -28 -20 -30
right_child=1 -3 4 -5 -6 -7 7 -9 9 -11 -12 -13 13 -15 15 -17 17 -19 28 -21 21 22 24 -25 -26 26 27 -29 29 -31
leaf_value=0.0021253902595056457 0.00075453361694997781 -0.1725944661638803 -0.04108024604479097 0.13990629986549416 0.014982468777580525 -0.35447475476698442 -0.00078710427507758154 -0.18192091543276454 -0.10276140307004636 0.22322518881410361 0.056745043428668734 -0.1195623213957463 4.477613261134158e-06 -0.020303352518892794 0.015608195810175569 0.15483719601395057 -0.0018129302116877946 -0.031097309601915708 -0.072060561730109982 0.032293588513926129 -0.22710396342445166 0.0013662122805149894 -0.011319836760216971 0.25551433868524509 -0.24280261419437552 -0.20633728973833576 -0.027583398486343703 -0.16276358750959238 0.19186933133006098 -0.014137760956521341
leaf_weight=53907 1588 27 379 30 182 22 60 76 26 20 69 28 83309240 1539 164 54 211641 753 260 893 24 623 840 41 27 42 246 72 25 439
leaf_count=53907 1588 27 379 30 182 22 60 76 26 20 69 28 83309240 1539 164 54 211641 753 260 893 24 623 840 41 27 42 246 72 25 439
internal_value=0 -0.0125323 -0.0107897 0.00124401 -0.0345397 -0.0483634 -0.0376738 -0.102009 -0.0199621 0.0496358 0.0130906 -0.00133016 3.76903e-07 4.23354e-06 4.60869e-06 0.0500961 -0.00119036 -0.00191675 0.00149564 0.00186993 0.00138324 -0.0195082 -0.0168735 0.0170591 -0.0352363 -0.0305661 -0.0754741 -0.0581902 -0.0278253 -0.00303824
internal_weight=0 2507 2480 1646 834 652 630 136 494 115 95 1616 8.35808e+07 8.3311e+07 8.33095e+07 218 269833 212394 57439 56715 55822 1915 1891 664 1227 1200 360 318 724 464
internal_count=83583337 2507 2480 1646 834 652 630 136 494 115 95 1616 83580830 83310997 83309458 218 269833 212394 57439 56715 55822 1915 1891 664 1227 1200 360 318 724 464
is_linear=0
shrinkage=0.1


Tree=45
num_leaves=31
num_cat=0
split_feature=0 15 16 4 14 15 16 16 1 4 16 0 1 4 4 15 4 4 0 15 0 21 1 1 1 3 16 9 10 19
split_gain=36.4179 37.0272 88.9353 116.731 78.7833 54.5125 57.1532 288.642 69.793 56.9205 66.8715 51.9489 48.4172 46.8518 44.2438 134.168 116.296 315.131 244.86 156.19 97.1726 71.4224 62.4896 62.2656 53.995 42.1914 39.7176 80.8155 39.4203 38.8989
threshold=3.6336807012557988 0.80688279867172252 0.00041547414730302995 1.8814939856529238 0.042036782950162895 0.94216626882553112 0.012111967429518701 0.0079076364636421221 0.0007643189899585001 2.4501844644546513 0.026424099691212181 455.21339416503912 1.8125423324538831e-06 1.9754605293273928 2.2045080661773686 0.88401195406913768 2.8480045795440678 2.4501844644546513 204.73631286621097 0.85858348011970531 138.6287536621094 0.93792167305946361 5.3780389205397376e-06 0.022602373240295955 0.00014579154049765001 0.20500000000000004 0.0083564417436718958 0.58468642830848705 0.78855189681053173 0.89998707175254833
decision_type=2 2 2 2 2 2 2 2 2 2 2 2 2 2 2 2 2 2 2 2 2 2 2 2 2 2 2 2 2 2
left_child=-1 29 14 26 5 6 7 -5 9 25 -11 -10 13 -9 23 16 17 20 -19 -20 22 -17 -16 -3 -21 -8 27 -4 -6 -2
right_child=1 2 3 4 28 -7 8 12 11 10 -12 -13 -14 -15 15 21 -18 18 19 24 -22 -23 -24 -25 -26 -27 -28 -29 -30 -31
leaf_value=-0.001026045864338113 6.7643125649562782e-06 -0.00049702473459199302 -0.01648210221117296 -0.017597809884645935 0.00069152232791696276 -0.0080229639717744605 -0.013513481046874443 -0.14682228616797008 -0.036458195837666144 0.0019013773146513348 -0.17197163063694132 -0.2050185055994406 -0.12059945442164555 -0.31071221248580599 -0.22535781103529429 -0.0045203883566996101 0.0039192650525608575 -0.0053804313636977574 -0.15698583864917359 -0.56882539973372503 -0.005752402052178196 0.086240990251138974 -0.03569326158612967 0.084147415960999741 -0.34704174389657766 -0.14849494360387325 -0.0029163695749903286 -0.20110736042261124 0.12323641595638557 -0.017871541942254737
leaf_weight=344499 83142470 80702 1955 218 70 396 659 26 33 37 55 41 39 53 38 1836 239 33 30 21 257 91 32 87 23 24 8090 24 42 1217
leaf_count=344499 83142470 80702 1955 218 70 396 659 26 33 37 55 41 39 53 38 1836 239 33 30 21 257 91 32 87 23 24 8090 24 42 1217
internal_value=0 4.24636e-06 -0.00196729 -0.0101077 -0.0344027 -0.0401443 -0.0508785 -0.0857882 -0.0370627 -0.028203 -0.102044 -0.12985 -0.211767 -0.256774 -0.000819094 -0.013659 -0.0520979 -0.082946 -0.23191 -0.332931 -0.0342023 -0.000234304 -0.138654 -0.000405873 -0.452893 -0.0182566 -0.0060227 -0.0187211 0.0466459 6.50262e-06
internal_weight=0 8.32388e+07 95151 11762 1693 1581 1185 336 849 775 92 74 118 79 83389 2600 673 434 107 74 327 1927 70 80789 44 683 10069 1979 112 8.31437e+07
internal_count=83583337 83238838 95151 11762 1693 1581 1185 336 849 775 92 74 118 79 83389 2600 673 434 107 74 327 1927 70 80789 44 683 10069 1979 112 83143687
is_linear=0
shrinkage=0.1


Tree=46
num_leaves=31
num_cat=0
split_feature=0 5 19 3 16 9 14 14 16 7 2 3 2 3 16 14 2 8 0 0 5 4 4 2 5 1 21 16 20 10
split_gain=34.2933 106.465 107.621 206.128 327.925 113.024 106.767 208.142 198.113 286.35 133.72 208.343 142.204 184.166 133.472 175.381 127.706 151.059 123.448 122.158 105.861 120.621 109.077 105.644 102.045 101.503 123.848 101.002 131.864 100.61
threshold=200.0833435058594 0.049016393721103675 0.0062342362944036731 0.99500000000000011 0.012943081557750704 0.055935685988515622 0.0013889564434066417 0.0049691339954733857 0.017959032207727436 0.70886594057083141 -0.0083746553813666986 1.0000000180025095e-35 -0.0033424429245818995 0.025000000000000005 0.075298726558685317 0.14622486382722857 0.009243196742592651 0.43384613096714025 538.77761840820324 824.97244262695324 0.096841994673013701 3.2962214946746831 1.7488110065460207 0.00018404332784415002 0.57108420133590709 0.11901402357372727 0.99580371379852306 0.053710777312517173 0.77717861533164989 0.015083451755344869
decision_type=2 2 2 2 2 2 2 2 2 2 2 2 2 2 2 2 2 2 2 2 2 2 2 2 2 2 2 2 2 2
left_child=-1 2 5 -4 -5 25 8 18 19 16 -9 14 -13 -14 15 -12 20 -18 -8 29 21 -10 -22 -16 -24 -2 -27 -26 -29 -3
right_child=1 6 3 4 -6 -7 7 10 9 -11 11 12 13 -15 23 -17 17 -19 -20 -21 22 -23 24 -25 27 26 -28 28 -30 -31
leaf_value=-6.5571155323159973e-05 6.7797873293684452e-05 -0.01629950794530181 -0.015360980275985623 0.0069536041778822735 -0.37814293169393776 -0.030370529828362691 -0.10524900327126185 0.046284570396253111 0.052167634191838175 0.17064425187734095 -0.057917357135485327 -0.18710913477759614 -0.14339170632380491 0.0032911317881765623 0.0081880194537793591 0.12861911498687484 -0.010739067690023646 0.35203449572436513 -0.35811257012761555 0.054908899554091728 -0.071117346442417448 -0.25200654024956748 0.051090690628429913 0.14262798732767504 0.034301780084229357 -0.029525701665820987 -0.2518571440990155 -0.032151829044586182 -0.28430574478014659 0.048382207820842786
leaf_weight=40814248 42753679 7027 2310 48 41 1220 75 243 22 129 603 114 148 203 511 55 22 24 26 266 132 32 643 66 252 689 26 211 23 249
leaf_count=40814248 42753679 7027 2310 48 41 1220 75 243 22 129 603 114 148 203 511 55 22 24 26 266 132 32 643 66 252 689 26 211 23 249
internal_value=0 6.25715e-05 6.51109e-05 -0.0211146 -0.17045 6.62992e-05 -0.00974035 -0.0303788 -0.00506972 0.028251 -0.0231033 -0.0330217 -0.0900738 -0.058558 -0.0115406 -0.0423254 0.0147545 0.178534 -0.170343 -0.0116526 0.00902531 -0.128084 0.0148968 0.0235659 0.0249533 6.71678e-05 -0.0376105 -0.00962761 -0.0569362 -0.014086
internal_weight=0 4.27691e+07 4.2758e+07 2399 89 4.27556e+07 11076 2044 9032 1490 1943 1700 465 351 1235 658 1361 46 101 7542 1315 54 1261 577 1129 4.27544e+07 715 486 234 7276
internal_count=83583337 42769089 42758013 2399 89 42755614 11076 2044 9032 1490 1943 1700 465 351 1235 658 1361 46 101 7542 1315 54 1261 577 1129 42754394 715 486 234 7276
is_linear=0
shrinkage=0.1


Tree=47
num_leaves=31
num_cat=0
split_feature=4 13 20 14 16 0 1 4 21 3 3 3 0 4 4 4 4 2 4 19 21 17 15 2 1 2 0 3 3 3
split_gain=32.8416 71.0486 58.0938 71.2887 49.2309 72.0931 47.4166 101.106 62.3572 44.808 77.7731 64.225 61.9489 50.5073 49.267 124.917 49.8485 60.2683 48.8399 43.1482 41.5768 56.8982 46.7579 50.6134 45.3886 91.0574 74.1587 64.4718 289.775 111.282
threshold=0.63686800003051769 0.09628536552190782 0.11148120462894441 0.042036782950162895 0.24037488549947741 43.648586273193366 0.01378040526756105 -0.33074799180030817 0.076353568583726897 0.47500000000000003 0.91500000000000015 0.45500000000000007 91.740459442138686 0.13785850256681445 0.34303000569343572 0.33072100579738622 0.02606499940156937 -0.015869860081363697 0.36181700229644781 0.0062342362944036731 0.86469298601150524 0.83641010522842418 0.99190881848335277 -0.028498409452099398 0.044340174418349858 -0.13942908818419067 124.20042800903322 0.56500000000000006 0.47500000000000003 0.85500000000000009
decision_type=2 2 2 2 2 2 2 2 2 2 2 2 2 2 2 2 2 2 2 2 2 2 2 2 2 2 2 2 2 2
left_child=1 2 6 -4 5 -3 -1 -8 9 11 19 13 -12 -9 15 16 -14 -18 -13 -11 -2 22 24 -24 25 -22 -26 28 -28 -29
right_child=20 4 3 -5 -6 -7 7 8 -10 10 12 18 14 -15 -16 -17 17 -19 -20 -21 21 -23 23 -25 26 -27 27 29 -30 -31
leaf_value=1.7178984965951408e-05 -0.00022241099776610027 0.042606748014534873 -0.10402916868643784 0.064093159870103458 0.02499748765541291 -0.049616295937171567 -0.15029893074598577 0.012515741208577916 0.035712266197718188 0.026165593570719167 0.029112885054200888 -0.23080281681780304 -0.15111947476275658 -0.041086731138965188 0.00051385744713073548 -0.33803824999115689 -0.11045452100890024 0.13210135981440546 -0.031697903590446171 -0.084161204217295893 0.056703275413328438 -0.1338380646179704 0.15934653703655516 0.015703486128732926 0.01402927413076225 -0.0046158006300521899 0.0052005699253641069 0.03256462086603916 -0.40931355059146884 -0.083072194936773133
leaf_weight=78261201 5297022 97 107 33 148 672 54 240 244 528 64 28 38 657 43 22 21 20 22 38 245 34 35 82 239 20980 48 137 26 212
leaf_count=78261201 5297022 97 107 33 148 672 54 240 244 528 64 28 38 657 43 22 21 20 22 38 245 34 35 82 239 20980 48 137 26 212
internal_value=0 1.63423e-05 1.66684e-05 -0.0644003 -0.0278186 -0.0379835 1.67836e-05 -0.0153079 -0.0115982 -0.0183058 -0.000457715 -0.0328934 -0.052748 -0.0267449 -0.0891306 -0.127296 -0.0686083 0.00786542 -0.143197 0.0187585 -0.000240444 -0.00457493 -0.0043752 0.0586736 -0.00471223 -0.003908 -0.0304977 -0.055656 -0.14044 -0.0376789
internal_weight=0 7.82643e+07 7.82634e+07 140 917 769 7.82632e+07 2019 1965 1721 774 947 208 897 144 101 79 41 50 566 5.31906e+06 22038 22004 117 21887 21225 662 423 74 349
internal_count=83583337 78264277 78263360 140 917 769 78263220 2019 1965 1721 774 947 208 897 144 101 79 41 50 566 5319060 22038 22004 117 21887 21225 662 423 74 349
is_linear=0
shrinkage=0.1


Tree=48
num_leaves=31
num_cat=0
split_feature=18 10 4 10 11 16 0 4 16 21 16 4 18 4 2 4 17 16 4 2 5 8 17 8 7 5 11 0 16 0
split_gain=31.2504 58.3495 60.6971 172.866 60.9114 58.998 50.5136 46.0041 77.9212 43.1391 31.0974 176.068 284.422 51.8378 31.073 30.7846 30.5681 170.565 59.2805 56.9465 59.6777 53.2714 47.4562 78.3048 85.3628 124.739 100.284 92.46 84.7526 125.088
threshold=1.0000000180025095e-35 0.29318143427371984 2.8480045795440678 0.075345646589994444 0.070566296577453627 0.0076623056083917626 441.10765075683599 3.7085624933242802 0.095053184777498259 0.42679138481616979 0.0020540931727737193 2.4501844644546513 0.42527222633361822 2.4501844644546513 0.00032320762652110008 3.7085624933242802 0.96838635206222545 0.014031572267413141 3.7085624933242802 0.00051216370840235007 0.9786944091320039 0.99960151314735424 0.067876499146223082 0.0061659244820475587 0.30480475723743444 0.25769706070423132 0.22180624306201938 16.060050010681156 0.18901077657938006 218.33585357666018
decision_type=2 2 2 2 2 2 2 2 2 2 2 2 2 2 2 2 2 2 2 2 2 2 2 2 2 2 2 2 2 2
left_child=16 2 4 5 10 6 15 8 -7 -3 13 -12 -13 -2 -8 -4 21 18 -18 20 -20 22 23 24 25 -1 28 -26 -27 -30
right_child=1 9 3 -5 -6 7 14 -9 -10 -11 11 12 -14 -15 -16 -17 17 -19 19 -21 -22 -23 -24 -25 27 26 -28 -29 29 -31
leaf_value=8.2102254859833985e-07 -0.0037713361638168812 0.014980121167002623 -0.049788326576114213 -0.31901188276030801 -0.15533570492709126 0.041806848585466919 -0.073196578434869361 0.15168211434198464 -0.14570014271242868 0.16527776800096036 -0.0015821459390965844 -0.45067533114925029 -0.010951515218537105 0.059117690518914912 -0.1989067898481153 0.019544882620684805 -0.042475110976170301 0.27588756231591111 -0.0048685206243938364 -0.12685833870233704 0.088492563461263982 0.028806265740368132 0.0068877735992128987 -0.0076217767750118119 0.036687979711018302 0.014102074492143891 0.21387992982322782 -0.014875047450008089 0.16571867544137475 -0.061618523299694063
leaf_weight=83545255 705 423 321 22 27 94 51 23 29 20 457 24 38 161 32 80 598 20 786 35 75 642 10003 13479 370 3638 26 5785 84 34
leaf_count=83545255 705 423 321 22 27 94 51 23 29 20 457 24 38 161 32 80 598 20 786 35 75 642 10003 13479 370 3638 26 5785 84 34
internal_value=0 -0.0111646 -0.0182325 -0.0434686 -0.00657954 -0.0338465 -0.0506539 0.0218714 -0.00240212 0.0217656 -0.0036796 -0.0230355 -0.181167 0.0079205 -0.121663 -0.0359563 3.34413e-07 -0.0142088 -0.0180923 -0.00181893 0.00326398 5.91804e-07 3.70537e-07 -4.53871e-07 7.75589e-07 1.64313e-06 0.0181622 -0.0117754 0.0168074 0.100215
internal_weight=0 2507 2064 652 1412 630 484 146 123 443 1385 519 62 866 83 401 8.35808e+07 1514 1494 896 861 8.35793e+07 8.35787e+07 8.35687e+07 8.35552e+07 8.3549e+07 3782 6155 3756 118
internal_count=83583337 2507 2064 652 1412 630 484 146 123 443 1385 519 62 866 83 401 83580830 1514 1494 896 861 83579316 83578674 83568671 83555192 83549037 3782 6155 3756 118
is_linear=0
shrinkage=0.1


Tree=49
num_leaves=31
num_cat=0
split_feature=0 19 1 18 0 19 3 14 9 2 7 3 4 2 2 4 3 21 21 2 10 21 4 21 4 21 2 3 4 7
split_gain=29.876 41.6902 32.825 52.6267 40.0366 70.3225 61.5595 127.822 86.8547 95.6791 109.842 260.505 106.103 88.4041 699.121 107.645 149.918 187.342 281.253 226.973 175.804 142.785 128.512 129.83 120.179 92.38 82.1319 124.21 109.164 103.085
threshold=7.0444748401641855 1.0000000180025095e-35 0.00011982301456490002 0.98144572973251354 135.15964508056643 0.084406442940235152 0.71000000000000008 0.012841152492910625 0.21766174584627154 -0.00025997755748389997 0.081993490457534804 0.94000000000000006 -0.08390799909830092 -0.0033424429245818995 -0.0032807336102050996 1.7488110065460207 0.81500000000000006 0.12175551429390909 0.96736225485801708 -0.13942908818419067 0.98515549302101146 0.76196628808975231 1.9754605293273928 0.99136865139007579 0.34303000569343572 0.51153537631034862 -0.028498409452099398 0.68500000000000016 1.2175465226173403 0.46403479576110845
decision_type=2 2 2 2 2 2 2 2 2 2 2 2 2 2 2 2 2 2 2 2 2 2 2 2 2 2 2 2 2 2
left_child=1 -1 -2 4 5 -4 26 8 9 10 12 -12 -8 15 -15 24 17 -17 19 21 22 -19 25 -24 -14 -18 27 -6 -29 -28
right_child=2 -3 3 -5 6 -7 7 -9 -10 -11 11 -13 13 14 -16 16 20 18 -20 -21 -22 -23 23 -25 -26 -27 29 28 -30 -31
leaf_value=-0.00055514989101123962 1.2473030953496467e-05 0.059398226483307531 0.00023323362187570572 -0.10761860361241776 0.003382174473445822 0.023613242334390907 -0.24156990715048532 0.029478264050872845 0.072347436139458099 0.0011393066806601676 0.066275028623640542 -0.44412202835083009 -0.054497916276780939 -0.63847552530467511 -0.037149076206327486 -0.13557752387846758 -0.078211679127481254 0.048261180671828767 -0.3382156104470293 -0.048978664449948285 0.27875055879354477 0.37056206211979903 -0.013079111436631569 -0.26279747883478799 0.030082867369143607 -0.33651160776615141 -0.0013604304666279086 0.27719197784816579 0.053046976537779747 -0.041461275014271992
leaf_weight=982773 81870974 116 255333 46 32799 1293 22 740 114 2272 20 20 213 20 581 251 45 27 21 84 20 28 2425 21 795 20 431497 28 97 642
leaf_count=982773 81870974 116 255333 46 32799 1293 22 740 114 2272 20 20 213 20 581 251 45 27 21 84 20 28 2425 21 795 20 431497 28 97 642
internal_value=0 -0.000548074 6.52257e-06 -0.000661315 -0.00065457 0.000351033 -0.00120039 -0.0100459 -0.0142247 -0.0156582 -0.0239313 -0.188923 -0.0224881 -0.021429 -0.0571599 -0.0159925 -0.0256554 -0.0816737 0.00288784 0.0544215 -0.0165588 0.212342 -0.0189109 -0.0152231 0.0122101 -0.157689 -0.00105319 0.00376136 0.103255 -0.00142001
internal_weight=0 982889 8.26004e+07 729474 729428 256626 472802 7739 6999 6885 4613 40 4573 4551 601 3950 2942 411 160 139 2531 55 2511 2446 1008 65 465063 32924 125 432139
internal_count=83583337 982889 82600448 729474 729428 256626 472802 7739 6999 6885 4613 40 4573 4551 601 3950 2942 411 160 139 2531 55 2511 2446 1008 65 465063 32924 125 432139
is_linear=0
shrinkage=0.1


Tree=50
num_leaves=31
num_cat=0
split_feature=15 1 9 15 0 0 2 2 1 0 16 4 16 4 1 15 0 14 15 8 2 16 2 2 0 19 16 16 5 0
split_gain=28.7015 67.8331 47.0306 101.428 105.639 53.8366 44.3966 50.8922 98.8182 74.4589 77.2831 49.5415 48.0998 46.131 53.6509 81.442 52.3274 40.2658 36.1375 35.0437 31.9896 28.9614 35.7987 86.3199 30.8127 28.9115 63.9898 114.231 91.2494 72.2089
threshold=0.91477143764495861 0.022602373240295955 0.58468642830848705 0.99717414379119884 46.26843452453614 262.83767700195318 -0.0056703333045331995 -0.036123473714955744 0.0006157746174557001 484.79687500000006 0.01350621832534671 3.2962214946746831 0.034079808741807945 3.7085624933242802 1.6072558700752913e-06 0.97228598594665538 436.31643676757818 0.95356911420822155 0.97228598594665538 0.99960151314735424 -0.091544026879993592 0.00041547414730302995 -0.0019229597814760999 -0.0019936427956591496 30.455043792724613 0.89998707175254833 0.037015952169895179 0.014322658069431784 0.85133957862854015 495.61720275878912
decision_type=2 2 2 2 2 2 2 2 2 2 2 2 2 2 2 2 2 2 2 2 2 2 2 2 2 2 2 2 2 2
left_child=25 2 6 4 -4 -6 7 8 -2 18 -11 17 -12 14 15 -13 -17 19 -9 21 -3 -8 23 -23 -24 -1 27 29 -29 -27
right_child=1 20 3 -5 5 -7 11 9 -10 10 12 13 -14 -15 -16 16 -18 -19 -20 -21 -22 22 24 -25 -26 26 -28 28 -30 -31
leaf_value=1.8223183656395426e-06 0.19374742849633611 0.19842983050779864 0.062257831051247194 0.089883429236536805 -0.094517598104957717 -0.261875430850879 -0.001042166319460187 0.00052879178201854337 0.00096957133966498084 -0.049708603161811235 -0.29469975725464198 -0.29830881617963317 -0.082655233908444647 0.00093952911945939803 -0.0094282888033124339 -0.015418410546293386 -0.16574311954900622 0.016281282146421425 -0.033996828143931117 -0.1156805858085001 0.049576437765998502 -0.028498567443142976 0.020467819057504059 -0.24786330435425041 -0.0096043579517167462 -0.023725715027167367 0.045272525138787781 -0.26159021999154775 0.0061707825213670733 0.078172161099811399
leaf_weight=83520225 29 22 40 43 117 23 53086 674 320 224 23 20 20 163 83 57 39 1261 551 27 42 174 369 20 4446 956 153 35 20 75
leaf_count=83520225 29 22 40 43 117 23 53086 674 320 224 23 20 20 163 83 57 39 1261 551 27 42 174 369 20 4446 956 153 35 20 75
internal_value=0 -0.00215298 -0.00225953 -0.0481004 -0.0810632 -0.122012 -0.00209354 -0.0173888 0.0169884 -0.0254301 -0.0732806 -0.00162223 -0.196074 -0.0385039 -0.0708118 -0.114733 -0.0764878 -0.00139739 -0.0150007 -0.00178095 0.100745 -0.00172801 -0.00899668 -0.0511135 -0.00729976 1.59571e-06 -0.0152739 -0.023804 -0.164223 -0.0163132
internal_weight=0 61873 61809 223 180 140 61586 1841 349 1492 267 59745 43 362 199 116 96 59383 1225 58122 64 58095 5009 194 4815 8.35215e+07 1239 1086 55 1031
internal_count=83583337 61873 61809 223 180 140 61586 1841 349 1492 267 59745 43 362 199 116 96 59383 1225 58122 64 58095 5009 194 4815 83521464 1239 1086 55 1031
is_linear=0
shrinkage=0.1


Tree=51
num_leaves=31
num_cat=0
split_feature=0 5 19 3 16 14 14 16 7 4 2 4 1 3 1 14 0 2 1 5 5 7 17 4 7 2 2 2 5 2
split_gain=27.917 70.0211 86.9519 178.427 162.207 78.287 176.669 159.55 189.946 136.058 129.746 124.683 133.612 122.158 109.075 107.368 99.5266 91.8655 109.73 89.4392 103.109 89.1473 173.477 82.6409 76.2668 75.2518 73.6244 108.477 83.0816 73.9097
threshold=223.21984863281253 0.049016393721103675 0.72722861170768749 0.99500000000000011 0.012943081557750704 0.0013889564434066417 0.0043844920583069333 0.017959032207727436 0.70886594057083141 1.9754605293273928 0.009243196742592651 3.7085624933242802 0.00079380029496195004 1.0000000180025095e-35 5.2462822925567676e-05 0.042036782950162895 824.97244262695324 0.0024663546550306504 5.7278163134473909e-05 0.096841994673013701 0.1542351916432381 0.10391378402709962 0.067876499146223082 1.7488110065460207 0.031078938394784931 -0.0088629572570027484 0.038153802012640257 0.0076211066520923002 0.4201799631118775 -0.00032738391952869997
decision_type=2 2 2 2 2 2 2 2 2 2 2 2 2 2 2 2 2 2 2 2 2 2 2 2 2 2 2 2 2 2
left_child=-1 2 -2 -4 -5 7 9 16 10 -7 19 15 13 14 -13 -8 26 18 -15 24 21 -21 -23 -22 -9 -20 27 29 -29 -3
right_child=1 5 3 4 -6 6 11 8 -10 -11 -12 12 -14 17 -16 -17 -18 -19 25 20 23 22 -24 -25 -26 -27 -28 28 -30 -31
leaf_value=-5.4628516731341614e-05 6.3748596615790978e-05 -0.030379689999830109 -0.018891001890192185 0.0065678855647211491 -0.32989980013746967 -0.37061679673194892 -0.025718481494063999 -0.015742876148713683 0.14923597489061774 -0.077249165104572165 0.19292399758473039 -0.046945442897124774 0.049853575062830141 -0.0099614425326686323 0.033994363315160508 0.079185065123088219 0.049583266463123714 0.038864638117399625 0.044519836008548738 0.032552536944730474 -0.077686679057495781 0.42640443803476435 0.019936862446012952 0.015563329928164433 -0.27338682062923908 -0.15731045510677608 0.1092755319892752 0.011613786290399731 -0.16382920402775419 -0.0055518830017370268
leaf_weight=44142464 39430543 1615 383 23 38 25 187 27 117 43 40 603 164 83 230 204 266 47 20 59 106 21 21 919 20 242 49 40 83 4655
leaf_count=44142464 39430543 1615 383 23 38 25 187 27 117 43 40 603 164 83 230 204 266 47 20 59 106 21 21 919 20 242 49 40 83 4655
internal_value=0 6.11405e-05 6.32503e-05 -0.0441901 -0.203035 -0.00835378 -0.0269129 -0.00408689 0.0275537 -0.185105 0.0158169 -0.0208696 -0.0349117 -0.0462598 -0.0245971 0.0290138 -0.0103603 -0.0922931 -0.110161 0.0097774 0.0154189 0.111819 0.223171 0.00591991 -0.125379 -0.141904 -0.0128355 -0.0137714 -0.106775 -0.0119469
internal_weight=0 3.94409e+07 3.9431e+07 444 61 9886 1848 8038 1330 68 1213 1780 1389 1225 833 391 6708 392 345 1173 1126 101 42 1025 47 262 6442 6393 123 6270
internal_count=83583337 39440873 39430987 444 61 9886 1848 8038 1330 68 1213 1780 1389 1225 833 391 6708 392 345 1173 1126 101 42 1025 47 262 6442 6393 123 6270
is_linear=0
shrinkage=0.1


Tree=52
num_leaves=31
num_cat=0
split_feature=2 1 20 2 3 14 2 16 12 7 5 16 3 0 7 0 2 1 4 15 0 4 2 10 16 3 4 1 0 3
split_gain=25.8161 47.9603 45.0401 134.707 43.3747 60.6417 42.3202 52.2608 51.8873 50.7 45.4389 87.1542 62.983 114.209 201.53 58.5491 51.8626 41.1778 40.3244 39.2583 38.8908 39.3326 38.806 38.0702 35.5119 35.4496 64.8256 35.4171 48.3421 32.1452
threshold=-0.0044677137796760484 0.01378040526756105 0.99087658524513256 -0.061319766327495938 0.99500000000000011 0.085359957069158568 -0.028498409452099398 0.64370411634445202 0.4520618617534638 0.81900429725646984 0.69461777806282055 0.014031572267413141 0.025000000000000005 59.172863006591804 0.70886594057083141 159.93394470214847 -0.010095738207090548 0.00095248163922610014 2.2045080661773686 0.93210324645042431 344.72526550292974 0.23763350397348407 -0.13942908818419067 0.98874607682228099 0.0062837004661560067 0.9850000000000001 0.36800350248813635 0.00023131736210830003 484.79687500000006 0.71000000000000008
decision_type=2 2 2 2 2 2 2 2 2 2 2 2 2 2 2 2 2 2 2 2 2 2 2 2 2 2 2 2 2 2
left_child=2 4 6 22 -2 18 8 10 9 -1 19 12 15 -14 -15 23 -13 -11 -6 25 21 -3 -4 -12 -22 -8 -27 -21 -29 -23
right_child=1 20 3 -5 5 -7 7 -9 -10 17 11 16 13 14 -16 -17 -18 -19 -20 27 24 29 -24 -25 -26 26 -28 28 -30 -31
leaf_value=0.0014301124243771594 3.3744481702142696e-06 0.03013484357654499 -0.083548076974379049 -0.25426690227385346 0.10784557141984503 0.13652327968566508 -0.0012654396810413294 -0.027897111874458393 -0.13977451480638522 0.17914779617868623 -0.027131587620525754 -0.0029933355862692915 0.067917787804016999 0.077267807573262681 -0.15973675011788024 0.076577338258204633 -0.12523244763372327 0.012039496203263602 -0.011952466583170463 0.0024448600499543931 -0.062896894257001831 -0.031081975712338651 0.048428163035506649 0.09789778933461224 0.002773015962549202 -0.18361786862037011 -0.020688437315493982 -0.018873831048808323 -0.078233495062312988 0.0080597624321683096
leaf_weight=57279 83311531 217 37 28 36 54 209447 753 26 29 187 49 63 51 121 119 119 30 128 527 290 592 56 28 115 28 191 711 170 325
leaf_count=57279 83311531 217 37 28 36 54 209447 753 26 29 187 49 63 51 121 119 119 30 128 527 290 592 56 28 115 28 191 711 170 325
internal_value=0 3.16507e-06 -0.000976161 -0.0619733 3.49117e-06 0.0446091 -0.000948818 -0.00159928 0.0014615 0.00152555 -0.00150579 -0.0262928 -0.00760709 -0.0472709 -0.0894621 0.0203001 -0.0895794 0.0941775 0.0143447 -0.00141925 -0.0176498 -0.00814978 -0.00407851 -0.0108487 -0.0442499 -0.00130749 -0.0415196 -0.0180615 -0.030328 -0.0172095
internal_weight=0 8.33133e+07 270049 121 8.33117e+07 218 269928 212564 57364 57338 211811 737 569 235 172 334 168 59 164 211074 1539 1134 93 215 405 209666 219 1408 881 917
internal_count=83583337 83313288 270049 121 83311749 218 269928 212564 57364 57338 211811 737 569 235 172 334 168 59 164 211074 1539 1134 93 215 405 209666 219 1408 881 917
is_linear=0
shrinkage=0.1


Tree=53
num_leaves=31
num_cat=0
split_feature=0 4 10 6 15 4 16 3 21 21 4 19 4 2 15 15 4 0 1 2 4 3 4 21 4 1 4 3 0 17
split_gain=25.48 26.7 67.0693 115.702 87.5381 138.073 116.679 127.325 105.706 101.55 108.049 176.9 315.426 136.368 104.702 271.062 169.44 166.745 104.057 78.1043 86.0919 109.175 136.725 136.086 108.919 80.1928 83.988 80.1099 79.7317 74.0834
threshold=3.6336807012557988 1.6833605170249941 0.075345646589994444 1.0000000180025095e-35 0.012431262526661159 2.4501844644546513 0.21186246722936633 0.055000000000000007 0.87404608726501476 0.99986106157302868 3.7085624933242802 1.0000000180025095e-35 3.2962214946746831 0.0018057816980943003 0.84166643023490917 0.89104062318801891 2.8480045795440678 204.73631286621097 0.00099395272523000017 -0.13942908818419067 2.4501844644546513 1.0000000180025095e-35 4.1249356269836435 0.99929577112197887 3.2962214946746831 0.044340174418349858 1.8814939856529238 0.13500000000000004 230.50006103515628 0.83641010522842418
decision_type=2 2 2 2 2 2 2 2 2 2 2 2 2 2 2 2 2 2 2 2 2 2 2 2 2 2 2 2 2 2
left_child=-1 -2 3 4 8 -6 9 -8 -3 10 11 13 -13 14 -7 16 17 -16 -19 27 25 22 23 24 -22 -21 -27 -10 -25 -24
right_child=1 2 -4 -5 5 6 7 -9 19 -11 -12 12 -14 -15 15 -17 -18 18 -20 20 21 -23 29 28 -26 26 -28 -29 -30 -31
leaf_value=-0.00085823959118025363 1.1061243827121486e-05 -0.00062400961053515381 0.00042357102498262618 -0.17321234032129632 -0.0032336415921196469 -0.023555043497498516 -0.0036026852498964772 -0.22813742646415319 0.12992059315753277 0.1677977364510298 -0.00068381544751665519 0.0087804473936557766 -0.47216900300979614 0.05371837676353354 -0.017050035071733874 -0.03577762520441826 -0.019085516141589126 -0.26888513223339733 -0.53728725135326394 -0.0059915331270549519 -0.02791127857087396 -0.0012028162002227167 0.0040462076996150799 -0.15575822517275811 -0.15161296502009136 0.0068431545144472363 -0.18810204135473163 0.00014556528853804427 -0.40703807278819709 -0.1859245740849039
leaf_weight=344499 81801044 806196 566349 39 58058 1937 46 56 61 29 1777 30 25 187 20 460 37 52 20 1289 138 270 191 28 147 39 51 216 23 23
leaf_count=344499 81801044 806196 566349 39 58058 1937 46 56 61 29 1777 30 25 187 20 460 37 52 20 1289 138 270 191 28 147 39 51 216 23 23
internal_value=0 3.5526e-06 -0.00042364 -0.000974239 -0.00096653 -0.00456504 -0.021096 -0.126877 -0.00068737 -0.018737 -0.0199273 -0.0322812 -0.209833 -0.0286817 -0.0347818 -0.0717023 -0.199806 -0.272487 -0.343441 -0.0213178 -0.0276215 -0.0532807 -0.0788462 -0.118637 -0.0917153 -0.0123636 -0.103626 0.0287242 -0.269081 -0.0163712
internal_weight=0 8.32388e+07 1.43779e+06 871445 871406 62734 4676 102 808672 4574 4545 2768 55 2713 2526 589 129 92 72 2476 2199 820 550 336 285 1379 90 277 51 214
internal_count=83583337 83238838 1437794 871445 871406 62734 4676 102 808672 4574 4545 2768 55 2713 2526 589 129 92 72 2476 2199 820 550 336 285 1379 90 277 51 214
is_linear=0
shrinkage=0.1


Tree=54
num_leaves=31
num_cat=0
split_feature=3 16 19 9 16 5 16 20 2 2 0 21 21 4 2 5 0 4 0 4 3 4 2 2 21 4 17 3 15 16
split_gain=24.9208 79.6575 81.4745 137.574 118.175 205.54 123.501 86.5125 51.6465 45.8808 69.7365 57.7548 29.5138 34.1927 28.3374 104.968 28.2644 36.3804 27.1361 24.1836 76.8557 176.335 99.191 73.8728 87.8401 78.6166 58.4853 100.092 84.9169 71.9416
threshold=0.99500000000000011 0.24037488549947741 0.16884646564722064 0.21766174584627154 0.014322658069431784 0.096841994673013701 0.085833936929702773 0.99087658524513256 -0.061319766327495938 -0.091544026879993592 67.56891250610353 0.19361241906881335 0.83837881684303295 2.4501844644546513 -0.052627014122101495 0.25769706070423132 52.675630569458015 3.7085624933242802 150.19136047363284 4.1249356269836435 0.9850000000000001 0.02606499940156937 -1.0000000180025095e-35 -0.091544026879993592 0.22369337826967242 1.2175465226173403 0.067876499146223082 0.025000000000000005 0.38021288812160497 0.0048200008459389218
decision_type=2 2 2 2 2 2 2 2 2 2 2 2 2 2 2 2 2 2 2 2 2 2 2 2 2 2 2 2 2 2
left_child=19 2 3 7 -4 6 -6 9 -9 16 12 14 13 -11 15 -12 -2 -18 -3 20 -1 22 -22 -23 -25 -26 -21 -28 29 -29
right_child=1 18 4 -5 5 -7 -8 8 -10 10 11 -13 -14 -15 -16 -17 17 -19 -20 26 21 23 -24 24 25 -27 27 28 -30 -31
leaf_value=2.0919225750829119e-06 0.096820969521914699 0.038449596956277012 0.006632869612106955 0.28740413919091229 -0.3494364037325508 0.031857437697740708 -0.055844748526325698 0.003072116792201996 -0.19467465590153421 -0.15124071873724462 0.19426619580388071 -0.03585484967440028 0.073182146511971954 -0.0089534357157454152 0.063045874444807901 -0.013468249576787154 0.056759673197354588 -0.050815541278943423 0.17800489981095063 -0.0019556694487553568 -0.25844087809324268 0.040410717994231606 -0.045669158529012634 -0.0059424766079972397 -0.27554324715519729 -0.069702570423639074 0.012576132954729161 -0.041964286607717657 -0.2238250418787911 0.022549532610436063
leaf_weight=83462771 22 22 285 20 38 52 23 25 28 24 75 44 25 57 186 36 42 125 38 112359 50 174 39 263 23 96 5604 508 21 262
leaf_count=83462771 22 22 285 20 38 52 23 25 28 24 75 44 25 57 186 36 42 125 38 112359 50 174 39 263 23 96 5604 508 21 262
internal_value=0 0.0146131 0.00853064 0.0288568 -0.0276785 -0.114216 -0.238738 0.0213518 -0.101398 0.0315809 0.0490458 0.0710675 -0.0217978 -0.0511126 0.0869079 0.126893 -0.00972474 -0.0237607 0.126835 -2.03829e-07 1.82516e-06 -0.034517 -0.165204 -0.0135977 -0.0381985 -0.109487 -0.00142623 0.00787591 -0.0254238 -0.0200128
internal_weight=0 1167 1107 709 398 113 61 689 53 636 447 341 106 81 297 111 189 167 60 8.35822e+07 8.34634e+07 645 89 556 382 119 118754 6395 791 770
internal_count=83583337 1167 1107 709 398 113 61 689 53 636 447 341 106 81 297 111 189 167 60 83582170 83463416 645 89 556 382 119 118754 6395 791 770
is_linear=0
shrinkage=0.1


Tree=55
num_leaves=31
num_cat=0
split_feature=17 16 2 4 5 2 8 17 14 8 4 3 17 21 2 2 4 2 4 4 7 5 11 10 16 16 16 16 20 16
split_gain=24.8312 131.929 54.0692 44.4565 51.9007 55.6561 44.4415 34.217 67.0431 52.7962 70.074 94.523 69.6205 73.7135 67.6832 93.3544 76.4289 92.7798 98.1498 72.6892 57.5587 74.4227 83.0054 77.7717 66.5706 138.249 92.9983 114.531 85.8941 73.0142
threshold=0.96838635206222545 0.012943081557750704 -0.0029798520624032495 3.7085624933242802 0.9786944091320039 0.00051216370840235007 0.99960151314735424 0.067876499146223082 0.039692781865596778 0.0061659244820475587 3.2962214946746831 0.075000000000000025 1.0000000180025095e-35 0.06248354725539685 -0.0028311161922741496 -0.0022552065073482498 1.8814939856529238 -0.0037853059735541493 2.0749150514602666 -0.090735998004674898 0.39926876127719885 0.25769706070423132 0.22180624306201938 0.27184188365936285 0.37244954705238348 0.18901077657938006 0.00071374763501808058 0.028514649718999866 0.11148120462894441 0.049448417499661453
decision_type=2 2 2 2 2 2 2 2 2 2 2 2 2 2 2 2 2 2 2 2 2 2 2 2 2 2 2 2 2 2
left_child=6 2 -2 -4 5 -5 7 9 -9 20 14 -12 13 -13 16 -16 -11 18 -18 -17 21 -1 23 24 25 26 -23 -28 -29 -30
right_child=1 -3 3 4 -6 -7 -8 8 -10 10 11 12 -14 -15 15 19 17 -19 -20 -21 -22 22 -24 -25 -26 -27 27 28 29 -31
leaf_value=3.0806844362296282e-07 -0.10930957971761623 0.23609526019011226 -0.03368115121864923 -0.00076534203222391995 0.078835143521100701 -0.14960841696995955 0.026310487881134562 0.010030443673942993 -0.01008603641385032 -0.0016957735778439953 -0.017041267276481486 0.040948067624915811 -0.06137409476352107 -0.050451759922811215 0.1808286798497041 -0.047574107671670363 -0.18935237681636444 -0.22135855046075747 -0.011156305745900328 0.0064759232428643568 -0.010392131500200096 0.01691426317536383 0.19102262178292642 0.075131642622923267 -0.099235022061371386 0.11411537713110448 -0.04645367555957685 0.046425237180532847 0.032788381450115998 -0.084273937861700121
leaf_weight=83547828 60 21 583 744 80 26 642 7948 2093 345 6441 654 97 102 30 261 39 37 149 5330 5329 2926 26 186 56 125 610 352 94 123
leaf_count=83547828 60 21 583 744 80 26 642 7948 2093 345 6441 654 97 102 30 261 39 37 149 5330 5329 2926 26 186 56 125 610 352 94 123
internal_value=0 -0.0128065 -0.0163075 -0.0124135 0.00217362 -0.00579121 2.31426e-07 2.93333e-08 0.00583726 -6.72004e-07 -0.00625731 -0.0128986 0.018383 0.0286163 0.00156717 0.00489676 -0.0312673 -0.0766102 -0.0481225 0.00395275 3.37726e-07 1.00056e-06 0.0128637 0.0118279 0.00908067 0.0105146 0.00735992 -0.0163517 0.0159193 -0.0335649
internal_weight=0 1514 1493 1433 850 770 8.35818e+07 8.35812e+07 10041 8.35711e+07 13485 7294 853 756 6191 5621 570 225 188 5591 8.35577e+07 8.35523e+07 4498 4472 4286 4230 4105 1179 569 217
internal_count=83583337 1514 1493 1433 850 770 83581823 83581181 10041 83571140 13485 7294 853 756 6191 5621 570 225 188 5591 83557655 83552326 4498 4472 4286 4230 4105 1179 569 217
is_linear=0
shrinkage=0.1


Tree=56
num_leaves=31
num_cat=0
split_feature=18 10 0 10 11 4 2 2 16 15 15 4 14 6 21 0 5 16 4 4 13 0 4 16 4 0 3 3 2 5
split_gain=24.0624 46.4548 52.9055 76.2353 76.284 74.6413 70.0089 207.623 87.8472 54.7654 65.4113 49.227 48.7855 35.487 34.8401 24.2806 30.1428 27.1606 43.9705 33.7162 24.0181 61.6868 49.4709 37.3392 23.635 23.2946 75.9253 68.9108 157.253 123.839
threshold=1.0000000180025095e-35 0.29318143427371984 115.13599014282228 0.13701204210519793 0.070566296577453627 2.2045080661773686 0.00032320762652110008 0.00074605675514810013 0.0050018555484712133 0.054579176008701331 0.22642234712839129 1.8814939856529238 0.76526927947998058 1.0000000180025095e-35 0.42679138481616979 232.85573577880862 0.1542351916432381 0.0095199109055101889 2.8480045795440678 1.8814939856529238 0.94810965657234203 278.32414245605474 0.061192499473690994 0.009018430486321451 1.6833605170249941 144.41831207275393 0.94000000000000006 0.9850000000000001 -0.091544026879993592 0.60100281238555919
decision_type=2 2 2 2 2 2 2 2 2 2 2 2 2 2 2 2 2 2 2 2 2 2 2 2 2 2 2 2 2 2
left_child=20 2 -2 4 6 -5 9 8 -8 12 -11 -9 15 -12 -3 24 17 -17 19 -19 25 -22 23 -23 -4 26 -1 28 29 -28
right_child=1 14 3 5 -6 -7 7 11 -10 10 13 -13 -14 -15 -16 16 -18 18 -20 -21 21 22 -24 -25 -26 -27 27 -29 -30 -31
leaf_value=-6.8104256483684792e-05 0.0080513146526960018 0.013487895595704605 -0.051603138879727339 -0.029132170026952571 -0.21655191186815503 -0.2927062999634516 -0.14384639946278185 0.020452527229838327 -0.40052791953086858 -0.15487777798102711 0.031370855867862701 -0.076706272723491897 -0.14103152379393577 -0.11852047395977108 0.14855705760419369 0.0054623546246223191 -0.10471390319988133 0.05022429340609872 0.12144309864913833 -0.070804754691198471 0.0047266297295896547 -0.24918633877084806 0.01553459862867991 -0.069905044918968567 0.0020493033214972465 4.1891524635592683e-05 0.10191333499146356 0.002753526327564872 0.0069289877722508277 -0.11267965751989135
leaf_weight=31933265 630 423 128 22 20 21 40 128 20 53 56 88 24 22 20 388 20 82 61 32 135 26 21 21 229 51644928 370 1369 666 29
leaf_count=31933265 630 423 128 22 20 21 40 128 20 53 56 88 24 22 20 388 20 82 61 32 135 26 21 21 229 51644928 370 1369 666 29
internal_value=0 -0.00979683 -0.0161033 -0.0267151 -0.0226612 -0.157854 -0.0198328 -0.0648429 -0.229407 -0.00848775 -0.0691542 -0.0191307 -0.000243655 -0.0109062 0.0195858 0.00335093 0.0159276 0.0202133 0.0529181 0.0162512 2.93554e-07 -0.0343967 -0.112068 -0.169082 -0.0171874 3.77097e-07 -6.67581e-05 0.0175943 0.0366713 0.0863164
internal_weight=0 2507 2064 1434 1391 43 1371 276 60 1095 131 216 964 78 443 940 583 563 175 114 8.35808e+07 203 68 47 357 8.35806e+07 3.19357e+07 2434 1065 399
internal_count=83583337 2507 2064 1434 1391 43 1371 276 60 1095 131 216 964 78 443 940 583 563 175 114 83580830 203 68 47 357 83580627 31935699 2434 1065 399
is_linear=0
shrinkage=0.1


Tree=57
num_leaves=31
num_cat=0
split_feature=2 1 3 3 1 16 0 3 9 4 14 2 1 3 3 2 2 2 2 7 3 4 7 9 20 11 10 16 4 5
split_gain=21.6398 38.4547 38.6504 61.4967 46.2874 41.1114 35.475 67.4383 181.766 135.055 112.523 129.522 157.664 163.49 137.153 170.653 157.404 202.787 264.808 123.931 122.175 135.147 96.4467 96.3969 95.7988 92.6404 92.6173 88.6299 110.996 86.8232
threshold=-0.0011064755051603998 0.022602373240295955 0.56500000000000006 0.45500000000000007 0.044340174418349858 0.11159195005893709 80.748729705810561 0.7350000000000001 0.21766174584627154 3.2962214946746831 0.012841152492910625 -0.13942908818419067 0.11901402357372727 0.99500000000000011 0.99500000000000011 -0.025308060511892699 -0.0034583396831504997 -0.0032807336102050996 -0.0033424429245818995 0.081993490457534804 0.81500000000000006 2.0749150514602666 0.10391378402709962 0.21766174584627154 0.99087658524513256 0.22180624306201938 0.93275883793830883 0.0048200008459389218 3.7085624933242802 0.5110318958759309
decision_type=2 2 2 2 2 2 2 2 2 2 2 2 2 2 2 2 2 2 2 2 2 2 2 2 2 2 2 2 2 2
left_child=6 -2 3 5 -5 -3 -1 8 -8 -10 11 12 13 29 15 19 -17 18 -18 20 21 -13 25 26 -16 -12 -14 28 -23 -9
right_child=1 2 -4 4 -6 -7 7 10 9 -11 22 14 23 -15 24 16 17 -19 -20 -21 -22 27 -24 -25 -26 -27 -28 -29 -30 -31
leaf_value=0.00077625169466027173 4.7269315807876714e-06 -0.0084874650519954301 0.0060952816654214871 -0.14363129398136931 0.0068807454158862427 -0.15388361896787373 -0.00082027229232572811 0.070301302455265294 0.064426536709070212 -0.23977394459286222 0.01204178906143933 -0.019481718997600712 -0.031013925170636 -0.035524734299680269 0.057478504973759718 0.0055133825840343667 -0.050152160003781324 -0.035790516679755233 -0.44318056901295977 -0.27099681141054527 -0.043320257424050247 -0.3099183645212289 0.20445311188697818 0.1015879715716497 -0.1234719869313818 0.21278258638146022 0.18602934449911118 -0.061264745787132618 -0.093547483678353402 -0.033685573571078153
leaf_weight=150804 82923483 263 254 84 27 21 502233 631 20 54 546 79 1159 259 258 1197 40 456 30 28 1005 66 30 61 33 24 20 43 37 92
leaf_count=150804 82923483 263 254 84 27 21 502233 631 20 54 546 79 1159 259 258 1197 40 456 30 28 1005 66 30 61 33 24 20 43 37 92
internal_value=0 4.53642e-06 -0.0243371 -0.0439063 -0.10702 -0.0192386 -0.000570686 -0.000970221 -0.000843363 -0.157558 -0.0114267 -0.0159172 0.00271488 0.0326478 -0.0285702 -0.034967 -0.0145226 -0.0601178 -0.218593 -0.0629683 -0.0582327 -0.124841 0.029692 -0.0209901 0.0369583 0.020494 -0.0273321 -0.181851 -0.232193 0.0570692
internal_weight=0 8.29241e+07 649 395 111 284 659205 508401 502307 74 6094 5494 2222 982 3272 2981 1723 526 70 1258 1230 225 600 1240 291 570 1179 146 103 723
internal_count=83583337 82924132 649 395 111 284 659205 508401 502307 74 6094 5494 2222 982 3272 2981 1723 526 70 1258 1230 225 600 1240 291 570 1179 146 103 723
is_linear=0
shrinkage=0.1


Tree=58
num_leaves=31
num_cat=0
split_feature=0 3 5 17 16 1 8 0 5 4 13 0 4 5 14 16 8 16 5 0 17 4 19 10 0 0 7 1 2 16
split_gain=20.8795 41.003 24.5716 24.4507 108.528 42.1129 39.3008 38.4888 52.9748 35.1492 31.1424 38.2813 40.0714 31.0222 86.4041 54.448 67.5048 66.826 93.5149 84.6251 78.2179 66.6418 78.4422 140.882 65.357 64.7551 70.2267 64.3419 103.433 57.3166
threshold=8.5479960441589373 0.6150000000000001 0.049016393721103675 0.96838635206222545 0.014031572267413141 6.338421654952858e-06 0.99960151314735424 76.222335815429702 0.9786944091320039 1.3624420166015627 0.94810965657234203 278.32414245605474 0.061192499473690994 0.77027752995491039 0.95356911420822155 0.0023691805545240645 0.95814204216003429 0.044059986248612411 0.85133957862854015 187.01907348632815 0.14178745821118358 4.1249356269836435 0.72722861170768749 0.26753294467926031 765.01092529296886 655.74755859375011 0.81900429725646984 0.00019038553660710004 1.2532243785784958e-05 0.078183677047491087
decision_type=2 2 2 2 2 2 2 2 2 2 2 2 2 2 2 2 2 2 2 2 2 2 2 2 2 2 2 2 2 2
left_child=1 2 -1 6 5 7 10 -5 9 -9 13 -12 -13 -2 15 21 17 18 19 -17 27 22 23 24 -15 -23 -27 28 -19 -30
right_child=3 -3 -4 4 -6 -7 -8 8 -10 -11 11 12 -14 14 -16 16 -18 20 -20 -21 -22 25 -24 -25 -26 26 -28 -29 29 -31
leaf_value=-0.00041236305834291883 7.0194653668005091e-06 0.036086782591656312 0.02196232085680502 -0.031563611079844754 0.21825352221727373 -0.054986496310126282 0.025265124869729805 -0.08079654319487789 0.085216702027867242 0.0034523354356147517 -0.0047313608476268303 -0.15217420978749052 0.013980665244162083 0.0095257653379391821 0.1315732617903915 -0.01506944770519515 -0.093239355542593536 0.012152981425929356 -0.0051576644218435143 -0.12011355284349741 0.16184999599011946 -0.0082994156334923151 0.086939096459558704 -0.13718735616940719 0.13186991398533185 -0.039683565614298762 -0.23142292247368743 0.082475036608153265 -0.22397972723633491 -0.010634576501324773
leaf_weight=1313382 82259740 308 491 451 20 235 616 54 75 597 106 47 21 1471 45 131 135 187 437 185 34 4098 133 65 45 72 26 76 34 20
leaf_count=1313382 82259740 308 491 451 20 235 616 54 75 597 106 47 21 1471 45 131 135 187 437 185 34 4098 133 65 45 72 26 76 34 20
internal_value=0 -0.000395449 -0.000404002 6.3174e-06 -0.0130605 -0.0163369 6.54485e-06 -0.00862014 0.00563262 -0.00353605 6.35572e-06 -0.0422995 -0.100862 6.4452e-06 -0.00656003 -0.00742952 -0.0264897 -0.0183274 -0.0351248 -0.0765668 0.0177083 -0.00343366 0.013181 0.0069762 0.0131574 -0.0102205 -0.0905532 0.00224829 -0.0230514 -0.144963
internal_weight=0 1.31418e+06 1.31387e+06 8.22692e+07 1432 1412 8.22677e+07 1177 726 651 8.22671e+07 174 68 8.22669e+07 7194 7149 1239 1104 753 316 351 5910 1714 1581 1516 4196 98 317 241 54
internal_count=83583337 1314181 1313873 82269156 1432 1412 82267724 1177 726 651 82267108 174 68 82266934 7194 7149 1239 1104 753 316 351 5910 1714 1581 1516 4196 98 317 241 54
is_linear=0
shrinkage=0.1


Tree=59
num_leaves=31
num_cat=0
split_feature=19 16 16 0 3 0 3 0 0 9 4 3 16 19 9 20 2 5 16 16 9 0 0 0 1 16 19 5 0 1
split_gain=20.7916 47.4622 76.3741 56.7523 87.6845 47.2136 54.8841 43.0825 42.1177 31.5045 21.9697 21.1958 69.0783 56.2775 107.911 61.2875 44.5647 42.4409 97.1467 56.4332 35.7862 36.2005 62.3974 45.0123 28.9033 24.3322 22.8328 70.7905 116.318 77.3386
threshold=0.89998707175254833 0.033523179590702064 0.014322658069431784 495.61720275878912 0.85500000000000009 25.978916168212894 0.99500000000000011 176.37532043457034 111.50322723388673 0.58468642830848705 4.1249356269836435 0.99500000000000011 0.30992460250854498 0.16884646564722064 0.21766174584627154 0.99087658524513256 -0.061319766327495938 0.096841994673013701 0.0165759576484561 0.096889913082122817 0.055935685988515622 748.17828369140636 247.34976196289065 283.76733398437506 0.0026420741465892007 0.0064809718169271955 0.72722861170768749 0.69461777806282055 280.97555541992193 0.11901402357372727
decision_type=2 2 2 2 2 2 2 2 2 2 2 2 2 2 2 2 2 2 2 2 2 2 2 2 2 2 2 2 2 2
left_child=11 2 3 5 -5 10 9 -4 -3 -7 -2 26 13 14 15 20 -17 18 -15 -20 21 22 24 -24 -13 -19 -1 28 -28 -30
right_child=1 8 7 4 -6 6 -8 -9 -10 -11 -12 12 -14 17 -16 16 -18 25 19 -21 -22 -23 23 -25 -26 -27 27 -29 29 -31
leaf_value=-1.8170373123456089e-07 0.068840475837389628 -0.017719041685470279 -0.038312677982384746 0.15050542444611592 -0.074757395531223333 -0.043972356004942439 0.05058606966692758 -0.22302367665937972 0.086226629080141295 0.040615413496468931 -0.0072022119803088055 0.11756381741166116 0.18954005541110583 -0.00669230025786748 0.25439124748110775 0.012455737279960886 -0.17123372719756194 -0.025554008795058026 -0.28997484046655397 -0.073116204390923187 -0.1012667416107087 -0.075837062125404683 0.20396920997076312 0.063403357377113861 0.0065046113254290765 0.054701059620471337 0.0169037283615695 0.043694819420189185 -0.10472045496095923 0.08879951113097681
leaf_weight=83579853 75 72 23 48 27 697 76 28 85 47 77 25 22 94 20 25 28 85 24 24 21 30 26 184 374 68 531 476 148 24
leaf_count=83579853 75 72 23 48 27 697 76 28 85 47 77 25 22 94 20 25 28 85 24 24 21 30 26 184 374 68 531 476 148 24
internal_value=0 -0.0128712 -0.0202248 -0.014404 0.0694108 -0.0208712 -0.0303601 -0.139723 0.0385573 -0.0386288 0.0303189 1.93089e-07 0.014208 0.0104558 0.025299 0.0188729 -0.0845878 -0.026426 -0.0657976 -0.181546 0.0271811 0.0314024 0.0366851 0.0808067 0.0134632 0.0101149 1.46014e-08 0.0139162 -0.00624688 -0.0777177
internal_weight=0 1255 1098 1047 75 972 820 51 157 744 152 8.35821e+07 1050 1028 733 713 53 295 142 48 660 639 609 210 399 153 8.3581e+07 1179 703 172
internal_count=83583337 1255 1098 1047 75 972 820 51 157 744 152 83582082 1050 1028 733 713 53 295 142 48 660 639 609 210 399 153 83581032 1179 703 172
is_linear=0
shrinkage=0.1


Tree=60
num_leaves=31
num_cat=0
split_feature=15 1 16 4 2 1 2 4 2 2 2 2 0 9 15 16 14 10 2 8 0 3 1 18 10 0 10 11 18 2
split_gain=20.6201 54.281 36.158 57.3751 36.8465 88.8959 51.3339 76.988 39.6973 37.5494 54.5224 31.0864 29.03 29.3406 25.8732 25.2131 23.057 23.3649 23.4119 22.7718 22.709 21.9205 21.3083 21.1953 38.9468 43.9964 60.9538 61.2607 61.1395 54.854
threshold=0.91982218623161327 0.022602373240295955 0.00041547414730302995 2.8480045795440678 -0.036123473714955744 0.00099395272523000017 -0.0019229597814760999 0.9097374975681306 -0.0022552065073482498 -0.010095738207090548 -0.015869860081363697 -0.0056703333045331995 31.627829551696781 0.58468642830848705 0.95520761609077465 0.022206485271453861 0.97634798288345348 0.99005791544914257 0.026242815265696152 0.99960151314735424 304.04266357421881 0.21500000000000002 1.8125423324538831e-06 1.0000000180025095e-35 0.29318143427371984 115.13599014282228 0.13701204210519793 0.070566296577453627 0.42527222633361822 0.00032320762652110008
decision_type=2 2 2 2 2 2 2 2 2 2 2 2 2 2 2 2 2 2 2 2 2 2 2 2 2 2 2 2 2 2
left_child=23 2 11 4 5 -4 7 -6 9 10 -9 -2 15 21 -3 -8 17 18 19 -13 -18 -14 -17 -1 25 -25 27 29 -28 -27
right_child=1 14 3 -5 6 -7 12 8 -10 -11 -12 16 13 -15 -16 22 20 -19 -20 -21 -22 -23 -24 24 -26 26 28 -29 -30 -31
leaf_value=1.6039884565704674e-06 -0.01536379300471599 0.046942368504114269 0.23998043268918989 -0.17495491509991035 -0.0061955022358301066 -0.027201394985119504 -0.01429875737554135 -0.043438419160832256 -0.21580518673484528 -0.035410497555249304 -0.24260112529413569 -0.00074534726169623385 -0.009542112307845671 -0.10087028418268476 0.18567630052566531 0.012567466386742349 0.022562648407174448 -0.029741706013640012 -0.034331765475139268 -0.089383726117425955 -0.013460082799352147 0.076243135022620367 0.072185366029657846 0.0070416532465456746 0.017635059010334162 -0.0083872006738906369 -0.020022813940332049 -0.19489375188946725 -0.2585698436607014 -0.058359774873268024
leaf_weight=83520976 1507 41 20 21 216 33 144 28 24 86 27 51698 4193 35 20 138 764 283 209 29 227 30 106 624 443 1076 21 20 22 276
leaf_count=83520976 1507 41 20 21 216 33 144 28 24 86 27 51698 4193 35 20 138 764 283 209 29 227 30 106 624 443 1076 21 20 22 276
internal_value=0 -0.00185504 -0.00195118 -0.0100035 -0.0093216 0.0736219 -0.0101961 -0.0454839 -0.096916 -0.0766795 -0.141209 -0.00120051 -0.00730226 -0.00968841 0.0924289 0.0188839 -0.000799378 -0.00108614 -0.000929999 -0.000795041 0.0143112 -0.0089327 0.038467 1.32938e-06 -0.00923952 -0.0150784 -0.0248331 -0.0211587 -0.14207 -0.0185887
internal_weight=0 59879 59818 5101 5080 53 5027 381 165 141 55 54717 4646 4258 61 388 53210 52219 51936 51727 991 4223 244 8.35235e+07 2482 2039 1415 1372 43 1352
internal_count=83583337 59879 59818 5101 5080 53 5027 381 165 141 55 54717 4646 4258 61 388 53210 52219 51936 51727 991 4223 244 83523458 2482 2039 1415 1372 43 1352
is_linear=0
shrinkage=0.1


Tree=61
num_leaves=31
num_cat=0
split_feature=4 13 20 4 15 15 15 6 0 13 21 4 3 3 4 2 14 14 16 16 9 14 16 14 18 0 8 4 11 17
split_gain=19.7903 47.9933 46.2671 58.8201 42.8467 75.4473 73.0332 95.1418 53.1338 41.6408 71.8215 39.2243 39.0517 88.7817 109.329 78.7422 36.8487 84.7203 39.8292 34.3749 38.0418 73.0437 33.7008 32.554 31.6941 30.7334 30.5203 205.631 65.6926 77.852
threshold=0.63686800003051769 0.09628536552190782 0.11148120462894441 0.028563500382006172 0.78442931175231945 0.91477143764495861 0.3945778906345368 1.0000000180025095e-35 43.648586273193366 0.0099189027678221482 0.013695722445845606 -1.0000000180025095e-35 0.99500000000000011 0.9850000000000001 0.02606499940156937 -1.0000000180025095e-35 0.53640252351760875 0.35128878057003027 0.13509306311607364 0.010546669363975527 0.21766174584627154 0.84477746486663829 0.19623156636953357 0.027018060907721523 0.42527222633361822 270.43222045898443 0.88807323575019848 0.49726849794387823 0.91372239589691173 0.0062337550334632405
decision_type=2 2 2 2 2 2 2 2 2 2 2 2 2 2 2 2 2 2 2 2 2 2 2 2 2 2 2 2 2 2
left_child=1 2 12 -4 6 -6 8 -8 -3 -2 16 -9 13 24 15 -15 17 -11 -18 23 -21 22 -22 -10 26 -12 -1 28 29 -28
right_child=9 4 3 -5 5 -7 7 11 19 10 25 -13 -14 14 -16 -17 18 -19 -20 20 21 -23 -24 -25 -26 -27 27 -29 -30 -31
leaf_value=1.326197694509453e-05 -0.00019031348818090302 0.051263926536491027 -0.14865265429178451 -0.011394973307527522 0.20077692140703618 -0.038264932225067771 -0.23821793951921993 -0.09450887399619784 0.0033006294388229947 0.010140943561990596 0.038649193504277396 0.062348904499784114 0.089286390996100959 -0.23099308952689174 0.022678015717806727 -0.041417956791627103 0.033652899578391092 -0.1738253400875972 0.17189967368657774 -0.046554482671476549 0.1537256097471392 -0.070784527002548683 0.036839046151175892 -0.06294194995614423 0.060720282940323972 0.16346207352434383 -0.083194746388504881 0.22954641176808266 0.087854475064612025 -0.0092251100017118354
leaf_weight=78262286 5318149 98 47 93 23 31 36 44 99 673 34 25 49 50 65 39 105 26 26 105 37 49 74 296 86 47 263 31 41 310
leaf_count=78262286 5318149 98 47 93 23 31 36 44 99 673 34 25 49 50 65 39 105 26 26 105 37 49 74 296 86 47 263 31 41 310
internal_value=0 1.2685e-05 1.29531e-05 -0.0574743 -0.0228645 0.0635492 -0.0282716 -0.106433 -0.0174445 -0.000186651 0.0211911 -0.0376763 1.30559e-05 1.3e-05 -0.0759148 -0.147921 0.0124197 0.00329813 0.0610912 -0.0276466 0.00021613 0.0309093 0.0758012 -0.0463394 1.31494e-05 0.111071 1.30827e-05 -0.0217396 -0.0344267 -0.0431763
internal_weight=0 7.82643e+07 7.82634e+07 140 917 54 863 105 758 5.31906e+06 911 69 7.82632e+07 7.82632e+07 154 89 830 699 131 660 265 160 111 395 7.8263e+07 81 7.82629e+07 645 614 573
internal_count=83583337 78264277 78263360 140 917 54 863 105 758 5319060 911 69 78263220 78263171 154 89 830 699 131 660 265 160 111 395 78263017 81 78262931 645 614 573
is_linear=0
shrinkage=0.1


Tree=62
num_leaves=31
num_cat=0
split_feature=0 6 13 14 0 8 5 0 0 1 1 3 3 16 1 1 4 5 4 1 3 14 4 4 2 16 2 16 5 1
split_gain=18.8085 64.4777 103.721 129.639 59.7708 52.5993 60.2003 93.574 81.3087 73.0391 136.678 132.812 74.4026 54.7087 57.658 165.544 124.588 81.5357 57.196 49.8967 67.6338 92.2461 196.21 58.8742 99.0199 93.3392 92.137 94.276 139.567 89.3083
threshold=223.21984863281253 1.0000000180025095e-35 1.0000000180025095e-35 0.36829271912574774 369.00007629394537 0.57906788587570202 0.92165392637252819 459.84815979003912 645.37530517578136 6.0782147360469059e-06 0.00017954624898285004 0.14500000000000005 0.025000000000000005 0.002535499283112586 5.810947216937191e-06 5.4821445152959349e-06 4.1249356269836435 0.9786944091320039 0.38857299089431768 0.0043001431718542515 0.56500000000000006 0.017901469022035602 0.34303000569343572 2.8480045795440678 -0.061319766327495938 0.74248090386390697 -0.019908914737432396 0.010878022760152819 0.096841994673013701 0.01378040526756105
decision_type=2 2 2 2 2 2 2 2 2 2 2 2 2 2 2 2 2 2 2 2 2 2 2 2 2 2 2 2 2 2
left_child=-1 5 4 -4 -3 19 7 -7 13 12 -11 -12 -9 14 15 16 18 -18 -8 20 -2 -22 -23 24 29 -26 27 -25 -29 -21
right_child=1 2 3 -5 -6 6 8 9 -10 10 11 -13 -14 -15 -16 -17 17 -19 -20 23 21 22 -24 26 25 -27 -28 28 -30 -31
leaf_value=-4.4840011663592961e-05 5.2687986795914159e-05 -0.08790966163699826 0.1955622775214059 -0.05081937705270119 -0.27308208094504866 -0.0057722797885013527 -0.021376064527899988 -0.028382249164591752 0.12545553108136501 -0.13338353765655811 0.046183534845289205 -0.12771826817599291 0.13558066170020353 -0.065776183800366914 0.051509116129128368 -0.22126415069488919 0.084700588083692963 -0.11491975164727163 0.14010603123158216 -0.0043434301825063136 0.009471071885544002 0.34332580696791415 0.044092753028316015 -0.012427663093624218 -0.0073681530860912441 -0.21847879609891346 0.012345870985520205 -0.070831226405080841 0.018376411445333123 0.029753273525096414
leaf_weight=44142464 39418733 72 28 90 23 2385 31 606 62 201 124 68 29 92 254 34 28 76 75 1488 2752 24 252 2126 7749 21 884 749 229 1588
leaf_count=44142464 39418733 72 28 90 23 2385 31 606 62 201 124 68 29 92 254 34 28 76 75 1488 2752 24 252 2126 7749 21 884 749 229 1588
internal_value=0 5.01844e-05 -0.0549689 0.00764407 -0.132741 5.04816e-05 -0.0113242 -0.0166431 0.0165187 -0.0418638 -0.075746 -0.0154067 -0.0208942 0.00507108 0.0181593 -0.0165573 0.0165858 -0.0611758 0.0928801 5.1654e-05 5.3836e-05 0.0149985 0.070113 -0.00574697 -0.00192686 -0.00793872 -0.0161364 -0.0242479 -0.0499431 0.0132592
internal_weight=0 3.94409e+07 213 118 95 3.94407e+07 4065 3413 652 1028 393 192 635 590 498 244 210 104 106 3.94366e+07 3.94218e+07 3028 276 14834 10846 7770 3988 3104 978 3076
internal_count=83583337 39440873 213 118 95 39440660 4065 3413 652 1028 393 192 635 590 498 244 210 104 106 39436595 39421761 3028 276 14834 10846 7770 3988 3104 978 3076
is_linear=0
shrinkage=0.1


Tree=63
num_leaves=31
num_cat=0
split_feature=0 19 1 21 4 10 8 15 17 14 16 21 0 21 16 4 21 4 0 0 16 4 14 21 5 1 17 0 4 2
split_gain=18.1411 22.7812 18.9619 61.0857 83.7807 308.643 113.928 97.8986 91.1807 70.2932 73.4996 108.741 167.193 99.2959 71.952 65.4351 55.2668 196.992 130.976 87.0923 92.7269 70.3333 64.1651 55.5325 55.0557 69.2342 75.2699 90.4376 81.8679 111.847
threshold=3.6336807012557988 1.0000000180025095e-35 1.2685988943616566e-06 0.14758133888244632 2.4501844644546513 0.0041531238239258536 0.027705091051757339 0.95520761609077465 1.0000000180025095e-35 0.063121799379587187 1.0000000180025095e-35 0.96736225485801708 225.68488311767581 0.95119279623031627 0.21186246722936633 3.7085624933242802 0.6958109736442567 2.8480045795440678 506.86210632324224 358.18016052246099 0.031091284938156608 3.2962214946746831 0.0058140854816883811 0.49418027698993688 0.9786944091320039 0.11901402357372727 0.96838635206222545 163.9817810058594 4.1249356269836435 0.0029345257871435004
decision_type=2 2 2 2 2 2 2 2 2 2 2 2 2 2 2 2 2 2 2 2 2 2 2 2 2 2 2 2 2 2
left_child=1 -1 3 -2 -5 6 7 9 -8 10 11 -6 15 14 16 -13 17 23 21 20 -18 -19 -23 -12 -4 26 27 -26 29 -29
right_child=2 -3 24 4 5 -7 8 -9 -10 -11 13 12 -14 -15 -16 -17 19 18 -20 -21 -22 22 -24 -25 25 -27 -28 28 -30 -31
leaf_value=-0.00073356816780676456 2.6168000944256715e-05 0.069644691944932155 -0.00010894171576312985 -0.0014786126902240646 -0.03851446787518209 -0.0035040251790561545 -0.014335836139825746 0.10784695111762953 0.15111227904756863 -9.3926976344758467e-05 -0.41885536402463919 -0.15588630311868409 -0.34389038731654487 0.048487115563012856 -0.026086490292634285 -0.0029904722252435852 -0.11952090597448824 0.092825730796903372 -0.26168621726907215 -0.061125947143404913 -0.31963087508552956 -0.109240778865343 0.078925085510127252 -0.18862012191252275 0.012330192926079939 -0.07999041539526755 -0.066134832411862354 -0.049760830517435926 0.1096776267226475 0.18034941543425834
leaf_weight=344453 70020432 46 13167927 39882 723 7819 161 34 42 155 20 55 30 39 70 57 39 41 26 39 57 74 24 22 577 62 77 86 240 28
leaf_count=344453 70020432 46 13167927 39882 723 7819 161 34 42 155 20 55 30 39 70 57 39 41 26 39 57 74 24 22 577 62 77 86 240 28
internal_value=0 -0.000724171 2.99639e-06 2.36878e-05 -0.00349122 -0.0119164 -0.0504272 -0.0599124 0.0198948 -0.06379 -0.0712922 -0.0542276 -0.134232 -0.104021 -0.118458 -0.0780732 -0.137364 -0.1049 -0.0556824 -0.187142 -0.238336 -0.0171494 -0.0631593 -0.298256 -0.000107099 0.0225754 0.028884 0.0367428 0.0765338 0.00675748
internal_weight=0 344499 8.32388e+07 7.00698e+07 49409 9527 1708 1505 203 1471 1316 865 142 451 412 112 342 207 165 135 96 139 98 42 1.3169e+07 1070 1008 931 354 114
internal_count=83583337 344499 83238838 70069841 49409 9527 1708 1505 203 1471 1316 865 142 451 412 112 342 207 165 135 96 139 98 42 13168997 1070 1008 931 354 114
is_linear=0
shrinkage=0.1


Tree=64
num_leaves=31
num_cat=0
split_feature=15 1 0 2 4 2 2 16 4 4 1 1 16 21 21 2 1 1 1 14 15 16 4 14 4 16 4 4 4 2
split_gain=16.5342 44.1603 30.2574 31.8819 92.2215 88.8008 69.6625 33.2998 26.3829 45.6014 61.9372 94.1896 40.0459 32.1473 31.8369 30.3848 43.1024 35.1492 31.9501 25.2632 20.9316 19.9621 23.5687 24.9728 26.4589 52.9753 21.9848 60.396 26.2176 37.6763
threshold=0.91982218623161327 0.022602373240295955 436.31643676757818 -0.036123473714955744 2.2045080661773686 -0.010095738207090548 -0.015869860081363697 0.016869972459971908 1.2175465226173403 1.4219149947166445 0.00017007771488090003 0.00021339958797905002 0.0034461959730833773 0.37976855039596563 0.93488201498985302 -0.0032807336102050996 5.2554929256105975e-05 0.00022619132765070005 0.00019710340925060003 0.95356911420822155 0.95520761609077465 0.0019228749442845585 0.20432749390602115 0.60383576154708873 2.2045080661773686 0.018359094858169559 0.93508899211883556 0.9097374975681306 0.7839840054512025 -0.0013167810384276497
decision_type=2 2 2 2 2 2 2 2 2 2 2 2 2 2 2 2 2 2 2 2 2 2 2 2 2 2 2 2 2 2
left_child=-1 2 19 4 -4 6 -5 -8 13 10 12 -12 -10 15 -15 17 -17 -7 -18 21 -3 -2 -23 24 26 -26 27 28 -24 -30
right_child=1 20 3 5 -6 8 7 -9 9 -11 11 -13 -14 14 -16 16 18 -19 -20 -21 -22 22 23 -25 25 -27 -28 -29 29 -31
leaf_value=1.1911853041182511e-06 -0.00051036133881975239 0.042467342644203002 -0.014378602677606978 -0.02333798991287795 0.20321243131267175 0.064474059797025154 -0.10948064103722573 -0.25911769993603229 -0.03448897736675427 -0.0071042364889610677 -0.31003856122493745 -0.018884646266698838 0.051582572094590988 -0.1699646564111823 -0.027502783308661873 0.0013734302652903417 -0.038408454620550342 -0.030498462506673402 0.003455860939314357 0.013905614409652368 0.16725149013102056 0.016070609487587338 -0.0095787526326386631 0.032897083485126495 -0.13982474924778218 -0.00085021666600368926 0.00012895723600795075 -0.1346789285280677 0.0359822688478173 -0.058558557052816818
leaf_weight=83523458 45012 41 64 106 28 140 58 20 645 3162 20 25 59 21 62 4785 519 54 281 1151 20 359 1545 125 48 64 1128 43 51 243
leaf_count=83523458 45012 41 64 106 28 140 58 20 645 3162 20 25 59 21 62 4785 519 54 281 1151 20 359 1545 125 48 64 1128 43 51 243
internal_value=0 -0.00166111 -0.00174783 -0.006753 0.0518448 -0.00729442 -0.0761199 -0.147849 -0.00599862 -0.0123596 -0.0345459 -0.148286 -0.0272756 -0.00175469 -0.0635474 -0.000867205 -0.00221863 0.0380384 -0.0237036 -0.000737228 0.0833802 -0.00108389 -0.00824294 -0.0109311 -0.012686 -0.0604107 -0.0109101 -0.0175266 -0.0147873 -0.0421586
internal_weight=0 59879 59818 10049 92 9957 184 78 9773 3911 749 45 704 5862 83 5779 5585 194 800 49769 61 48618 3606 3247 3122 112 3010 1882 1839 294
internal_count=83583337 59879 59818 10049 92 9957 184 78 9773 3911 749 45 704 5862 83 5779 5585 194 800 49769 61 48618 3606 3247 3122 112 3010 1882 1839 294
is_linear=0
shrinkage=0.1


Tree=65
num_leaves=31
num_cat=0
split_feature=19 16 0 0 1 5 0 3 4 16 5 3 3 1 5 0 4 5 0 0 4 0 4 1 5 0 0 0 4 0
split_gain=16.2734 39.3766 33.0877 32.3137 104.772 51.609 21.4504 20.4714 78.2677 98.0986 78.3549 91.0581 68.7305 46.9913 26.8228 25.6909 24.2742 61.7535 20.2055 60.7116 19.0276 18.9944 18.8292 19.103 18.3216 41.5956 33.1337 23.2784 22.6269 24.5453
threshold=0.89998707175254833 0.072299193590879454 25.978916168212894 316.04861450195318 0.044340174418349858 0.85133957862854015 111.50322723388673 0.94000000000000006 4.1249356269836435 0.0085522318258881586 1.0000000180025095e-35 0.9850000000000001 0.99500000000000011 0.11901402357372727 0.85133957862854015 202.60593414306643 4.1249356269836435 0.96036258339881908 73.445610046386733 176.37532043457034 4.1249356269836435 495.61720275878912 4.1249356269836435 0.022602373240295955 0.049016393721103675 163.9817810058594 138.6287536621094 235.2858810424805 3.7085624933242802 202.60593414306643
decision_type=2 2 2 2 2 2 2 2 2 2 2 2 2 2 2 2 2 2 2 2 2 2 2 2 2 2 2 2 2 2
left_child=-1 2 22 7 20 -6 -3 14 -9 10 11 -10 15 -13 24 -12 -16 18 -18 -20 -5 -22 -2 -24 25 26 -4 -26 -27 -30
right_child=1 6 3 4 5 -7 -8 8 9 -11 12 13 -14 -15 16 -17 17 -19 19 -21 21 -23 23 -25 27 28 -28 -29 29 -31
leaf_value=1.7135016315294084e-07 0.061139398548556004 -0.00032197644271082798 -0.056002052971608429 0.13035752391990493 -0.15007738537258575 0.0081945354609112998 0.08391221968622338 -0.16003534546302212 0.21410078288534204 -0.186603621231473 -0.056109390772778447 0.06953352570045189 0.081529270385702457 -0.10390312927109856 0.060156600684826526 -0.19678258340805771 -0.046783975617339213 -0.12565040470141431 0.16094468213893751 -0.053149625658988953 0.0094260776583410671 0.10102336317714718 -0.0539196290075779 0.042727926707802677 -0.065277384945324493 -0.088521963074093768 -0.1567909652588978 -0.20051841393113135 0.10277787457619394 -0.016472580350107617
leaf_weight=83582082 76 59 146 34 45 38 62 31 37 23 37 61 30 21 36 20 30 46 27 26 61 36 43 39 35 21 42 20 28 45
leaf_count=83582082 76 59 146 34 45 38 62 31 37 23 37 61 30 21 36 20 30 46 27 26 61 36 43 39 35 21 42 20 28 45
internal_value=0 -0.0113871 -0.0171732 -0.0240459 0.0102892 -0.0776155 0.0428393 -0.0336886 -0.0109134 0.00927338 0.0311431 0.0838765 -0.0409864 0.0251168 -0.0454845 -0.105468 -0.0124496 -0.0327118 0.0187963 0.0559173 0.0659846 0.0434209 0.0252813 -0.00795311 -0.0616589 -0.0513616 -0.0785187 -0.114456 0.00295269 0.0292673
internal_weight=0 1255 1134 976 214 83 121 762 260 229 206 119 87 82 502 57 165 129 83 53 131 97 158 82 337 282 188 55 94 73
internal_count=83583337 1255 1134 976 214 83 121 762 260 229 206 119 87 82 502 57 165 129 83 53 131 97 158 82 337 282 188 55 94 73
is_linear=0
shrinkage=0.1


Tree=66
num_leaves=31
num_cat=0
split_feature=3 16 14 20 2 19 5 16 16 5 4 0 1 16 0 4 1 4 0 4 0 20 2 0 3 2 1 3 2 8
split_gain=15.8383 57.6377 53.1561 61.0409 64.8373 48.4208 51.1021 140.989 94.3178 38.8936 57.0951 56.6474 77.4945 67.0309 58.8669 46.1134 34.6847 32.2123 28.8329 28.8832 27.9881 24.044 20.2762 19.2603 18.911 152.918 87.0658 96.0847 75.1269 63.7153
threshold=0.99500000000000011 0.30992460250854498 0.88896119594573986 0.99087658524513256 -0.061319766327495938 0.0062342362944036731 0.049016393721103675 0.014322658069431784 0.085833936929702773 0.25769706070423132 4.1249356269836435 464.83201599121099 0.022602373240295955 0.12770125269889834 252.3084411621094 3.7085624933242802 0.0043001431718542515 2.0749150514602666 86.898849487304702 1.8124960064888003 187.01907348632815 0.11148120462894441 -0.13942908818419067 118.70814514160158 0.36500000000000005 0.038153802012640257 0.01378040526756105 0.43500000000000005 0.079186083873652863 0.41075596213340765
decision_type=2 2 2 2 2 2 2 2 2 2 2 2 2 2 2 2 2 2 2 2 2 2 2 2 2 2 2 2 2 2
left_child=24 2 3 5 -5 9 7 -7 -9 10 15 12 -12 14 21 16 -2 18 -18 -20 22 -14 -11 -23 -1 29 27 -27 -29 -26
right_child=1 -3 -4 4 -6 6 -8 8 -10 20 11 -13 13 -15 -16 -17 17 -19 19 -21 -22 23 -24 -25 25 26 -28 28 -30 -31
leaf_value=8.6375618198196918e-07 0.093508138301383173 0.17197774072939701 0.17016687437891961 0.009366109254411779 -0.21618292091786862 0.0029822357957474672 0.021340676936045015 -0.27196323706915509 -0.03691949283163394 0.0040896526310178968 -0.0044491416950677379 -0.03054038243564336 0.035933654243391094 -0.0063893852134545639 0.2762543266018232 -0.1239011613773587 -0.13231843107690414 0.042568727447387746 0.034887479656540293 -0.10445838975054877 0.075214596154789135 0.091494901999831207 -0.087187587570855929 0.22436817257354658 -0.0017797645210817497 0.012238480643399302 -0.035205228437837632 -0.072630022950470455 -0.27518059262768069 0.054670248214973238
leaf_weight=83543282 56 22 20 26 25 171 216 38 31 45 48 38 22 24 39 23 24 106 51 21 24 20 53 24 38180 31 399 30 47 201
leaf_count=83543282 56 22 20 26 25 171 216 38 31 45 48 38 22 24 39 23 24 106 51 21 24 20 53 24 38180 31 399 30 47 201
internal_value=0 0.0116497 0.0085692 0.00569635 -0.101197 0.0107723 -0.0139464 -0.0457048 -0.166364 0.0290113 0.0414531 0.0802407 0.104024 0.144386 0.178849 0.0117758 0.0238711 0.00456573 -0.0373959 -0.00575507 -0.0215718 0.121292 -0.0452746 0.163971 -1.62493e-07 -0.00220486 -0.0567651 -0.136417 -0.196265 -0.00148414
internal_weight=0 1167 1145 1125 51 1074 456 240 69 618 496 215 177 129 105 281 258 202 96 72 122 66 98 44 8.35822e+07 38888 507 108 77 38381
internal_count=83583337 1167 1145 1125 51 1074 456 240 69 618 496 215 177 129 105 281 258 202 96 72 122 66 98 44 83582170 38888 507 108 77 38381
is_linear=0
shrinkage=0.1


Tree=67
num_leaves=31
num_cat=0
split_feature=18 4 3 11 14 15 0 2 1 2 0 1 4 16 4 4 4 4 16 3 4 18 10 16 18 4 16 1 6 0
split_gain=15.4041 37.0699 38.5752 40.1809 33.4999 29.1267 32.1455 66.5869 56.958 29.6547 25.3257 32.312 56.6463 59.4386 65.3884 28.9155 36.3752 21.4304 38.9894 20.5763 18.8878 18.5276 32.5698 17.5312 17.4273 16.8239 16.1268 25.9247 15.9666 20.4169
threshold=1.0000000180025095e-35 2.8480045795440678 1.0000000180025095e-35 1.0000000180025095e-35 0.14622486382722857 0.0099273095838725584 376.42982482910162 -0.00063641422617689988 2.7296083223824887e-05 0.00074605675514810013 48.880252838134773 5.7752248042506218e-06 0.86227852106094371 0.011285075917840006 2.4501844644546513 1.7488110065460207 1.6071889996528628 1.8814939856529238 0.029019912704825405 0.13500000000000004 2.4501844644546513 0.42527222633361822 0.39238545298576361 0.011581532191485168 0.42527222633361822 0.31237700581550604 0.062965810298919692 4.3149070381478609e-05 1.0000000180025095e-35 172.17602539062503
decision_type=2 2 2 2 2 2 2 2 2 2 2 2 2 2 2 2 2 2 2 2 2 2 2 2 2 2 2 2 2 2
left_child=-1 2 3 10 5 6 23 -8 21 -10 -2 15 25 -14 26 16 28 -17 20 -4 -19 22 -9 -3 -25 -13 27 -15 29 -12
right_child=1 4 19 -5 -6 -7 7 8 9 -11 11 12 13 14 -16 17 -18 18 -20 -21 -22 -23 -24 24 -26 -27 -28 -29 -30 -31
leaf_value=2.3521605230255952e-07 0.026862088650417049 -0.012277853442890676 0.027465734717974422 -0.12870638061028261 -0.11942130451401074 -0.13701477277846563 0.078175741214962569 -0.13327349764294924 -0.22035718991838654 -0.091235450485154343 -0.037343324844148894 0.0012021453560304802 -0.021360959650757391 -0.10030351813744616 -0.24750836613987173 0.08993123887637744 -0.1141857523577554 0.0058315181993290879 -0.059901523736771205 0.12158176285716205 0.056827426567062279 0.012188186876924842 0.029400906898081305 -0.0113171337521635 0.081629019460186025 0.08534684965653079 -0.13208162205723614 0.045934998447244822 -0.079762743173965395 0.016252496320521458
leaf_weight=83580830 233 479 218 26 36 21 34 32 29 46 105 74 175 27 28 41 35 163 60 26 131 56 20 38 43 35 26 22 28 220
leaf_count=83580830 233 479 218 26 36 21 34 32 29 46 105 74 175 27 28 41 35 163 60 26 131 56 20 38 43 35 26 22 28 220
internal_value=0 -0.00783854 0.000747022 -0.00552756 -0.0250611 -0.0208043 -0.0176635 -0.0503383 -0.0742152 -0.141163 -0.00324485 -0.0092405 -0.0328787 -0.0568351 -0.117107 0.00244274 -0.0169468 0.0214887 0.0135617 0.0374945 0.0285542 -0.027724 -0.0707064 -0.00500196 0.0380247 0.0282211 -0.0684233 -0.0346454 -0.00730554 -0.00106308
internal_weight=0 2507 1673 1429 834 798 777 217 183 75 1403 1170 387 278 103 783 388 395 354 244 294 108 52 560 81 109 75 49 353 325
internal_count=83583337 2507 1673 1429 834 798 777 217 183 75 1403 1170 387 278 103 783 388 395 354 244 294 108 52 560 81 109 75 49 353 325
is_linear=0
shrinkage=0.1


Tree=68
num_leaves=31
num_cat=0
split_feature=0 3 3 2 5 5 14 5 10 11 8 7 4 4 4 14 7 17 3 5 1 14 1 8 4 17 5 4 8 2
split_gain=15.2868 58.1454 54.7754 123.249 98.5508 460 52.0644 49.9987 69.8198 78.9852 70.7688 64.4909 63.736 278.567 150.714 221.178 138.453 91.1311 189.88 90.2838 121.365 91.2352 86.7277 88.8171 92.251 100.467 119.665 79.9559 266.986 188.658
threshold=144.41831207275393 0.94000000000000006 0.9850000000000001 -0.091544026879993592 0.60100281238555919 0.36845214664936071 0.24135228246450427 1.0000000180025095e-35 0.10982070490717889 1.0000000180025095e-35 0.75640788674354564 0.30480475723743444 2.2045080661773686 1.9754605293273928 2.8480045795440678 0.079122819006443038 0.58247444033622753 0.38154087960720068 0.03500000000000001 0.096841994673013701 1.7716112498350033e-06 0.045642673969268806 0.00086125545649550015 0.28565442562103277 2.4501844644546513 0.83641010522842418 0.7570268213748933 3.2962214946746831 0.055271193385124213 -1.0000000180025095e-35
decision_type=2 2 2 2 2 2 2 2 2 2 2 2 2 2 2 2 2 2 2 2 2 2 2 2 2 2 2 2 2 2
left_child=1 -1 3 4 5 -3 -4 11 9 12 -10 -2 13 -9 15 16 22 27 19 20 -19 -21 23 -14 25 26 -25 28 29 -16
right_child=7 2 6 -5 -6 -7 -8 8 10 -11 -12 -13 14 -15 17 -17 -18 18 -20 21 -22 -23 -24 24 -26 -27 -28 -29 -30 -31
leaf_value=-5.5562193829802294e-05 3.4800224763029564e-05 0.063620087106179987 -0.001125482033787971 0.0060783112143878142 -0.10115901609433109 0.55671542733907697 0.1175856681418066 -0.0019990438018396488 0.038216597271999317 0.10388613493996673 -0.069692603016600893 0.022831317863883677 -0.0082488907747279121 0.12787733197646131 -0.30907199161522314 0.14720358609849094 -0.2908371736960752 0.013201129388263717 -0.15855408312885888 0.049105043385057189 -0.28122957150141398 -0.059147705064090186 0.10852942104850496 -0.10067419441652366 -0.1451237890513698 -0.22383887682642256 0.068228218078981204 -0.012321374238316118 0.083216612956739378 0.010439937896583052
leaf_weight=31934343 51629570 350 1331 666 29 20 38 2678 572 64 68 1241 157 176 33 49 28 42 56 822 21 86 28 87 199 28 81 10163 269 42
leaf_count=31934343 51629570 350 1331 666 29 20 38 2678 572 64 68 1241 157 176 33 49 28 42 56 822 21 86 28 87 199 28 81 10163 269 42
internal_value=0 -5.43842e-05 0.015401 0.0324093 0.0763602 0.0902739 0.00216964 3.36297e-05 -0.00559998 -0.00697034 0.0267512 3.53482e-05 -0.00744191 0.00601015 -0.0105911 -0.0571781 -0.0736496 -0.00793745 0.0204939 0.0308201 -0.0849424 0.038852 -0.0631647 -0.0718739 -0.0971628 -0.0484676 -0.0192391 -0.0107165 0.0366988 -0.130145
internal_weight=0 3.19368e+07 2434 1065 399 370 1369 5.16466e+07 15749 15109 640 5.16308e+07 15045 2854 12191 657 608 11534 1027 971 63 908 580 552 395 196 168 10507 344 75
internal_count=83583337 31936777 2434 1065 399 370 1369 51646560 15749 15109 640 51630811 15045 2854 12191 657 608 11534 1027 971 63 908 580 552 395 196 168 10507 344 75
is_linear=0
shrinkage=0.1


Tree=69
num_leaves=31
num_cat=0
split_feature=15 19 15 4 4 4 16 8 17 5 5 7 15 16 0 2 5 0 15 10 4 1 21 4 4 15 0 15 15 1
split_gain=15.132 71.0273 82.0776 149.794 236.773 68.1129 49.9844 43.9578 119.285 124.131 40.199 148.217 85.1986 51.5819 46.5213 51.158 38.722 67.7255 37.9263 36.783 126.001 81.1309 54.8099 48.1054 139.755 137.069 134.344 77.9421 233.163 117.387
threshold=0.0023978137178346519 1.0000000180025095e-35 0.63782721757888805 3.2962214946746831 3.7085624933242802 0.7140755057334901 0.098554659634828581 0.69257628917694103 0.067876499146223082 0.85133957862854015 0.40354140102863317 0.081993490457534804 0.052415411919355399 0.40146872401237493 148.25789642333987 0.00097380168486155012 0.85133957862854015 152.02809143066409 0.1498612463474274 1.0000000180025095e-35 1.8814939856529238 0.044340174418349858 0.93792167305946361 3.7085624933242802 2.4501844644546513 0.22056048363447192 176.37532043457034 0.84166643023490917 0.89104062318801891 0.00099395272523000017
decision_type=2 2 2 2 2 2 2 2 2 2 2 2 2 2 2 2 2 2 2 2 2 2 2 2 2 2 2 2 2 2
left_child=-1 7 3 5 -5 -3 -6 10 16 18 11 19 -13 -14 -12 -16 -9 -18 -10 20 -2 -21 23 24 -22 -26 -27 -28 29 -29
right_child=1 2 -4 4 6 -7 -8 8 9 -11 14 12 13 -15 15 -17 17 -19 -20 21 22 -23 -24 -25 25 26 27 28 -30 -31
leaf_value=3.289490013189107e-06 -0.00019923900117592913 -0.064343002318385897 0.059113516109646304 -0.42494409745931627 -0.026737538237745564 0.017303964027114923 -0.20928317472338676 -0.061550862538452093 0.048682263841231671 0.2377334972438605 -0.0077912574561127407 -0.18898455700913416 -0.0063888715404798006 -0.18488091709092261 0.0719134036127142 -0.045233738261528988 -0.076527277706190944 -0.29875050596892833 -0.074608460737259269 0.0031031153362606665 -0.0053679950534071333 -0.18478535705286525 0.063449893844008981 0.01233546513961656 -0.0043893942932510489 -0.002295689459704165 -0.051155484471866665 -0.18053072859356936 -0.057232465546835087 -0.4391829123963481
leaf_weight=83086652 426316 199 80 25 60 210 20 74 45 23 211 61 85 20 244 44 32 24 56 29226 35719 23 113 1339 1119 385 603 74 232 23
leaf_count=83086652 426316 199 80 25 60 210 20 74 45 23 211 61 85 20 244 44 32 24 56 29226 35719 23 113 1339 1119 385 603 74 232 23
internal_value=0 -0.000550317 -0.0351092 -0.0497742 -0.156319 -0.0224216 -0.0723739 -0.000508938 -0.042099 0.0280685 -0.000487633 -0.000516211 -0.0949924 -0.0403874 0.027881 0.0540159 -0.109028 -0.171766 -0.0196769 -0.000484539 -0.000700485 0.00295537 -0.00609572 -0.0062947 -0.0069485 -0.0301235 -0.0519886 -0.0725163 -0.111667 -0.241861
internal_weight=0 496685 594 514 105 409 80 496091 254 124 495837 495338 166 105 499 288 130 56 101 495172 465923 29249 39607 39494 38155 2436 1317 932 329 97
internal_count=83583337 496685 594 514 105 409 80 496091 254 124 495837 495338 166 105 499 288 130 56 101 495172 465923 29249 39607 39494 38155 2436 1317 932 329 97
is_linear=0
shrinkage=0.1


Tree=70
num_leaves=31
num_cat=0
split_feature=0 19 5 20 19 17 16 1 5 4 0 8 0 4 1 1 0 0 0 17 0 4 17 14 17 14 10 7 2 21
split_gain=14.5826 20.5876 21.4789 21.5334 18.2111 16.6328 81.2809 33.8535 33.5668 47.2584 32.0452 28.5472 26.1972 34.937 37.1185 66.0714 34.5422 30.8051 38.7552 25.877 25.5203 29.2925 25.2588 52.1173 46.8302 49.6602 89.2745 44.7613 61.9259 64.5703
threshold=5.3941833972930917 1.0000000180025095e-35 0.049016393721103675 1.0000000180025095e-35 0.72722861170768749 0.96838635206222545 0.012943081557750704 6.338421654952858e-06 0.9786944091320039 1.6071889996528628 202.60593414306643 0.99960151314735424 655.74755859375011 4.1249356269836435 1.0000000180025095e-35 6.338421654952858e-06 191.34533691406253 237.61938476562503 99.652553558349624 0.9971309006214143 176.37532043457034 2.2045080661773686 0.067876499146223082 0.039692781865596778 0.51474943757057201 0.085359957069158568 0.52343401312828075 0.30480475723743444 -0.017909828307078397 0.93930301070213329
decision_type=2 2 2 2 2 2 2 2 2 2 2 2 2 2 2 2 2 2 2 2 2 2 2 2 2 2 2 2 2 2
left_child=1 2 3 -1 -3 11 7 8 9 -7 19 22 13 20 17 16 -16 18 -15 -10 21 -13 27 -24 -25 26 -26 -2 -29 -30
right_child=5 4 -4 -5 -6 6 -8 -9 10 -11 -12 12 -14 14 15 -17 -18 -19 -20 -21 -22 -23 23 24 25 -27 -28 28 29 -31
leaf_value=-0.00049330689468983448 3.7559060912666998e-06 0.10983022328826689 0.028595890830464363 0.085678932173498756 0.013669102890761915 -0.070404023313820951 0.18465123510076886 -0.047885483419951289 -0.056223900747057555 -0.0051317563345075609 0.1231232358252301 -0.03414598572999239 0.11771310142896795 -0.097037572007287631 0.041786715560234514 -0.027451526174942655 0.21422254620563416 -0.10440261076062413 0.080324088143450878 0.045532865327625696 -0.018375946937212305 0.062334659495204697 0.0087445836420144193 0.0024991510313188891 -0.040610278552123465 -0.016207117295160663 -0.23147289214614453 0.034859688902912016 -0.011790637300488597 0.098063508685057366
leaf_weight=650012 82914663 31 254 29 54 126 21 239 37 927 34 36 27 22 26 90 21 59 28 77 67 250 7904 1314 117 629 31 313 5845 54
leaf_count=650012 82914663 31 254 29 54 126 21 239 37 927 34 36 27 22 26 90 21 59 28 77 67 250 7904 1314 117 629 31 313 5845 54
internal_value=0 -0.00047167 -0.000478102 -0.000489463 0.0487396 3.6991e-06 -0.010666 -0.0135144 -0.00667453 -0.0129421 0.0379185 3.88707e-06 0.0213586 0.0170154 -0.0119147 0.0227335 0.118833 -0.0554634 0.00228496 0.0125065 0.0371763 0.0501902 3.72587e-06 0.00503049 -0.00900883 -0.0284702 -0.0805883 3.11996e-06 -0.00848515 -0.010785
internal_weight=0 650380 650295 650041 85 8.2933e+07 1461 1440 1201 1053 148 8.29315e+07 626 599 246 137 47 109 50 114 353 286 8.29309e+07 9995 2091 777 148 8.29209e+07 6212 5899
internal_count=83583337 650380 650295 650041 85 82932957 1461 1440 1201 1053 148 82931496 626 599 246 137 47 109 50 114 353 286 82930870 9995 2091 777 148 82920875 6212 5899
is_linear=0
shrinkage=0.1


Tree=71
num_leaves=31
num_cat=0
split_feature=2 4 3 0 3 1 5 4 4 8 21 1 21 7 4 21 2 17 8 2 17 21 3 16 7 0 5 0 16 3
split_gain=14.4309 28.673 108.741 51.2422 87.045 49.5381 64.3742 51.6906 177.899 49.1074 36.4391 35.1245 303.772 47.1582 33.6944 36.3333 31.9712 29.5052 72.662 130.567 78.5994 50.7028 75.8126 63.7593 42.5214 54.4856 85.1986 35.8005 46.7382 51.6824
threshold=-0.0011064755051603998 0.12525350600481036 0.94000000000000006 85.389560699462905 0.99500000000000011 3.1425987534877574e-05 0.96036258339881908 0.22501750290393832 0.2207015007734299 0.57906788587570202 0.39774918556213384 0.0095052415006805016 0.64792796969413768 1.0000000180025095e-35 0.84380698204040538 0.99136865139007579 -0.022057189953861547 1.0000000180025095e-35 0.28565442562103277 -0.0015277440808570998 0.51474943757057201 0.19361241906881335 0.015000000000000001 0.020864207297563556 0.70886594057083141 309.80842590332037 0.71975320577621471 104.77016448974611 0.18074467778205874 0.045000000000000005
decision_type=2 2 2 2 2 2 2 2 2 2 2 2 2 2 2 2 2 2 2 2 2 2 2 2 2 2 2 2 2 2
left_child=1 2 9 -4 16 6 7 8 -3 11 -9 -1 13 -13 15 -12 -5 -7 24 20 21 22 -20 -24 27 -26 -27 -19 -29 -30
right_child=-2 5 3 4 -6 17 -8 10 -10 -11 14 12 -14 -15 -16 -17 -18 18 19 -21 -22 -23 23 -25 25 26 -28 28 29 -31
leaf_value=0.00068984027761720141 3.7044022881760675e-06 -0.0097840784893697824 0.00066323817469352909 -0.12623837474319671 0.031606771323519453 -0.00066979313071618279 -0.14956381989247872 -0.0072066395998002077 -0.13290890583079565 0.073083139468539268 0.1871730139961949 0.018128356703357371 0.40865040604025132 -0.12537873163819313 0.0062005362783473135 0.028499672417679141 -0.26478149136227946 -0.019184790659259387 -0.022528855643714919 -0.20731322743866426 0.016879902469649034 0.072995274983070513 -0.16615628738723257 -0.030949102855234778 -0.012025149096233341 -0.018197647246221704 -0.23364241027062937 0.026460242920790564 0.010683478096999773 -0.11912469087282614
leaf_weight=149652 82924132 598 43 36 24 501008 33 4503 146 94 27 499 20 24 98 31 31 367 165 44 229 27 102 53 325 45 31 819 82 49
leaf_count=149652 82924132 598 43 36 24 501008 33 4503 146 94 27 499 20 24 98 31 31 367 165 44 229 27 102 53 325 45 31 819 82 49
internal_value=0 -0.000466033 0.000746894 -0.0892965 -0.131805 -0.000824639 -0.0103197 -0.00946923 -0.0339457 0.000827178 -0.00556057 0.000781956 0.0261694 0.0115429 0.0419539 0.102365 -0.19034 -0.000722095 -0.0119298 -0.0412757 -0.0285922 -0.0586012 -0.0697047 -0.119924 -0.00133931 -0.0298503 -0.106076 0.00734173 0.0175893 -0.0378707
internal_weight=0 659205 150423 134 91 508782 5436 5403 744 150289 4659 150195 543 523 156 58 67 503346 2338 620 576 347 320 155 1718 401 76 1317 950 131
internal_count=83583337 659205 150423 134 91 508782 5436 5403 744 150289 4659 150195 543 523 156 58 67 503346 2338 620 576 347 320 155 1718 401 76 1317 950 131
is_linear=0
shrinkage=0.1


Tree=72
num_leaves=31
num_cat=0
split_feature=4 3 3 0 8 3 4 3 2 3 20 11 17 5 9 16 15 15 1 4 1 15 9 0 6 0 3 15 0 16
split_gain=13.4781 54.0088 64.7762 83.5867 51.6475 43.2652 142.066 47.2225 151.029 203.486 42.6069 42.3496 60.9312 89.1993 42.2649 76.8275 154.051 129.751 61.4393 57.0085 48.0633 41.9223 37.1786 99.4566 71.9367 74.1335 71.36 55.2143 40.5125 40.2952
threshold=0.33072100579738622 0.9850000000000001 0.99500000000000011 116.9557342529297 0.88807323575019848 0.94000000000000006 0.2207015007734299 0.43500000000000005 0.079186083873652863 0.49500000000000005 0.11148120462894441 0.91372239589691173 0.0062337550334632405 0.77027752995491039 0.58468642830848705 0.0050018555484712133 0.16094192117452624 0.81519126892089855 5.6660420142234267e-06 0.84380698204040538 6.3133975802462516e-06 0.60564395785331737 1.0000000180025095e-35 195.74001312255862 1.0000000180025095e-35 35.126678466796882 1.0000000180025095e-35 0.89736217260360729 289.20628356933599 0.11384675279259683
decision_type=2 2 2 2 2 2 2 2 2 2 2 2 2 2 2 2 2 2 2 2 2 2 2 2 2 2 2 2 2 2
left_child=1 4 3 -3 5 7 -7 10 -9 -10 22 12 -6 -14 -2 16 18 -18 -16 -19 -20 -17 24 -24 -1 -26 27 29 -27 -25
right_child=14 2 -4 -5 11 6 -8 8 9 -11 -12 -13 13 -15 15 21 17 19 20 -21 -22 -23 23 26 25 28 -28 -29 -30 -31
leaf_value=1.589785405710544e-05 -0.00011502062365742782 0.043022715582929812 0.041068877327359393 -0.15582205715278785 -0.075214107642967667 -0.02542551022187314 0.18083574701439253 -0.0070834389181784656 -0.24355141464315477 0.061747125338982134 -0.069175038072332912 0.067789012011958333 -0.040876561172430131 0.083696756738273412 0.05372665318553841 0.057785778060894126 -0.23309239352291283 0.06061331422201225 -0.12339096995624338 -0.1135723509332713 0.010379405718828951 0.18952109991306706 0.0032043125884658771 -0.033790469829256396 0.07190694657387213 -0.060608478845832384 -0.17997758581557058 -0.12637369700691156 -0.19602359652519227 0.021681312745016432
leaf_weight=74211925 9361115 29 45 78 238 85 55 5339 61 34 89 41 211 79 332 176 44 42 37 34 98 28 1778 844 40 190 33 57 25 155
leaf_count=74211925 9361115 29 45 78 238 85 55 5339 61 34 89 41 211 79 332 176 44 42 37 34 98 28 1778 844 40 190 33 57 25 155
internal_value=0 1.42617e-05 -0.0595945 -0.10193 1.43838e-05 1.46148e-05 0.0556057 1.45099e-05 -0.00930727 -0.134287 1.51925e-05 -0.0301134 -0.0377157 -0.00694107 -0.000113067 0.0230014 0.00462896 -0.0964314 0.0305974 -0.0173119 -0.0262836 0.0758671 1.52754e-05 -0.0113721 1.57154e-05 -0.0530977 -0.0351709 -0.0306457 -0.0763544 -0.0251837
internal_weight=0 7.42214e+07 152 107 7.42213e+07 7.42207e+07 140 7.42206e+07 5434 95 7.42151e+07 569 528 290 9.36191e+06 791 587 120 467 76 135 204 7.4215e+07 2867 7.42122e+07 255 1089 1056 215 999
internal_count=83583337 74221431 152 107 74221279 74220710 140 74220570 5434 95 74215136 569 528 290 9361906 791 587 120 467 76 135 204 74215047 2867 74212180 255 1089 1056 215 999
is_linear=0
shrinkage=0.1


Tree=73
num_leaves=31
num_cat=0
split_feature=2 1 7 7 16 14 20 5 7 21 3 0 2 16 0 4 15 2 21 1 4 3 3 4 16 15 2 16 0 1
split_gain=13.6224 43.9939 93.4603 130.859 110.904 74.7802 65.2009 58.417 37.7122 80.8735 36.6998 34.7586 42.8479 40.9188 32.8278 39.0624 131.462 63.0453 56.737 58.0274 65.2177 49.9197 45.9459 47.2239 108.464 40.4583 38.0022 45.3135 46.9063 32.7738
threshold=-0.052627014122101495 0.01378040526756105 1.0000000180025095e-35 0.1889370605349541 0.0055614423472434291 0.029797136783599857 0.94824603199958812 0.36845214664936071 0.10391378402709962 0.14758133888244632 0.91500000000000015 559.97473144531261 0.026242815265696152 0.21624092757701877 140.42445373535159 2.2045080661773686 0.022046980448067192 -0.036123473714955744 0.58018627762794506 0.022602373240295955 3.2962214946746831 0.49500000000000005 0.9850000000000001 2.0749150514602666 0.061738027259707458 0.15601377934217456 -0.009557467882336898 0.067562066018581404 232.85573577880862 0.00084324432152920001
decision_type=2 2 2 2 2 2 2 2 2 2 2 2 2 2 2 2 2 2 2 2 2 2 2 2 2 2 2 2 2 2
left_child=8 -2 5 4 -4 6 7 11 -1 29 -9 14 13 -13 -3 22 17 18 19 -17 -21 -20 23 -16 -25 -18 27 28 -19 -10
right_child=1 2 3 -5 -6 -7 -8 10 9 -11 -12 12 -14 -15 15 16 25 26 21 20 -22 -23 -24 24 -26 -27 -28 -29 -30 -31
leaf_value=0.0018262493088043075 -1.434563058177736e-07 0.0020335595618721897 -0.10494509500451386 -0.0057161608223032095 -0.39335114508867264 -0.050433748084008495 -0.15321496036545984 -0.040677314471792098 0.061766286617001669 0.14173700749253235 0.10577384706393078 0.024007342916646135 -0.045824365438734693 0.1699870786070824 -0.0067067124247952251 0.12385555889457465 -0.2470492934808135 -0.054579347189310713 -0.049188862402957903 -0.15171483131342156 0.024562399207455357 -0.23131805172409203 -0.076887344963471882 -0.020164794915101744 0.23443879926646197 -0.095335253700613978 -0.054426664508342208 0.12401580467368618 0.025066860035120042 -0.019766437701547325
leaf_weight=28328 83548973 2062 40 80 20 366 29 22 78 60 77 481 88 20 1584 20 32 105 27 43 41 34 89 44 27 39 111 33 250 134
leaf_count=28328 83548973 2062 40 80 20 366 29 22 78 60 77 481 88 20 1584 20 32 105 27 43 41 34 89 44 27 39 111 33 250 134
internal_value=0 -7.46158e-07 -0.00873688 -0.0894437 -0.20108 -0.00672782 -0.00368553 -0.00285624 0.00218207 0.03924 0.0732291 -0.00432456 0.0185309 0.0298349 -0.00728908 -0.0150435 -0.0343797 -0.0205504 -0.0741362 -0.0292266 -0.0656748 -0.150703 -0.00689439 -0.00313041 0.0766563 -0.163713 -0.00283157 0.0119289 0.00150953 0.0102315
internal_weight=0 8.35547e+07 5764 140 60 5624 5258 5229 28600 272 99 5130 589 501 4541 2479 735 664 165 104 84 61 1744 1655 71 71 499 388 355 212
internal_count=83583337 83554737 5764 140 60 5624 5258 5229 28600 272 99 5130 589 501 4541 2479 735 664 165 104 84 61 1744 1655 71 71 499 388 355 212
is_linear=0
shrinkage=0.1


Tree=74
num_leaves=31
num_cat=0
split_feature=19 16 16 0 3 3 0 0 0 9 5 2 16 10 3 21 1 21 16 0 7 10 4 20 3 5 16 5 1 21
split_gain=13.0209 33.3958 45.4621 38.7258 56.0324 31.7931 36.4983 30.7162 27.3133 20.546 15.259 14.0505 32.6899 57.7881 102.154 66.9781 61.9268 59.9989 51.4698 51.8503 49.0646 43.4277 42.8257 42.5746 74.3268 86.3307 69.6883 59.4745 45.5073 40.6621
threshold=0.89998707175254833 0.033523179590702064 0.014322658069431784 495.61720275878912 0.85500000000000009 0.99500000000000011 25.978916168212894 111.50322723388673 230.50006103515628 0.58468642830848705 0.85133957862854015 -0.052627014122101495 0.037778833881020553 0.39934630692005163 0.21500000000000002 0.14758133888244632 0.044340174418349858 0.92804139852523815 0.22078734636306765 136.87897491455081 0.031078938394784931 0.96890911459922802 2.8480045795440678 0.014903998468071224 0.03500000000000001 0.40354140102863317 0.21186246722936633 0.1542351916432381 0.00049513279850015013 0.71114426851272594
decision_type=2 2 2 2 2 2 2 2 2 2 2 2 2 2 2 2 2 2 2 2 2 2 2 2 2 2 2 2 2 2
left_child=11 2 3 5 -5 6 -2 -3 -4 -8 -11 12 -1 15 21 23 -17 18 19 -16 22 -15 29 24 -14 28 27 -25 -26 -18
right_child=1 7 8 4 -6 -7 9 -9 -10 10 -12 -13 13 14 17 16 20 -19 -20 -21 -22 -23 -24 26 25 -27 -28 -29 -30 -31
leaf_value=0.0040982910720996383 0.024580201808438527 -0.015105557053660354 -0.039553911867551507 0.12219847591283423 -0.057874152285081373 0.038729117411371 -0.03607574887286439 0.073662770945606207 -0.18617089598750075 0.095634572988464728 -0.018973452927401435 -5.9998796932978344e-07 0.0035739497846317206 -0.01446018407028859 -0.01706606913357973 0.0042852225951120907 0.11959575164823905 -0.21246735502147313 0.031102794728108812 -0.14412461623793379 0.20856476798653603 0.10333346449064487 0.013695504485145628 0.034574285504601947 0.10464603247550817 0.096175665410050057 0.088395448511226049 -0.06874128040135577 -0.028597421890842689 0.01281303178589299
leaf_weight=21675 136 72 27 48 27 92 697 85 24 21 26 83553906 2406 607 52 623 109 33 42 84 20 33 179 149 26 59 124 89 1813 53
leaf_count=21675 136 72 27 48 27 92 697 85 24 21 26 83553906 2406 607 52 623 109 33 42 84 20 33 179 149 26 59 124 89 1813 53
internal_value=0 -0.0101858 -0.0163542 -0.0118633 0.0573723 -0.0172055 -0.0230533 0.0329537 -0.10855 -0.0317605 0.0322344 1.52926e-07 0.00223287 -0.00398665 -0.0282801 -0.000327593 0.0233816 -0.0886209 -0.0656606 -0.0955434 0.0563374 -0.00838645 0.0474092 -0.00532756 -0.00809783 -0.0228936 0.0276095 -0.00406053 -0.0267136 0.0846607
internal_weight=0 1255 1098 1047 75 972 880 157 51 744 47 8.35821e+07 28176 6501 851 5650 984 211 178 136 361 640 341 4666 4304 1898 362 238 1839 162
internal_count=83583337 1255 1098 1047 75 972 880 157 51 744 47 83582082 28176 6501 851 5650 984 211 178 136 361 640 341 4666 4304 1898 362 238 1839 162
is_linear=0
shrinkage=0.1


Tree=75
num_leaves=31
num_cat=0
split_feature=2 2 20 2 4 20 3 4 4 16 2 2 1 4 19 5 16 21 16 16 10 3 20 16 16 5 16 16 2 5
split_gain=13.1703 29.3787 46.6306 64.6139 81.3201 52.393 64.9815 117.963 58.2422 52.0352 55.0564 49.1366 48.2882 75.6208 202.891 73.3708 72.34 67.9948 80.2437 88.8329 58.1689 47.7821 47.6316 47.3657 104.143 46.3942 52.255 71.3252 44.6135 69.1256
threshold=-0.0044677137796760484 -0.028498409452099398 0.77717861533164989 -0.13942908818419067 4.1249356269836435 0.014903998468071224 0.94000000000000006 4.1249356269836435 3.7085624933242802 0.045684203505516059 -0.091544026879993592 -0.13942908818419067 0.11901402357372727 3.2962214946746831 0.16884646564722064 0.85133957862854015 0.12299620732665063 0.99929577112197887 0.0026966895675286655 0.010321878828108312 0.44722357392311102 0.94000000000000006 0.64190500974655162 0.01350621832534671 0.035323562100529678 0.1542351916432381 0.045684203505516059 0.16842299699783328 -0.052627014122101495 0.60100281238555919
decision_type=2 2 2 2 2 2 2 2 2 2 2 2 2 2 2 2 2 2 2 2 2 2 2 2 2 2 2 2 2 2
left_child=1 2 5 23 -5 12 7 8 -7 10 11 22 15 14 16 -1 21 18 -15 -20 -21 -14 -9 -4 -25 -8 -27 -28 29 -6
right_child=-2 -3 3 4 28 6 25 9 -10 -11 -12 -13 13 17 -16 -17 -18 -19 19 20 -22 -23 -24 24 -26 26 27 -29 -30 -31
leaf_value=0.0015683486744225057 2.2598602746986745e-06 -0.0012396288763678212 -0.03459035635315471 0.17388217836618425 0.031554961108984758 0.025255029248924428 0.073899313286280605 -0.11544627349388291 0.18400307716085362 0.04536255232838763 0.038929896621868527 -0.21688702297123041 0.00017766188000806866 -0.0091030455466107312 0.22776929616201214 0.06876169766465122 0.086147377919405702 -0.18636922836303713 -0.21973572548150139 -0.029397885185258477 -0.14102083482501801 -0.072524712060009489 0.048551687679213029 -0.30177647719780604 -0.054705393797386509 0.045761183904620209 -0.10893206765720001 0.077871801319622236 -0.093242608338337529 -0.058285816575830374
leaf_weight=53672 83313288 212565 177 25 251 208 293 77 26 37 29 34 452 838 41 163 82 27 34 258 57 113 23 24 59 205 60 31 58 130
leaf_count=53672 83313288 212565 177 25 251 208 293 77 26 37 29 34 452 838 41 163 82 27 34 258 57 113 23 24 59 205 60 31 58 130
internal_value=0 -0.000697225 0.00130848 -0.0239097 -0.00154715 0.00163015 0.024056 -0.0053049 0.0428937 -0.0616973 -0.0859992 -0.113036 0.00121854 -0.0144409 0.012046 0.00177179 -0.00162427 -0.0294515 -0.0258822 -0.0661715 -0.0495963 -0.0143628 -0.0777267 -0.0638183 -0.126148 0.0456904 0.0177674 -0.0452956 -0.0115374 0.000900628
internal_weight=0 270049 57484 724 464 56760 1023 434 234 200 163 134 55737 1902 688 53835 647 1214 1187 349 315 565 100 260 83 589 296 91 439 381
internal_count=83583337 270049 57484 724 464 56760 1023 434 234 200 163 134 55737 1902 688 53835 647 1214 1187 349 315 565 100 260 83 589 296 91 439 381
is_linear=0
shrinkage=0.1


Tree=76
num_leaves=31
num_cat=0
split_feature=0 5 19 13 8 1 1 10 3 2 10 0 7 3 1 1 16 0 5 17 2 7 7 2 4 21 3 0 2 3
split_gain=12.7501 46.5888 28.8132 24.2147 22.0565 24.1935 16.9305 34.9632 58.2299 164.452 87.0253 67.0073 44.3046 76.3385 56.8508 100.082 72.2214 49.0871 43.0877 37.8972 33.3626 33.243 32.5976 30.0614 28.672 28.7837 45.2663 28.3534 29.8064 43.4353
threshold=13.600393295288088 0.049016393721103675 0.16884646564722064 1.0000000180025095e-35 0.88807323575019848 5.4821445152959349e-06 0.00011982301456490002 0.96339926123619091 0.81500000000000006 -0.13942908818419067 0.99999997019767772 262.83767700195318 0.46403479576110845 0.58500000000000008 0.00092714990842065017 0.0005569651264496501 0.022206485271453861 120.56685256958009 0.85133957862854015 0.022716500796377662 0.0015755562073793002 0.81900429725646984 0.81900429725646984 -0.0078288922935522472 2.4501844644546513 0.97221478819847118 0.45500000000000007 406.94541931152349 -0.028498409452099398 0.7350000000000001
decision_type=2 2 2 2 2 2 2 2 2 2 2 2 2 2 2 2 2 2 2 2 2 2 2 2 2 2 2 2 2 2
left_child=1 2 3 -1 5 -3 -2 12 9 11 -10 -9 27 14 15 18 17 -16 -14 22 21 24 -17 -20 -11 26 -26 -8 29 -29
right_child=6 4 -4 -5 -6 -7 7 8 10 20 -12 -13 13 -15 16 19 -18 -19 23 -21 -22 -23 -24 -25 25 -27 -28 28 -30 -31
leaf_value=-0.00023047797379920074 1.1332405457722422e-05 0.0093356115936069801 0.047403789211915237 0.05513417427015456 -0.019298964794988053 0.040929659466934443 2.8544020273498809e-06 -0.081804610860924568 0.013247045063797168 -0.0018388221064549214 0.25512384240116392 -0.30436910477777324 -0.013822608212624694 0.057385335379605378 -0.041338142063468697 0.04174547126836408 0.0088831112221149471 -0.12970844365230402 0.028830482065677645 -0.020031744478778406 0.0054517036315591631 0.096924506959815818 0.14615765849335327 -0.083183584990630666 -0.013406076347113081 0.015031264464409258 -0.073605343629606065 0.0050159505088552504 -0.0018634313271469298 -0.018483827823724649
leaf_weight=2602721 80260108 474 127 79 124 496 539818 31 51 3837 21 24 708 126 120 67 112 132 28 44 2215 30 54 166 5172 343 128 11017 154117 847
leaf_count=2602721 80260108 474 127 79 124 496 539818 31 51 3837 21 24 708 126 120 67 112 132 28 44 2215 30 54 166 5172 343 128 11017 154117 847
internal_value=0 -0.000217802 -0.000226473 -0.000228798 0.0204142 0.0254909 7.00403e-06 -0.000476022 -0.00586246 -0.00641045 0.0837944 -0.178924 -0.00038577 -0.0172358 -0.0238063 -0.0121645 -0.0579318 -0.0876273 -0.0252634 0.0594428 -0.00560122 -0.00817558 0.0883426 -0.0670166 -0.00850818 -0.0130431 -0.0148599 -0.000348599 -0.00149163 0.00333824
internal_weight=0 2.60402e+06 2.60293e+06 2.6028e+06 1094 970 8.09793e+07 719208 11852 11780 72 55 707356 1557 1431 1067 364 252 902 165 11725 9510 121 194 9480 5643 5300 705799 165981 11864
internal_count=83583337 2604021 2602927 2602800 1094 970 80979316 719208 11852 11780 72 55 707356 1557 1431 1067 364 252 902 165 11725 9510 121 194 9480 5643 5300 705799 165981 11864
is_linear=0
shrinkage=0.1


Tree=77
num_leaves=31
num_cat=0
split_feature=10 4 15 21 2 11 19 15 0 21 3 3 0 4 4 1 7 7 0 15 1 17 8 14 0 16 1 8 3 1
split_gain=12.9061 55.386 90.8294 85.236 62.8342 68.3652 61.8005 163.509 61.0079 64.3273 60.6282 65.1533 53.2086 52.4651 71.8531 49.7752 46.885 82.909 69.2186 58.6334 47.6787 106.072 59.7236 60.1187 59.673 56.3369 60.0788 54.8531 52.6892 87.2762
threshold=0.1175067536532879 1.8124960064888003 0.0072847213596105584 0.87404608726501476 -0.13942908818419067 0.43736563622951513 1.0000000180025095e-35 0.26540082693099981 591.06838989257824 0.96736225485801708 0.13500000000000004 0.085000000000000006 204.73631286621097 4.1249356269836435 3.2962214946746831 0.00058461766411365009 0.081993490457534804 0.46403479576110845 70.538833618164077 0.039835684001445777 5.4806743625438607e-05 0.79312804341316234 0.79319390654563915 0.0065720328129827985 200.0833435058594 0.17296927422285083 0.0017835623797280004 0.79319390654563915 0.045000000000000005 0.00021339958797905002
decision_type=2 2 2 2 2 2 2 2 2 2 2 2 2 2 2 2 2 2 2 2 2 2 2 2 2 2 2 2 2 2
left_child=1 -1 3 -3 10 8 16 12 -6 -10 11 -5 -8 14 -12 -14 20 18 -18 -20 24 22 23 25 -4 28 -27 -26 29 -22
right_child=-2 2 6 4 5 -7 7 -9 9 -11 13 -13 15 -15 -16 -17 17 -19 19 -21 21 -23 -24 -25 27 26 -28 -29 -30 -31
leaf_value=3.6261533685990242e-06 0.0004077853708204217 -0.00051083823151732593 -0.0017971207931457335 0.018463451978202691 -0.035394288191611091 0.077683556586748262 -0.05604718646832875 0.072823936840588299 -0.015300663049156019 0.11921130648049755 0.0043820503069774098 0.22445322283144509 -0.27461287771962034 0.10950852574573622 -0.16994231572108609 -0.087278569846049606 0.051417458648311681 0.015249592970723092 -0.22081150324665944 -0.078346902221584552 0.0060235514730480298 0.22076884731650354 -0.13763578847771693 0.030201016063853611 -0.0095446538176422475 -0.0178619827922121 -0.11637885480930535 -0.14716920030528102 0.01531584249522226 -0.016244518881145878
leaf_weight=82139406 768980 623478 17008 34 1720 61 42 54 108 53 152 28 37 36 28 23 29 134 40 104 4312 22 31 676 21389 286 79 29 1984 2974
leaf_count=82139406 768980 623478 17008 34 1720 61 42 54 108 53 152 28 37 36 28 23 29 134 40 104 4312 22 31 676 21389 286 79 29 1984 2974
internal_value=0 -3.78708e-06 -0.000905954 -0.000580484 -0.0201402 -0.0265055 -0.00504064 -0.0678819 -0.0298843 0.0289797 0.0243253 0.111491 -0.142373 -0.000694473 -0.0227351 -0.202801 -0.00484097 -0.043798 -0.0895343 -0.11792 -0.00459585 0.00142345 0.000956847 0.00137353 -0.00621933 -0.000649037 -0.0391848 -0.009731 0.000868283 -0.00306583
internal_weight=0 8.28144e+07 674951 625698 2220 1942 49253 156 1881 161 278 62 102 216 180 60 49097 307 173 144 48790 10364 10342 10311 38426 9635 365 21418 9270 7286
internal_count=83583337 82814357 674951 625698 2220 1942 49253 156 1881 161 278 62 102 216 180 60 49097 307 173 144 48790 10364 10342 10311 38426 9635 365 21418 9270 7286
is_linear=0
shrinkage=0.1


Tree=78
num_leaves=31
num_cat=0
split_feature=11 19 1 21 21 4 9 5 18 3 5 2 2 0 0 15 15 3 4 4 0 4 13 0 0 9 1 16 4 14
split_gain=12.6111 128.957 46.3011 30.8242 37.7981 28.2783 27.4444 47.4296 25.0237 24.6008 20.7486 18.6079 17.4503 23.6111 16.5039 16.1215 17.3911 30.1805 21.156 19.5295 16.7827 13.4297 12.5739 37.3728 22.3255 17.77 12.5262 27.728 51.1119 19.4072
threshold=1.0000000180025095e-35 0.16884646564722064 0.0014436572374142002 0.87404608726501476 0.44718530774116522 1.8124960064888003 1.0000000180025095e-35 1.0000000180025095e-35 1.0000000180025095e-35 0.52500000000000013 1.0000000180025095e-35 -0.061319766327495938 0.01289944902614735 126.05650711059572 122.32581329345705 0.60564395785331737 0.00059365009656175982 1.0000000180025095e-35 1.9754605293273928 2.2045080661773686 28.253670692443851 1.2175465226173403 0.94810965657234203 402.99615478515631 43.648586273193366 0.58468642830848705 1.0000000180025095e-35 0.051147848367691047 3.2962214946746831 0.050997596234083183
decision_type=2 2 2 2 2 2 2 2 2 2 2 2 2 2 2 2 2 2 2 2 2 2 2 2 2 2 2 2 2 2
left_child=22 2 3 4 6 11 7 8 12 -7 -6 -4 15 -14 -9 16 20 21 -19 -20 -2 -18 -1 24 -24 -26 27 -22 29 -29
right_child=1 -3 5 -5 10 9 -8 14 -10 -11 -12 -13 13 -15 -16 -17 17 18 19 -21 26 -23 23 -25 25 -27 -28 28 -30 -31
leaf_value=5.7654709670186808e-07 -0.014718579907620192 0.23900284509767189 -0.018457666312211327 0.065164458152573948 -0.041909646100618626 -0.040745729414213984 -0.07716052641673965 -0.0050085093426917287 -0.098892129930081202 0.0457315098580926 -0.16084998443722726 -0.11511413841575818 -0.063986548994268685 0.051481420606935183 0.083259639278022129 0.035976453345787342 -0.0088654963299632083 0.1012743780675989 -0.053757686913013462 0.048308901700216372 -0.007564949939324531 -0.054258101572755159 0.063710603511759209 -0.13215517005217928 0.013240482647415775 -0.058276871699643767 0.0015047129147610072 -0.013385919082844467 0.13830629048808929 0.019444374495770609
leaf_weight=83568401 1047 22 28 67 55 140 49 28 27 43 20 69 21 113 87 106 96 26 38 37 5126 203 35 28 64 76 6480 285 31 489
leaf_count=83568401 1047 22 28 67 55 140 49 28 27 43 20 69 21 113 87 106 96 26 38 37 5126 203 35 28 64 76 6480 285 31 489
internal_value=0 -0.00292545 -0.00328725 -0.00250579 -0.00282144 -0.043563 -0.00244979 -0.00219271 -0.00271345 -0.0204259 -0.0736271 -0.0872133 -0.00252926 0.0333857 0.0617683 -0.0028739 -0.00317107 -0.0237193 0.0235423 -0.00340484 -0.00256033 -0.0396839 5.16091e-07 -0.0248873 -0.00772446 -0.0255832 -0.00153465 -0.00485536 0.0123985 0.0073557
internal_weight=0 14733 14711 14431 14364 280 14289 14240 14125 183 75 97 14098 134 115 13964 13858 400 101 75 13458 299 8.35686e+07 203 175 140 12411 5931 805 774
internal_count=83583337 14733 14711 14431 14364 280 14289 14240 14125 183 75 97 14098 134 115 13964 13858 400 101 75 13458 299 83568604 203 175 140 12411 5931 805 774
is_linear=0
shrinkage=0.1


Tree=79
num_leaves=31
num_cat=0
split_feature=0 6 13 14 0 2 5 9 3 8 16 10 14 2 16 1 1 3 1 2 2 1 17 4 0 8 5 1 0 5
split_gain=12.5405 41.4423 73.2268 101.119 42.7629 39.8409 52.8058 52.1984 39.8101 38.6964 52.2172 69.4721 108.981 69.075 187.12 64.7637 95.0226 94.2474 64.3991 89.976 94.6459 79.5518 104.397 70.0612 61.3554 57.5471 57.5433 56.1269 54.0348 53.5286
threshold=223.21984863281253 1.0000000180025095e-35 1.0000000180025095e-35 0.36829271912574774 369.00007629394537 0.00078137157763215012 0.71975320577621471 0.58468642830848705 1.0000000180025095e-35 0.69257628917694103 0.00071374763501808058 0.093592450022697463 0.035082774236798293 0.0012571628341407502 0.035816619172692306 0.00018794822284035005 0.0012237129092107003 0.6150000000000001 5.3312829028066709e-05 -0.0016412039340235999 0.0021570418440922004 3.5560962838875258e-05 0.83641010522842418 -1.0000000180025095e-35 655.74755859375011 0.98494875431060802 0.92165392637252819 5.4743480106278222e-06 398.92150878906256 0.92165392637252819
decision_type=2 2 2 2 2 2 2 2 2 2 2 2 2 2 2 2 2 2 2 2 2 2 2 2 2 2 2 2 2 2
left_child=5 9 4 -4 -3 -1 7 8 -7 -2 11 15 -13 25 -15 18 -17 -18 21 -20 26 23 -23 -11 27 -12 28 -25 -21 -26
right_child=1 2 3 -5 -6 6 -8 -9 -10 10 13 12 -14 14 -16 16 17 -19 19 20 -22 22 -24 24 29 -27 -28 -29 -30 -31
leaf_value=-4.4082168418043111e-05 4.2085341722146539e-05 -0.071495116138572082 0.17450672558375768 -0.043092381210169867 -0.22812161056891733 0.0021435867502427506 -0.029286826475466845 0.15888882861250925 -0.00037587066463444637 -0.19023330407217146 -0.013349179585309942 -0.031831096003452936 -0.2945500767230988 -0.22116516451351345 0.022592903105654726 0.071356253667920838 -0.1335050129116728 0.094056602993181776 0.069485288521028907 -0.07055044852366503 0.037100631857322437 0.030700599944049663 0.2822382326830517 0.0037064543586605991 0.03156915697202619 -0.14167755334763915 -0.009848345629870893 -0.044544324258279151 -0.19210994319490546 0.1908402649829021
leaf_weight=43871336 39437625 72 28 90 23 171748 568 21 98791 20 629 75 20 64 62 250 52 28 53 66 59 66 22 942 112 37 46 324 82 26
leaf_count=43871336 39437625 72 28 90 23 171748 568 21 98791 20 629 75 20 64 62 250 52 28 53 66 59 66 22 942 112 37 46 324 82 26
internal_value=0 4.09782e-05 -0.0440684 0.00854131 -0.109415 -3.66137e-05 0.00117187 0.00123581 0.00122357 4.12164e-05 -0.01125 -0.0034557 -0.0871404 -0.0333239 -0.101221 0.000245439 0.0410012 -0.0538584 -0.00715247 -0.0489893 -0.073808 0.0013145 0.093585 -0.00438761 -0.00174023 -0.0204785 -0.107538 -0.00864209 -0.137901 0.0615768
internal_weight=0 3.94409e+07 213 118 95 4.41425e+07 271128 270560 270539 3.94407e+07 3035 2243 95 792 126 2148 330 80 1818 306 253 1512 88 1424 1404 666 194 1266 148 138
internal_count=83583337 39440873 213 118 95 44142464 271128 270560 270539 39440660 3035 2243 95 792 126 2148 330 80 1818 306 253 1512 88 1424 1404 666 194 1266 148 138
is_linear=0
shrinkage=0.1


Tree=80
num_leaves=31
num_cat=0
split_feature=1 21 4 10 8 15 17 14 16 21 16 21 4 0 21 0 4 21 21 4 16 16 5 4 20 0 17 16 0 8
split_gain=12.1805 48.9862 66.9563 242.026 93.8548 74.8779 72.3008 67.3716 55.6286 83.9129 94.768 115.69 144.118 121.856 74.718 111.397 56.9211 52.1743 50.7402 124.536 48.7072 48.1829 47.5553 67.2475 65.3516 105.208 63.3411 49.1531 49.1177 65.9755
threshold=1.2685988943616566e-06 0.14758133888244632 2.4501844644546513 0.0041531238239258536 0.027705091051757339 0.16723996400833133 1.0000000180025095e-35 0.0065720328129827985 1.0000000180025095e-35 0.87404608726501476 0.20729076862335208 0.67528799176216137 2.8480045795440678 506.86210632324224 0.8985155224800111 55.257242202758796 3.2962214946746831 0.5362030863761903 0.85184225440025341 3.7085624933242802 0.002535499283112586 0.031649632379412658 0.96036258339881908 4.1249356269836435 0.94824603199958812 436.31643676757818 0.96838635206222545 0.004210901679471136 167.95860290527347 0.99960151314735424
decision_type=2 2 2 2 2 2 2 2 2 2 2 2 2 2 2 2 2 2 2 2 2 2 2 2 2 2 2 2 2 2
left_child=1 22 -3 4 5 7 -6 8 14 10 11 12 17 16 -4 -16 -14 -10 -9 -20 -5 -13 -1 27 25 26 -25 28 29 -24
right_child=-2 2 3 20 6 -7 -8 18 9 -11 -12 21 13 -15 15 -17 -18 -19 19 -21 -22 -23 23 24 -26 -27 -28 -29 -30 -31
leaf_value=1.9091194003739767e-05 -8.815131034425697e-05 -0.0013299640181268051 -0.035840807932725115 0.0020799476336734487 -0.011297538283176907 0.0082833250558469445 0.13602939470715467 0.023800966317508498 -0.38573959668477381 -0.0053986579503702082 -0.018186979826356545 -0.15347070289509637 0.086786424447047095 -0.26454688398086507 0.014597164965787177 -0.14476193065281237 -0.071217968193977549 -0.16005824148654937 -0.18690118699572808 0.081250643498938666 -0.014965250750413351 -0.34052668031305078 -0.050729027405789454 -0.044991460522581142 0.042548345994307762 -0.16711437906791915 0.069342365115880975 -0.13161904785944067 0.07792867520025798 0.039514546519002096
leaf_weight=70333088 13199442 40020 541 5411 161 175 42 145 21 69 61 21 38 23 59 171 57 20 43 29 2429 40 146 565 90 67 53 23 105 182
leaf_count=70333088 13199442 40020 541 5411 161 175 42 145 21 69 61 21 38 23 59 171 57 20 43 29 2429 40 146 565 90 67 53 23 105 182
internal_value=0 1.65323e-05 -0.00312577 -0.0106465 -0.0446632 -0.0532296 0.0191839 -0.061275 -0.0711477 -0.104211 -0.128474 -0.159053 -0.114137 -0.058018 -0.0561387 -0.103883 -0.00801621 -0.275651 -0.0102735 -0.0788956 -0.00320102 -0.27613 1.87472e-05 -0.019636 -0.0375643 -0.0480901 -0.0351861 0.0108344 0.0184012 -0.000654849
internal_weight=0 7.03839e+07 49576 9556 1716 1513 203 1338 1121 350 281 220 159 118 771 230 95 41 217 72 7840 61 7.03343e+07 1231 775 685 618 456 433 328
internal_count=83583337 70383895 49576 9556 1716 1513 203 1338 1121 350 281 220 159 118 771 230 95 41 217 72 7840 61 70334319 1231 775 685 618 456 433 328
is_linear=0
shrinkage=0.1


Tree=81
num_leaves=31
num_cat=0
split_feature=17 3 3 2 14 17 14 16 5 4 4 5 21 5 7 8 2 0 17 0 0 21 0 0 5 2 16 7 8 7
split_gain=11.7323 38.7074 52.8985 77.9672 40.8284 41.1078 57.3581 86.7681 58.7189 49.6744 134.847 107.507 72.6965 87.9439 70.8219 94.0535 86.646 94.5603 64.8223 61.2436 46.4148 44.7401 39.401 60.7548 82.2903 39.3353 37.0804 107.363 34.1261 46.1993
threshold=0.067876499146223082 0.47500000000000003 0.21500000000000002 0.0010334507111645502 0.23252400010824206 0.72136837244033825 0.0049691339954733857 0.017535766586661342 0.7570268213748933 2.8480045795440678 2.4501844644546513 0.71975320577621471 0.93488201498985302 0.016068628989160064 0.81900429725646984 0.95814204216003429 0.00078137157763215012 383.70788574218756 0.96838635206222545 445.64662170410162 184.93237304687503 0.0016745531465858223 690.77810668945324 347.81793212890631 0.85133957862854015 0.0012942939058333003 1.0000000180025095e-35 0.46403479576110845 0.41075596213340765 0.081993490457534804
decision_type=2 2 2 2 2 2 2 2 2 2 2 2 2 2 2 2 2 2 2 2 2 2 2 2 2 2 2 2 2 2
left_child=-1 2 4 -4 5 21 7 9 -9 10 22 -12 13 -11 15 16 17 -15 20 -19 -16 -2 23 -7 -25 -8 -6 28 29 -28
right_child=1 -3 3 -5 26 6 25 8 -10 12 11 -13 -14 14 18 -17 -18 19 -20 -21 -22 -23 -24 24 -26 -27 27 -29 -30 -31
leaf_value=-4.4162463432928976e-07 0.0093088382881376143 0.059208192264081028 -0.021622512427230296 -0.20295842744666956 0.0063167973960855913 -0.0033303511522271771 -0.028142723479594546 0.020901457531487241 0.14661898201394996 -0.0030500893971268333 -0.04657988457216157 -0.28421079394492238 -0.1583774628462615 0.08594507269078383 0.0020794081128422768 -0.020007957306247909 -0.029694192394614224 0.37509224325418478 0.070604262617416688 0.14421439481278261 -0.10024705442474849 0.066324972368468002 0.079097675884816254 -0.035645745091913449 -0.2257488457293346 -0.13404980413615705 0.027001587916693659 -0.2088590371337804 -0.062273749095077317 -0.0473234711202229
leaf_weight=83571720 5752 122 130 29 395 714 348 85 66 2285 45 33 27 216 131 101 50 20 88 27 67 141 47 106 29 39 194 33 150 147
leaf_count=83571720 5752 122 130 29 395 714 348 85 66 2285 45 33 27 216 131 101 50 20 88 27 67 141 47 106 29 39 194 33 150 147
internal_value=0 0.00317771 0.00258304 -0.0546964 0.00338645 0.00516898 -0.00200066 0.00144322 0.0758508 -0.00137553 -0.0210067 -0.147116 0.00497265 0.00645019 0.0374618 0.0638992 0.0909746 0.113915 -0.000807605 0.24246 -0.0325462 0.010673 -0.0100284 -0.0149624 -0.0764827 -0.0388155 -0.0168188 -0.0342589 -0.022524 -0.00503883
internal_weight=0 11617 11495 159 11336 10417 4524 4137 151 3986 974 78 3012 2985 700 414 313 263 286 47 198 5893 896 849 135 387 919 524 491 341
internal_count=83583337 11617 11495 159 11336 10417 4524 4137 151 3986 974 78 3012 2985 700 414 313 263 286 47 198 5893 896 849 135 387 919 524 491 341
is_linear=0
shrinkage=0.1


Tree=82
num_leaves=31
num_cat=0
split_feature=18 4 21 0 11 3 14 16 10 10 0 0 16 4 4 16 2 0 2 16 15 2 4 1 0 0 16 16 18 4
split_gain=11.6704 30.2022 31.3961 29.4768 37.2885 28.0029 29.7984 31.6538 32.5831 85.3283 32.1581 22.4648 31.9525 114.365 41.9843 22.6799 22.0854 29.6771 19.878 17.8222 17.7744 16.8203 16.2557 16.0687 13.4382 12.2532 11.8934 20.5607 14.894 12.7281
threshold=1.0000000180025095e-35 2.8480045795440678 0.42679138481616979 104.77016448974611 0.070566296577453627 0.15500000000000003 0.045642673969268806 0.010878022760152819 0.3583501279354096 0.075345646589994444 441.10765075683599 232.85573577880862 0.011285075917840006 2.4501844644546513 2.4501844644546513 0.001559804368298501 -0.00030663811784214997 361.95991516113287 0.00032320762652110008 1.0000000180025095e-35 0.025932865217328075 0.00084993417183305017 3.7085624933242802 5.8549226438813595e-06 228.18917083740237 232.85573577880862 0.30059993267059332 0.10001847520470621 0.42527222633361822 1.4219149947166445
decision_type=2 2 2 2 2 2 2 2 2 2 2 2 2 2 2 2 2 2 2 2 2 2 2 2 2 2 2 2 2 2
left_child=-1 2 3 -2 11 6 7 8 9 10 22 12 14 23 19 -16 -9 25 -12 -5 26 -22 -3 -14 -24 -18 27 28 29 -13
right_child=1 5 -4 4 -6 -7 -8 16 -10 -11 18 20 13 -15 15 -17 17 -19 -20 -21 21 -23 24 -25 -26 -27 -28 -29 -30 -31
leaf_value=2.04557853748005e-07 0.019712197600440285 -0.025301481241396084 0.10230584832529227 -0.039561043620118107 -0.13856275555762379 -0.13369137693873862 -0.096638108056751978 0.12926684349775316 0.01736589455058014 -0.22807064340873198 -0.041604093150438178 0.023312659821036343 0.0061253970775466699 -0.24831668778357133 0.073094974195536899 -0.046268583908677108 0.022664831622558484 -0.053325646805266538 -0.14243955161312924 0.03157895246431941 -0.06676203413657715 0.037687426645840919 0.062320413622497163 -0.073893321919682869 -0.018861552112196624 0.11844350621210074 0.083754177205264568 -0.038011073233210485 0.045255894964970088 -0.016724792018713845
leaf_weight=83580830 487 314 30 218 22 22 47 20 152 22 46 177 78 27 78 20 34 39 34 42 58 21 44 37 38 22 22 80 132 144
leaf_count=83580830 487 314 30 218 22 22 47 20 152 22 46 177 78 27 78 20 34 39 34 42 58 21 44 37 38 22 22 80 132 144
internal_value=0 -0.00682275 0.000926808 -0.0009243 -0.00961805 -0.0223683 -0.0193522 -0.0146039 -0.02316 -0.0355293 -0.0266303 -0.00711648 -0.0229656 -0.0631044 -0.00704457 0.0487351 0.0337565 0.0136491 -0.0844592 -0.0280692 0.0053828 -0.038997 -0.0149477 -0.0196198 0.0246995 0.0602922 0.0116999 0.00872582 0.0169796 0.00535193
internal_weight=0 2507 1673 1643 1156 834 812 765 650 498 476 1134 500 142 358 98 115 95 80 260 634 79 396 115 82 56 555 533 453 321
internal_count=83583337 2507 1673 1643 1156 834 812 765 650 498 476 1134 500 142 358 98 115 95 80 260 634 79 396 115 82 56 555 533 453 321
is_linear=0
shrinkage=0.1


Tree=83
num_leaves=31
num_cat=0
split_feature=19 16 16 5 0 3 3 1 3 0 0 4 5 5 0 1 3 5 4 5 1 0 1 0 0 5 0 16 0 0
split_gain=11.5798 27.8062 36.5494 59.8881 30.7707 45.0439 29.0405 54.2375 54.0311 25.2475 20.1892 39.8881 27.5976 64.937 46.068 69.026 38.7597 36.7414 27.2787 44.0068 46.8102 36.1359 20.3102 17.5619 23.7852 14.4743 13.797 12.7448 13.6181 12.6411
threshold=0.89998707175254833 0.033523179590702064 0.0085522318258881586 0.7570268213748933 495.61720275878912 0.85500000000000009 0.9850000000000001 0.11901402357372727 0.99500000000000011 331.49334716796881 53.975889205932624 4.1249356269836435 0.049016393721103675 0.85133957862854015 174.16823577880862 0.022602373240295955 0.94000000000000006 0.77027752995491039 4.1249356269836435 0.96036258339881908 0.11901402357372727 204.73631286621097 0.01378040526756105 135.15964508056643 90.110218048095717 0.92165392637252819 235.2858810424805 0.18901077657938006 66.139999389648452 265.44929504394537
decision_type=2 2 2 2 2 2 2 2 2 2 2 2 2 2 2 2 2 2 2 2 2 2 2 2 2 2 2 2 2 2
left_child=-1 2 4 29 6 -6 10 -8 -9 27 11 -2 14 17 16 26 22 -14 -15 21 -21 -20 23 24 -12 -13 -16 28 -3 -4
right_child=1 9 3 -5 5 -7 7 8 -10 -11 12 25 13 18 15 -17 -18 -19 19 20 -22 -23 -24 -25 -26 -27 -28 -29 -30 -31
leaf_value=1.4444447289876513e-07 0.044580272182751943 -0.025407690475029606 -0.10284850791096688 0.030504455734734183 0.10928777873656753 -0.052165295528592892 0.04592564870764352 -0.14993356827533608 0.052384622598236258 0.1318099695656981 -0.083548831465569406 -0.0083076794223304381 -0.09426345862115601 0.081348137388175187 0.011540687428070949 -0.11043294043590626 0.064458526134490976 -0.24936632655915761 0.089025071936268962 -0.22030471221289855 -0.011575330864815485 -0.067698872036167562 -0.16376904338598253 -0.10765909385994415 0.018756711690939291 -0.082838398885602751 0.084705383531553186 -0.034277564970155557 0.057279935320569346 -0.21269622519612313
leaf_weight=83582082 106 28 20 27 48 27 162 33 22 21 44 57 56 22 39 30 25 21 31 22 21 28 20 44 47 48 76 39 69 22
leaf_count=83582082 106 28 20 27 48 27 162 33 22 21 44 57 56 22 39 30 25 21 31 22 21 28 20 44 47 48 76 39 69 22
internal_value=0 -0.00960562 -0.0152342 -0.0856908 -0.0105097 0.0511647 -0.0153583 0.0167954 -0.0690063 0.0297585 -0.0248255 0.00130677 -0.0353083 -0.0644346 -0.0172947 0.0246532 -0.0510861 -0.136564 -0.0196445 -0.0414272 -0.118367 0.0146476 -0.0697223 -0.0557895 -0.0307097 -0.0423789 0.059893 0.0140006 0.0334113 -0.160388
internal_weight=0 1255 1098 69 1029 75 954 217 55 157 737 211 526 201 325 145 180 77 124 102 43 59 155 135 91 105 115 136 97 42
internal_count=83583337 1255 1098 69 1029 75 954 217 55 157 737 211 526 201 325 145 180 77 124 102 43 59 155 135 91 105 115 136 97 42
is_linear=0
shrinkage=0.1


Tree=84
num_leaves=31
num_cat=0
split_feature=0 3 3 10 4 4 8 4 13 16 9 4 0 15 16 5 3 2 16 16 8 14 4 2 1 4 3 1 1 14
split_gain=11.5403 15.6393 20.3381 23.5548 12.0341 11.5638 42.0064 49.0508 28.5181 45.4427 42.0202 127.519 51.8539 30.4418 28.4795 26.5427 24.7668 68.1552 29.2747 27.3592 24.4276 23.6644 23.4622 22.6922 22.5484 22.5259 22.1752 36.537 22.0469 18.2319
threshold=3.6336807012557988 0.33500000000000008 0.43500000000000005 0.085610989481210722 2.0749150514602666 -0.10570450127124785 0.79319390654563915 -0.27839849889278406 0.0099189027678221482 0.36159229278564459 0.58468642830848705 -0.25999750196933741 74.827587127685561 0.74642807245254528 0.027862960472702984 1.0000000180025095e-35 0.45500000000000007 -0.0035617425186984996 0.048458436504006393 0.00092466932255774747 0.0061659244820475587 0.0098352003842592257 -0.43182900547981257 -0.091544026879993592 0.0014436572374142002 -0.31913200020790095 0.71000000000000008 0.0012237129092107003 5.4480269741181924e-06 0.21472283452749255
decision_type=2 2 2 2 2 2 2 2 2 2 2 2 2 2 2 2 2 2 2 2 2 2 2 2 2 2 2 2 2 2
left_child=1 -1 3 -3 -4 6 8 -8 10 21 15 13 -13 -12 -15 16 20 19 26 -18 23 28 -17 -2 29 -24 -19 -28 -10 -25
right_child=5 2 4 -5 -6 -7 7 -9 9 -11 11 12 -14 14 -16 22 17 18 -20 -21 -22 -23 25 24 -26 -27 27 -29 -30 -31
leaf_value=-0.00059537872744034161 -0.034152734244470392 0.028515491504655328 -0.019286445172867556 0.15389127394427426 0.033310652802559147 1.2826941155592962e-05 0.0037746931825365336 -0.15095566825941206 0.017619240027514922 0.079514794424176222 0.030212702469693292 0.08721704825356201 0.27364701724052426 -0.17406365856528283 -0.0053049603477120406 -0.062199349030852315 -0.030397509181728732 -0.01015040884588719 -0.060149802425471334 -0.15924862042069435 -0.031704034089771273 -0.080301187230842341 0.13974552887678146 -0.00010363569450951608 0.012211236019903678 0.035692723579761096 -0.03331600771773429 0.084662235613380155 -0.081759304118653148 -0.0013044055121201592
leaf_weight=344259 196 43 87 23 87 77186753 42 40 69 31 45 37 25 20 20 20 26 384 92 45 245 118 25 5919647 1481 124 42 70 33 129208
leaf_count=344259 196 43 87 23 87 77186753 42 40 69 31 45 37 25 20 20 20 26 384 92 45 245 118 25 5919647 1481 124 42 70 33 129208
internal_value=0 -0.000577589 0.0249407 0.0722071 0.0070121 2.3901e-06 -0.000130719 -0.0717035 -0.000129749 -0.0338363 -0.000128351 0.0533361 0.16239 -0.0262094 -0.0896843 -0.00012965 -0.000130756 -0.0195159 -0.00834091 -0.112064 -0.000128645 -0.0498085 0.0395003 -0.000127367 -0.000126264 0.0531512 0.0012688 0.0404204 -0.0145326 -0.000129285
internal_weight=0 344499 240 66 174 8.32388e+07 6.05208e+06 82 6.052e+06 251 6.05175e+06 147 62 85 40 6.0516e+06 6.05144e+06 659 588 71 6.05078e+06 220 169 6.05053e+06 6.05034e+06 149 496 112 102 6.04886e+06
internal_count=83583337 344499 240 66 174 83238838 6052085 82 6052003 251 6051752 147 62 85 40 6051605 6051436 659 588 71 6050777 220 169 6050532 6050336 149 496 112 102 6048855
is_linear=0
shrinkage=0.1


Tree=85
num_leaves=31
num_cat=0
split_feature=15 1 1 4 9 15 0 3 2 2 2 1 4 3 1 1 2 0 4 15 16 10 2 4 4 0 1 14 1 1
split_gain=10.7343 33.6399 25.4998 47.6728 32.625 83.7189 43.5006 31.5475 29.1533 35.896 169.675 28.1945 49.9578 25.7948 25.4091 31.6457 45.0283 58.9923 43.7349 31.2925 30.7519 30.3605 23.8536 23.7818 31.3728 31.5569 39.9067 25.0628 25.9128 23.6424
threshold=0.91982218623161327 0.022602373240295955 0.00015852719400155004 0.39568199217319494 0.58468642830848705 0.99717414379119884 51.42036437988282 0.20500000000000004 5.0120320436520926e-05 -0.00019913181522279995 -0.00017394709424919998 0.00013075563853220005 0.54074549674987804 0.24500000000000002 0.00019038553660710004 0.00023131736210830003 -0.015869860081363697 495.61720275878912 0.74607250094413768 0.97228598594665538 0.001559804368298501 0.0094511131756007689 -0.011609408399414848 3.2962214946746831 3.7085624933242802 165.9609069824219 1.8125423324538831e-06 0.95356911420822155 0.00010184288953455001 0.00021637923341720003
decision_type=2 2 2 2 2 2 2 2 2 2 2 2 2 2 2 2 2 2 2 2 2 2 2 2 2 2 2 2 2 2
left_child=-1 2 4 -4 11 6 -6 8 9 14 -11 13 -13 23 20 21 -17 19 -19 -18 -5 29 -20 27 25 -25 -27 -2 -29 -16
right_child=1 -3 3 7 5 -7 -8 -9 -10 10 -12 12 -14 -15 15 16 17 18 22 -21 -22 -23 -24 24 -26 26 -28 28 -30 -31
leaf_value=9.5989166907589825e-07 -0.0008292425910931576 0.07288507029841669 -0.028802982813839775 -0.026366851747382521 0.025561876748414605 0.082735736356225123 -0.10211899288096316 0.027427817362723567 0.0048341052278926232 -0.31676955372095111 -0.011090233823499428 0.092493062037974597 -0.00022738178306054777 -0.050050695822134894 0.0054757674762772194 0.0011496227762070493 0.0023263013683214422 0.020837131142616275 -0.19294416633035458 -0.048272497009648266 -0.13177982444965072 -0.064252065507961184 -0.082014357588357401 -0.0059377871202053248 0.0068055187507757341 -0.12805166464032872 0.013238644394678652 0.01200285969870603 0.12158608337525617 0.053386912036734492
leaf_weight=83523458 52353 61 912 258 34 43 124 303 1567 22 104 90 164 106 810 663 248 21 42 241 31 56 36 74 145 77 27 1127 22 118
leaf_count=83523458 52353 61 912 258 34 43 124 303 1567 22 104 90 164 106 810 663 248 21 42 241 31 56 36 74 145 77 27 1127 22 118
internal_value=0 -0.00133843 -0.00141412 -0.00794717 -0.000761605 -0.0409752 -0.0746434 -0.00373909 -0.0059785 -0.0123722 -0.0644628 -0.000612432 0.0326263 -0.000768977 -0.00977181 -0.00616386 -0.0167171 -0.0368628 -0.107259 -0.0226109 -0.0376741 0.00725296 -0.141746 -0.000671925 -0.0277249 -0.0558535 -0.0913705 -0.000508602 0.0141011 0.0115679
internal_weight=0 59879 59818 5432 54386 201 158 4520 4217 2650 126 54185 254 53931 2524 2235 1251 588 99 489 289 984 78 53825 323 178 104 53502 1149 928
internal_count=83583337 59879 59818 5432 54386 201 158 4520 4217 2650 126 54185 254 53931 2524 2235 1251 588 99 489 289 984 78 53825 323 178 104 53502 1149 928
is_linear=0
shrinkage=0.1


Tree=86
num_leaves=31
num_cat=0
split_feature=10 5 8 4 3 2 1 4 2 4 15 6 21 19 15 0 0 21 4 14 16 0 2 21 21 0 15 1 21 4
split_gain=10.6109 47.0613 60.549 94.1767 51.7071 69.9424 59.0148 49.1948 43.0458 42.4443 75.0759 59.7406 59.6589 50.1614 131.921 50.1518 54.6975 106.499 161.718 96.7658 120.056 58.4572 58.4561 56.3276 48.7234 44.4867 64.5857 65.1647 43.7352 42.9192
threshold=0.096819192171096816 0.096841994673013701 0.69257628917694103 2.8480045795440678 1.0000000180025095e-35 -0.014438655095523398 0.00099395272523000017 4.1249356269836435 -1.0000000180025095e-35 1.8124960064888003 0.011214122641831638 1.0000000180025095e-35 0.87404608726501476 1.0000000180025095e-35 0.26540082693099981 591.06838989257824 124.20042800903322 0.99929577112197887 2.4501844644546513 0.037179509177804 0.044059986248612411 331.49334716796881 -0.13942908818419067 0.94592934846878063 0.97221478819847118 195.74001312255862 0.11971839517354967 0.00058461766411365009 0.91604706645011913 2.4501844644546513
decision_type=2 2 2 2 2 2 2 2 2 2 2 2 2 2 2 2 2 2 2 2 2 2 2 2 2 2 2 2 2 2
left_child=9 -2 4 -4 -3 -6 -7 -5 -9 -1 11 12 -11 28 25 16 22 19 -19 23 -21 -20 -14 -18 -17 -15 -27 -28 29 -12
right_child=1 2 3 7 5 6 -8 8 -10 10 13 -13 15 14 -16 24 17 18 21 20 -22 -23 -24 -25 -26 26 27 -29 -30 -31
leaf_value=3.0044145678256017e-06 0.00033562753113637161 0.047993223865058145 0.073919330737812247 -0.11693630999502014 0.10534451670412506 0.00044819109295731629 -0.12624691420101694 -0.12077803635703666 0.024011027158159379 -0.00043745356918196423 -0.0035979765754414099 -0.14656761607953481 0.071513044831226585 -0.034738829972989424 0.065160651890457499 0.0017942874947847387 -0.040103730945155208 -0.0079377957578025647 -0.16517216812741634 0.040080239941124564 -0.2198286970647482 -0.36521050192060928 -0.011466379629001428 0.0080178470577442814 0.11553605173294451 -0.033910532837564296 -0.34662051223791562 -0.10652525186538697 0.049484806006696698 -0.013625365744822461
leaf_weight=82135204 777958 636 72 85 56 295 42 28 77 618766 42830 28 96 34 54 144 484 67 48 27 52 21 734 489 51 22 26 20 150 4741
leaf_count=82135204 777958 636 72 85 56 295 42 28 77 618766 42830 28 96 34 54 144 484 67 48 27 52 21 734 489 51 22 26 20 150 4741
internal_value=0 0.000367285 0.0194442 -0.0234745 0.030372 0.00185532 -0.0153417 -0.0603817 -0.0145994 -3.45651e-06 -0.000796822 -0.000502657 -0.000496071 -0.00461239 -0.0612251 -0.0168858 -0.0215654 -0.0353265 -0.118599 -0.0245612 -0.130999 -0.226053 -0.00186876 -0.0159193 0.0315421 -0.128135 -0.174833 -0.242231 -0.00442733 -0.00459732
internal_weight=0 779249 1291 262 1029 393 337 190 105 8.28041e+07 668884 621007 620979 47877 156 2213 2018 1188 136 1052 79 69 830 973 195 102 68 46 47721 47571
internal_count=83583337 779249 1291 262 1029 393 337 190 105 82804088 668884 621007 620979 47877 156 2213 2018 1188 136 1052 79 69 830 973 195 102 68 46 47721 47571
is_linear=0
shrinkage=0.1


Tree=87
num_leaves=31
num_cat=0
split_feature=3 16 14 20 2 19 16 5 16 21 21 0 5 4 0 4 0 4 0 20 0 2 20 5 1 16 5 16 20 3
split_gain=10.1003 43.7231 43.2326 42.6403 46.0047 44.7837 48.8958 88.8345 53.74 28.9208 42.6121 36.9587 37.1925 35.8926 29.4787 36.0842 64.5714 47.7794 39.5739 29.097 27.5369 24.9371 21.5608 12.6871 12.0176 53.5928 79.4815 60.323 89.8648 92.0903
threshold=0.99500000000000011 0.24037488549947741 0.88896119594573986 0.99087658524513256 -0.061319766327495938 0.16884646564722064 0.014322658069431784 0.096841994673013701 0.085833936929702773 0.26848879456520086 0.79181721806526195 142.45135498046878 0.7570268213748933 1.7488110065460207 415.03326416015631 4.1249356269836435 247.34976196289065 3.7085624933242802 341.58422851562506 0.64190500974655162 150.19136047363284 -0.091544026879993592 0.64190500974655162 0.25769706070423132 0.11901402357372727 0.22078734636306765 0.096841994673013701 0.0070101090241223582 0.77717861533164989 0.9850000000000001
decision_type=2 2 2 2 2 2 2 2 2 2 2 2 2 2 2 2 2 2 2 2 2 2 2 2 2 2 2 2 2 2
left_child=24 2 3 5 -5 9 -7 8 -8 11 -11 12 13 -2 15 17 19 -13 -18 -17 -3 -16 -15 -24 -1 27 -27 -26 -29 -30
right_child=1 20 -4 4 -6 6 7 -9 -10 10 -12 14 -14 22 21 16 18 -19 -20 -21 -22 -23 23 -25 25 26 -28 28 29 -31
leaf_value=7.9252326288232254e-08 -0.075319911986589438 0.003409329497001388 0.15048736300319435 0.0059815065935254104 -0.18400803583860398 0.0022572172648812595 -0.23036311707998577 0.020554149766954091 -0.036694962822872663 -0.099781106679107667 0.041038992612933117 0.063586725485136456 -0.10132494845818128 0.011623472921961399 -0.092588598439469941 0.12860179305649722 0.27512300333806444 -0.10447280626921428 0.10012960669895013 -0.0066313463240498449 0.14399146597440307 0.032739577129144562 0.13719713936249417 0.037270949804224074 -0.00024529804943679176 0.0094608802779543189 0.18103471882641317 -0.021742963279160712 -0.24999594913946616 -0.040990617339100158
leaf_weight=83579639 35 22 20 26 25 285 38 52 23 44 42 87 31 111 20 26 28 21 24 41 38 77 27 24 1689 108 36 612 37 49
leaf_count=83579639 35 22 20 26 25 285 38 52 23 44 42 87 31 111 20 26 28 21 24 41 38 77 27 24 1689 108 36 612 37 49
internal_value=0 0.00930311 0.00479679 0.00211619 -0.0871506 0.0065106 -0.0198132 -0.0754776 -0.157341 0.022932 -0.0310085 0.0313358 0.000490179 0.0165118 0.053042 0.0727596 0.110742 0.0309085 0.194357 0.0458472 0.0924447 0.00689872 0.036352 0.0901731 -1.29411e-07 -0.0068907 0.0523543 -0.0104648 -0.0351935 -0.130912
internal_weight=0 1167 1107 1087 51 1036 398 113 61 638 86 552 228 197 324 227 119 108 52 67 60 97 162 51 8.35822e+07 2531 144 2387 698 86
internal_count=83583337 1167 1107 1087 51 1036 398 113 61 638 86 552 228 197 324 227 119 108 52 67 60 97 162 51 83582170 2531 144 2387 698 86
is_linear=0
shrinkage=0.1


Tree=88
num_leaves=31
num_cat=0
split_feature=2 21 10 14 3 14 3 0 3 10 9 3 3 4 4 16 14 16 3 14 19 4 3 4 3 16 20 20 14 5
split_gain=10.8451 65.4172 72.9361 88.9681 79.3587 105.013 90.5631 78.7944 62.6308 87.1859 71.5803 71.2373 105.275 141.956 101.194 71.9417 86.9904 67.7966 181.761 79.2953 65.6943 176.694 102.061 88.5533 173.228 62.7463 91.5255 121.238 64.5355 61.6195
threshold=-0.091544026879993592 0.12175551429390909 0.41698071360588079 0.022328861989080909 0.29500000000000004 1.0000000180025095e-35 0.25500000000000006 545.55059814453136 0.81500000000000006 1.0000000180025095e-35 0.21766174584627154 0.49500000000000005 0.44500000000000006 1.8124960064888003 2.2045080661773686 0.034079808741807945 0.059375541284680373 1.0000000180025095e-35 0.85500000000000009 0.27144917845726019 0.084406442940235152 3.2962214946746831 0.89500000000000013 4.1249356269836435 0.9850000000000001 0.035323562100529678 0.77717861533164989 0.014903998468071224 0.008378460071980955 0.60100281238555919
decision_type=2 2 2 2 2 2 2 2 2 2 2 2 2 2 2 2 2 2 2 2 2 2 2 2 2 2 2 2 2 2
left_child=1 8 -3 4 6 7 -4 -6 10 17 11 12 -1 -14 -15 -13 -17 20 -19 25 -10 -22 -23 24 -24 26 27 29 -29 -20
right_child=-2 2 3 -5 5 -7 -8 -9 9 -11 -12 15 13 14 -16 16 -18 18 19 -21 21 22 23 -25 -26 -27 -28 28 -30 -31
leaf_value=-0.0033643292655079291 -4.6448978574928255e-07 0.023199795697300858 0.030022504578937181 -0.074982518030960552 0.0038039618311143534 -0.18785767231668746 0.24547199913788412 -0.18302359886583874 9.0470489597610222e-05 0.086917320378254059 -0.11875392501907689 -0.019494048847061851 -0.043035791979099701 0.35163465467366306 0.10090957518666983 -0.056702010155817786 -0.25158005521215243 0.24683474436617245 -0.10816342478082126 0.13889499293019375 0.2515898117745245 -0.11173408356856328 -0.26655168671298912 0.049730960785589501 0.024202843079658448 -0.0048859660406739853 -0.19333926636635709 0.1006172172470044 -0.062989097119619461 0.023923175206238573
leaf_weight=6269 83569442 2584 275 170 380 35 21 24 962 144 56 803 52 22 60 109 29 26 179 30 37 49 27 716 85 554 44 73 36 44
leaf_count=6269 83569442 2584 275 170 380 35 21 24 962 144 56 803 52 22 60 109 29 26 179 30 37 49 27 716 85 554 44 73 36 44
internal_value=0 0.00279352 0.0146432 -0.00978785 0.00529119 -0.0216904 0.0453078 -0.00729471 -0.00117954 0.0109928 -0.00612413 -0.0052653 -0.00148966 0.086214 0.168177 -0.0309565 -0.0976546 0.00717268 -0.0140572 -0.021123 0.0183308 0.0375291 0.028498 0.0367968 -0.0458898 -0.0262849 -0.0578141 -0.039853 0.0465821 -0.0821015
internal_weight=0 13895 3489 905 735 439 296 404 10406 3006 7400 7344 6403 134 82 941 138 2862 986 960 1876 914 877 828 112 930 376 332 109 223
internal_count=83583337 13895 3489 905 735 439 296 404 10406 3006 7400 7344 6403 134 82 941 138 2862 986 960 1876 914 877 828 112 930 376 332 109 223
is_linear=0
shrinkage=0.1


Tree=89
num_leaves=31
num_cat=0
split_feature=0 9 4 4 16 15 15 4 4 1 10 14 9 15 14 16 14 15 13 6 0 6 3 20 0 15 0 10 5 14
split_gain=10.0452 32.8308 116.166 98.0394 94.7196 87.5822 187.745 92.6183 77.1106 60.0896 85.362 68.4519 87.2084 73.4189 63.9884 55.5466 108.979 53.677 63.241 52.5087 49.9993 42.4927 42.0268 53.2735 36.9456 35.7091 35.5065 33.7489 32.5579 56.4422
threshold=200.0833435058594 1.0000000180025095e-35 0.066974498331546797 -0.0051885000430047503 0.20340567827224734 0.22056048363447192 0.42809510231018072 0.0026060000527650122 -0.25999750196933741 6.0782147360469059e-06 0.7554173767566682 0.0033314073225483303 0.58468642830848705 0.82126808166503917 0.88490614295005809 0.010321878828108312 0.017901469022035602 0.86430853605270397 0.09628536552190782 1.0000000180025095e-35 383.70788574218756 1.0000000180025095e-35 0.055000000000000007 0.64190500974655162 341.58422851562506 0.081090800464153304 506.86210632324224 0.066313736140728011 0.049016393721103675 0.0013889564434066417
decision_type=2 2 2 2 2 2 2 2 2 2 2 2 2 2 2 2 2 2 2 2 2 2 2 2 2 2 2 2 2 2
left_child=-1 21 3 4 8 7 -7 15 -3 11 22 13 -13 25 19 16 20 18 -8 -14 -5 28 27 -24 -9 -4 -17 -11 -2 -30
right_child=1 2 9 5 -6 6 17 24 -10 10 -12 12 14 -15 -16 26 -18 -19 -20 -21 -22 -23 23 -25 -26 -27 -28 -29 29 -31
leaf_value=-3.5487432384253348e-05 3.5988351626827951e-05 -0.12945119434346755 0.038661358876614392 -0.034303475410413391 0.14165979885392718 -0.40181538841941145 0.045053882592103703 -0.080002022678813622 0.015599111938668836 -0.069348095183471042 -0.22042029358091808 -0.080599093165189512 0.033004983343183997 0.20380454264008085 -0.080633438906321922 0.062836176818189191 -0.12461506472805478 -0.1679987118538955 -0.14719337902830118 0.21050202476978305 0.10290465326926841 -0.081448488088062737 0.035274390728875275 -0.12923726493662055 -0.20627263562904821 -0.060373063805775763 -0.083370337625965477 0.021227544013111454 -0.0021094685593373865 -0.02107679779069337
leaf_weight=40814248 42756129 48 548 67 45 22 44 62 155 155 21 126 50 26 30 98 98 46 28 25 44 64 187 22 37 39 20 56 8892 1905
leaf_count=40814248 42756129 48 548 67 45 22 44 62 155 155 21 126 50 26 30 98 98 46 28 25 44 64 187 22 37 39 20 56 8892 1905
internal_value=0 3.38661e-05 -0.0124723 -0.0420301 0.0103988 -0.0650025 -0.133621 -0.0424518 -0.0186985 0.00625148 -0.0236643 0.0218828 -0.0245095 0.0393651 0.0427981 -0.0167959 -0.0477646 -0.0836185 -0.0297089 0.0921707 0.0200853 3.44799e-05 -0.0138265 0.0179574 -0.127194 0.0320816 0.0380554 -0.0453091 3.46018e-05 -0.00545602
internal_weight=0 4.27691e+07 2099 814 248 566 140 426 203 1285 441 844 231 613 105 327 209 118 72 75 111 4.2767e+07 420 209 99 587 118 211 4.27669e+07 10797
internal_count=83583337 42769089 2099 814 248 566 140 426 203 1285 441 844 231 613 105 327 209 118 72 75 111 42766990 420 209 99 587 118 211 42766926 10797
is_linear=0
shrinkage=0.1


Tree=90
num_leaves=31
num_cat=0
split_feature=17 15 16 14 16 7 1 15 5 0 5 5 3 0 16 8 5 1 4 10 14 2 1 7 5 5 0 5 14 5
split_gain=10.1051 32.091 45.8027 33.3426 38.9004 53.9523 52.6233 72.4372 121.241 105.856 81.3612 67.3809 44.2039 39.6062 38.7278 42.2236 41.2169 105.363 40.8 38.5528 132.294 36.7951 35.4337 69.7792 57.2575 33.3891 43.491 32.809 30.9175 33.6819
threshold=0.067876499146223082 0.21231308579444888 0.17704435437917712 0.23252400010824206 0.020864207297563556 0.81900429725646984 9.6396340416788579e-05 0.0028090553823858504 0.7570268213748933 341.58422851562506 0.36845214664936071 0.96036258339881908 0.49500000000000005 278.32414245605474 0.076891168951988234 0.75640788674354564 0.60100281238555919 5.3780389205397376e-06 0.84380698204040538 0.65175515413284313 0.012841152492910625 0.0019546222009816506 7.7185776552398354e-05 0.58247444033622753 0.40354140102863317 0.44732086360454565 77.783840179443374 0.1542351916432381 0.042036782950162895 0.44732086360454565
decision_type=2 2 2 2 2 2 2 2 2 2 2 2 2 2 2 2 2 2 2 2 2 2 2 2 2 2 2 2 2 2
left_child=-1 3 -3 4 6 14 19 9 -9 12 -11 -12 21 -7 15 28 18 -18 27 22 -21 25 -2 24 -24 -8 -27 -16 -6 -30
right_child=1 2 -4 -5 5 13 7 8 -10 10 11 -13 -14 -15 16 -17 17 -19 -20 20 -22 -23 23 -25 -26 26 -28 -29 29 -31
leaf_value=-4.0998210820797512e-07 0.0055190588784989709 -0.021319415989518167 -0.18430893383920194 -0.01449514386011164 0.061076627383309025 0.048196564350898072 -0.011004369919946777 0.011226466354370739 0.28187303356826304 -0.029113635079612812 -0.16973978315462482 0.022573384200222792 0.077708329003432705 0.18779875727991263 -0.01768908366083171 -0.023145024022172899 -0.15194201738135343 0.0954113607796339 0.017657110774135534 -0.0041223526952693058 -0.2542700665295124 0.030672560534807609 0.024178671590512457 -0.085257077805938275 0.15073033570079133 0.0024953633891763513 -0.1125324153141784 -0.14104934754195039 0.032563853153756768 -0.078045287047113693
leaf_weight=83571720 7361 125 20 941 372 63 431 96 20 156 106 22 58 30 107 109 51 26 704 137 25 152 81 31 64 54 84 27 129 35
leaf_count=83571720 7361 125 20 941 372 63 431 96 20 156 106 22 58 30 107 109 51 26 704 137 25 152 81 31 64 54 84 27 129 35
internal_value=0 0.00294913 -0.0438007 0.00354002 0.00515156 0.0192368 0.00252902 -0.0171449 0.0578897 -0.0253331 -0.0775969 -0.136686 -0.00627926 0.0932295 0.0148257 0.033592 0.00159693 -0.0684201 0.00803048 0.00554183 -0.0427254 -0.0130355 0.00657928 0.0509218 0.080036 -0.0247115 -0.0675215 -0.0425453 0.04513 0.00895824
internal_weight=0 11617 145 11472 10531 1653 8878 1179 116 1063 284 128 779 93 1560 645 915 77 838 7699 162 721 7537 176 145 569 138 134 536 164
internal_count=83583337 11617 145 11472 10531 1653 8878 1179 116 1063 284 128 779 93 1560 645 915 77 838 7699 162 721 7537 176 145 569 138 134 536 164
is_linear=0
shrinkage=0.1


Tree=91
num_leaves=31
num_cat=0
split_feature=17 16 2 4 4 3 8 0 5 4 0 3 0 4 8 0 5 5 17 3 1 16 5 0 16 8 14 3 8 14
split_gain=10.4552 54.0776 26.8914 30.2836 29.8239 26.4749 21.869 19.6403 30.6378 26.8582 27.379 27.6724 24.458 25.0076 18.8544 47.1952 19.4526 18.101 18.0251 28.493 27.2734 79.4663 77.2991 48.4196 39.28 83.549 71.8785 59.5368 39.1762 30.2825
threshold=0.96838635206222545 0.012943081557750704 0.00051216370840235007 2.8480045795440678 2.4501844644546513 0.025000000000000005 0.99960151314735424 574.79336547851574 0.85133957862854015 4.1249356269836435 99.652553558349624 1.0000000180025095e-35 176.37532043457034 1.7488110065460207 0.99960151314735424 97.977649688720717 0.9786944091320039 0.96036258339881908 0.14178745821118358 0.39500000000000007 0.00033478281122850006 0.013211067765951158 0.4201799631118775 120.56685256958009 0.19623156636953357 0.055271193385124213 0.36829271912574774 1.0000000180025095e-35 0.43384613096714025 0.011799694038927557
decision_type=2 2 2 2 2 2 2 2 2 2 2 2 2 2 2 2 2 2 2 2 2 2 2 2 2 2 2 2 2 2
left_child=6 2 3 4 14 -5 18 9 -9 12 -11 -12 13 -8 15 -2 -16 -17 -1 20 24 22 -22 -24 -20 26 27 -26 -27 -23
right_child=1 -3 -4 5 -6 -7 7 8 -10 10 11 -13 -14 -15 16 17 -18 -19 19 -21 21 29 23 -25 25 28 -28 -29 -30 -31
leaf_value=-4.7131146498439524e-07 -0.10521911211115749 0.15104509868792126 -0.085823137430555155 0.0053279207185126069 -0.1135681506432593 -0.05418445915903574 -0.03403163044839292 -0.0043913810735657106 0.16267210011896882 -0.063720561417156013 -0.005735836031080104 0.1145174308933995 -0.027109738448634749 0.053835542275785256 -0.01872010259970051 -0.023338479402254485 0.05699260973682007 0.079663512347774079 0.0070840478367148497 0.060478478094769854 -0.015640983916819097 0.082719269807677021 -0.01472271493325631 -0.16624674153264982 0.023687546699192753 0.049889903219708175 -0.14839824963663076 -0.10721155516803266 -0.022398320598119956 0.00098501718085673121
leaf_weight=83572269 76 21 46 969 40 81 37 21 23 72 147 22 60 260 138 76 45 22 7789 90 221 74 30 71 89 147 74 57 153 117
leaf_count=83572269 76 21 46 969 40 81 37 21 23 72 147 22 60 260 138 76 45 22 7789 90 221 74 30 71 89 147 74 57 153 117
internal_value=0 -0.00830998 -0.0105514 -0.00815853 -0.0316857 0.000736966 1.50013e-07 0.0184565 0.0829373 0.0137121 -0.0120816 0.00991844 0.0311246 0.0428891 -0.0225112 -0.0460792 -0.000102223 -0.000215583 8.247e-09 0.00449707 0.00392596 -0.018451 -0.0487635 -0.12124 0.00530752 -0.0213028 -0.0681106 -0.0274169 0.0130229 0.0326517
internal_weight=0 1514 1493 1447 397 1050 8.35818e+07 642 44 598 241 169 357 297 357 174 183 98 8.35812e+07 8912 8822 513 322 101 8309 520 220 146 300 191
internal_count=83583337 1514 1493 1447 397 1050 83581823 642 44 598 241 169 357 297 357 174 183 98 83581181 8912 8822 513 322 101 8309 520 220 146 300 191
is_linear=0
shrinkage=0.1


Tree=92
num_leaves=31
num_cat=0
split_feature=19 16 16 5 5 16 0 4 1 3 0 4 5 3 0 4 0 0 0 5 0 0 1 1 1 0 2 1 4 4
split_gain=9.61278 24.566 19.0324 17.4604 49.4317 39.6093 41.9086 48.2154 105.723 38.4523 32.2738 28.8628 35.6892 31.0856 26.4668 24.8113 18.616 16.3652 15.9425 30.4866 26.8476 14.6588 53.6717 33.2212 12.6767 23.4071 11.1285 55.5209 89.4159 91.6114
threshold=0.89998707175254833 0.072299193590879454 0.17296927422285083 0.85133957862854015 0.016068628989160064 0.0085522318258881586 174.16823577880862 4.1249356269836435 0.022602373240295955 0.94000000000000006 178.52332305908206 4.1249356269836435 0.96036258339881908 0.89500000000000013 170.00740814208987 3.7085624933242802 91.740459442138686 55.257242202758796 63.378980636596687 0.92165392637252819 136.87897491455081 272.94866943359381 0.0043001431718542515 0.044340174418349858 0.11901402357372727 82.309219360351577 -0.091544026879993592 0.022602373240295955 1.5418980121612551 3.7085624933242802
decision_type=2 2 2 2 2 2 2 2 2 2 2 2 2 2 2 2 2 2 2 2 2 2 2 2 2 2 2 2 2 2
left_child=26 3 -3 4 5 6 9 8 -8 15 -7 -5 18 17 -6 16 -2 -14 19 -13 -20 22 -9 -23 -11 -26 -1 -28 -29 -30
right_child=1 2 -4 11 14 10 7 21 -10 24 -12 12 13 -15 -16 -17 -18 -19 20 -21 -22 23 -24 -25 25 -27 27 28 29 -31
leaf_value=0.0028734647894393408 0.033893707796931266 0.068508792090637982 -0.011606111327329508 0.05618258262703936 -0.017636778004663557 -0.014106750360224397 0.066589823290705688 0.030760944216716581 -0.22595921811603367 0.042982152636241486 -0.15505169968713414 0.043388667880956619 -0.035065703306879317 -0.0029064706961313882 -0.12129927954503468 -0.069968059175808769 -0.080260485596954825 -0.14559145614102081 0.12673231175652258 -0.090584522748196672 0.013181193608913448 0.069100490580131485 0.23057706931373106 -0.056478268910070954 0.052441576123237611 -0.098719926533244906 2.621735723222771e-07 0.0054337992854943161 -0.039402723964724537 -0.0011668088014984877
leaf_weight=13477 50 69 52 83 38 32 30 41 21 83 33 35 21 60 70 162 20 37 27 33 91 77 20 29 20 21 83564161 1874 1487 1083
leaf_count=13477 50 69 52 83 38 32 30 41 21 83 33 35 21 60 70 162 20 37 27 33 91 77 20 29 20 21 83564161 1874 1487 1083
internal_value=0 -0.00875184 0.0340792 -0.013322 -0.0222533 -0.0116777 -0.00329958 0.0312301 -0.0538715 -0.0244442 -0.0856634 0.00391751 -0.0103522 -0.0533699 -0.0848254 -0.0484713 0.00127822 -0.105574 0.0169386 -0.0216277 0.0391632 0.0572192 0.0962744 0.034744 0.0205099 -0.0249826 1.31146e-07 -3.32233e-07 -0.0111774 -0.0232901
internal_weight=0 1255 121 1134 747 639 574 218 51 356 65 387 304 118 108 232 70 58 186 68 118 167 61 106 124 41 8.35821e+07 8.35686e+07 4444 2570
internal_count=83583337 1255 121 1134 747 639 574 218 51 356 65 387 304 118 108 232 70 58 186 68 118 167 61 106 124 41 83582082 83568605 4444 2570
is_linear=0
shrinkage=0.1


Tree=93
num_leaves=31
num_cat=0
split_feature=11 5 4 21 3 1 0 18 16 1 0 8 2 1 1 1 1 15 1 1 4 3 15 15 16 0 3 1 1 8
split_gain=9.51448 20.9703 16.5144 28.7908 11.426 11.5087 12.0982 10.428 49.7636 15.8345 13.73 9.54997 47.2343 38.8113 68.6153 64.0454 58.5257 79.1675 58.4139 54.001 52.2055 46.2586 42.3767 42.1282 38.6259 56.7213 36.8085 73.9346 88.8191 46.3132
threshold=0.84532287716865551 0.96036258339881908 1.8814939856529238 0.87404608726501476 0.03500000000000001 1.6072558700752913e-06 25.978916168212894 0.98144572973251354 0.0046723636332899341 5.8549226438813595e-06 113.28796768188478 0.0061659244820475587 0.054952037852632106 7.4796569128890383e-06 7.4178715424726209e-05 6.6438478724296942e-05 1.0000000180025095e-35 0.41736663877964025 6.7709943860100644e-05 1.7716112498350033e-06 2.4501844644546513 1.0000000180025095e-35 0.70237958431243908 0.0023978137178346519 0.45101687312126165 148.25789642333987 0.025000000000000005 5.9154542463192372e-06 5.7752248042506218e-06 0.33058635890483862
decision_type=2 2 2 2 2 2 2 2 2 2 2 2 2 2 2 2 2 2 2 2 2 2 2 2 2 2 2 2 2 2
left_child=7 2 4 -4 5 -2 -7 11 9 10 -9 -1 13 16 15 -15 17 24 20 -18 -17 -22 -19 26 -13 -26 -21 28 -28 -30
right_child=1 -3 3 -5 -6 6 -8 8 -10 -11 -12 12 -14 14 -16 18 19 22 -20 23 21 -23 -24 -25 25 -27 27 -29 29 -31
leaf_value=8.3500864831195088e-07 -0.0053836066545505587 0.066593210889798846 -0.012689582436525432 0.064017669240944083 -0.031860994301736355 -0.026944801004895248 0.01277774466901428 -0.042765183732844894 -0.13932179108622575 -0.040771484569025539 0.052711532364187186 -0.0045178377190203704 0.068987744503844803 -0.01564549446996992 -0.0014439804340325138 -0.012643452174961567 0.079245633425029077 0.2185688230364273 -0.03376368725702588 0.0076171967550021829 -0.28154409265518193 -0.11379229074033599 0.032537549173459412 -0.062136124544776974 -0.028424489887006452 0.10113243494766305 0.03982846108546665 -0.020719955296122604 0.060272645875811583 0.2491473479850872
leaf_weight=83557482 933 41 2288 50 100 83 1006 20 31 54 61 9744 93 2225 5093 29 115 24 208 2974 25 48 25 80 57 83 182 126 20 37
leaf_count=83557482 933 41 2288 50 100 83 1006 20 31 54 61 9744 93 2225 5093 29 115 24 208 2974 25 48 25 80 57 83 182 126 20 37
internal_value=0 -0.00459755 -0.00525199 -0.0110491 0.00113524 0.00276711 0.00975022 2.46952e-07 -0.0250635 0.00117363 0.029137 2.96732e-07 -0.00212246 -0.00243596 -0.00813523 -0.0215784 0.000792229 -0.00313993 -0.0641617 0.0118443 -0.12615 -0.171242 0.123655 0.00957725 -0.00376852 0.0483843 0.0112955 0.0412657 0.0739443 0.182876
internal_weight=0 4501 4460 2338 2122 2022 1089 8.35788e+07 166 135 81 8.35787e+07 21188 21095 7628 2535 13467 9933 310 3534 102 73 49 3419 9884 140 3339 365 239 57
internal_count=83583337 4501 4460 2338 2122 2022 1089 83578836 166 135 81 83578670 21188 21095 7628 2535 13467 9933 310 3534 102 73 49 3419 9884 140 3339 365 239 57
is_linear=0
shrinkage=0.1


Tree=94
num_leaves=31
num_cat=0
split_feature=0 3 1 3 2 10 4 2 4 4 3 4 14 6 10 14 1 10 3 2 10 0 7 4 2 5 1 0 3 3
split_gain=9.33767 21.9609 21.1112 19.3166 17.3642 17.4164 22.2669 15.1232 12.4902 26.7158 24.9303 13.3768 13.3213 12.2855 11.2304 11.0096 10.8729 29.8689 47.237 131.427 69.7875 52.2337 28.1324 52.3985 51.922 49.0702 34.8912 34.3669 29.2078 27.908
threshold=8.5479960441589373 0.34500000000000003 0.01378040526756105 0.36500000000000005 0.0035880495546998501 0.0031493547139689331 0.4175689965486527 -0.052627014122101495 -0.035985499620437615 -0.021443500183522698 0.045000000000000005 -0.17026299983263013 0.70054575800895702 1.0000000180025095e-35 0.0065662080887705096 0.38899835944175726 0.00011982301456490002 0.96339926123619091 0.81500000000000006 -0.13942908818419067 0.99999997019767772 262.83767700195318 0.46403479576110845 4.1249356269836435 -0.036123473714955744 0.85133957862854015 0.00090689006976195005 66.139999389648452 0.03500000000000001 0.31500000000000006
decision_type=2 2 2 2 2 2 2 2 2 2 2 2 2 2 2 2 2 2 2 2 2 2 2 2 2 2 2 2 2 2
left_child=1 2 4 14 8 -6 -7 -5 11 10 12 -1 15 -11 -3 -10 -2 22 19 21 -20 -19 -18 -24 26 29 -25 28 -27 -26
right_child=16 3 -4 7 5 6 -8 -9 9 13 -12 -13 -14 -15 -16 -17 17 18 20 -21 -22 -23 23 24 25 27 -28 -29 -30 -31
leaf_value=-0.0003712433935449572 7.6581583741985231e-06 0.039738358060518904 -0.079070947012480575 0.044789808281799702 0.0046397724610178822 0.066104252003462968 0.012374758182875353 0.004658993896338749 -0.0069011276385334362 -0.00034283589757416679 0.051581324628126382 0.0018089774731783427 0.026465207817299025 0.059769494116635007 0.12793510258197785 -0.048232185969559048 -0.00026731295663006918 -0.074272797920651015 0.01322196547715169 -0.0050834239442895937 0.22862766147369432 -0.27077632049719491 0.057814099582046578 0.10427016542973713 -0.020010979768415232 -0.072333544274858594 0.0025629871195026986 -0.084022001824294687 0.023388373101683888 0.02724792917659466
leaf_weight=56111 81541528 42 34 116 1390 113 243 493 7609 1191259 74 56457 119 34 22 65 713876 31 53 12001 21 24 97 52 904 56 96 198 74 145
leaf_count=56111 81541528 42 34 116 1390 113 243 493 7609 1191259 74 56457 119 34 22 65 713876 31 53 12001 21 24 97 52 904 56 96 198 74 145
internal_value=0 -0.000264455 -0.000273708 0.0177951 -0.000271668 0.00969423 0.0294293 0.012303 -0.000284933 -0.000379477 -0.0061878 0.000722218 -0.00673635 -0.00034112 0.070056 -0.00725121 4.224e-06 -0.000380624 -0.00530134 -0.00579025 0.0743506 -0.16002 -0.000297202 -0.013452 -0.017985 -0.0240343 0.0382979 -0.0577936 -0.0178457 -0.0134785
internal_weight=0 1.31418e+06 1.31351e+06 673 1.31347e+06 1746 356 609 1.31173e+06 1.19916e+06 7867 112568 7793 1.19129e+06 64 7674 8.22692e+07 727628 12130 12056 74 55 715498 1622 1525 1377 148 328 130 1049
internal_count=83583337 1314181 1313508 673 1313474 1746 356 609 1311728 1199160 7867 112568 7793 1191293 64 7674 82269156 727628 12130 12056 74 55 715498 1622 1525 1377 148 328 130 1049
is_linear=0
shrinkage=0.1


Tree=95
num_leaves=31
num_cat=0
split_feature=10 5 8 4 3 7 7 8 4 2 4 15 21 0 4 4 0 21 3 0 0 16 14 17 21 6 3 4 21 19
split_gain=9.22264 37.1757 47.6815 71.9681 42.7522 46.34 42.5968 37.3197 37.122 33.4799 33.2784 60.3567 51.575 58.6047 49.4485 95.595 80.4958 105.928 73.5481 109.161 60.7177 53.8381 67.2146 47.5067 49.1785 47.4915 45.3175 56.3394 59.1156 40.1538
threshold=0.096819192171096816 0.096841994673013701 0.69257628917694103 2.8480045795440678 1.0000000180025095e-35 0.39926876127719885 0.58247444033622753 0.57906788587570202 4.1249356269836435 -1.0000000180025095e-35 1.8124960064888003 0.0072847213596105584 0.8985155224800111 574.79336547851574 4.1249356269836435 2.4501844644546513 46.26843452453614 0.99929577112197887 0.85500000000000009 146.3494567871094 331.49334716796881 0.025823971256613735 0.047723267227411277 0.14178745821118358 0.91604706645011913 1.0000000180025095e-35 1.0000000180025095e-35 3.2962214946746831 0.97972792387008678 1.0000000180025095e-35
decision_type=2 2 2 2 2 2 2 2 2 2 2 2 2 2 2 2 2 2 2 2 2 2 2 2 2 2 2 2 2 2
left_child=10 -2 4 -4 7 -6 -7 -3 -5 -10 -1 12 25 14 15 18 -17 26 21 -20 -19 -14 -23 24 -16 -12 27 -18 -29 -13
right_child=1 2 3 8 5 6 -8 -9 9 -11 11 29 13 -15 23 16 17 20 19 -21 -22 22 -24 -25 -26 -27 -28 28 -30 -31
leaf_value=2.4988654076432676e-06 0.00031428052358248304 0.034295321946804867 0.064350722528373205 -0.10217930993613077 0.019644816065556372 -0.15473115034401419 -0.010562396245567422 0.11028980919963693 -0.10692256681088891 0.020769046164758796 -0.00038295980142468198 -0.0039265060989118914 0.0051553118810109787 0.038230137460083628 -0.09192355461418629 0.02821630047990676 -0.023724648768180298 -0.13237996305965011 0.0091096291667781774 -0.26125861547355139 -0.32952689755530584 -0.01031317622942287 -0.21398716309609322 -0.10130864211668572 0.049365883169286862 -0.13062129659312113 -0.020701741940725996 -0.18949204105628681 -0.042749416421760215 -0.054741845582014864
leaf_weight=82135204 777958 563 72 85 304 32 57 73 28 77 618104 48729 768 174 28 81 76 61 32 28 21 43 26 30 205 28 177 73 44 156
leaf_count=82135204 777958 563 72 85 304 32 57 73 28 77 618104 48729 768 174 28 81 76 61 32 28 21 43 26 30 205 28 177 73 44 156
internal_value=0 0.000342417 0.0172977 -0.0207886 0.0269951 0.00106507 -0.0623984 0.043018 -0.0530519 -0.0132821 -3.22206e-06 -0.000705719 -0.000438984 -0.0170346 -0.0227145 -0.0300437 -0.0635852 -0.0800363 -0.0101133 -0.117062 -0.182869 -0.00244666 -0.0870599 0.0171365 0.0323869 -0.000388859 -0.0572464 -0.0907615 -0.134307 -0.00408867
internal_weight=0 779249 1291 262 1029 393 89 636 190 105 8.28041e+07 668884 619999 1867 1693 1430 533 452 897 60 82 837 69 263 233 618132 370 193 117 48885
internal_count=83583337 779249 1291 262 1029 393 89 636 190 105 82804088 668884 619999 1867 1693 1430 533 452 897 60 82 837 69 263 233 618132 370 193 117 48885
is_linear=0
shrinkage=0.1


Tree=96
num_leaves=31
num_cat=0
split_feature=4 8 4 13 9 4 0 4 4 16 5 8 3 2 16 16 3 4 4 0 16 2 20 4 8 15 4 1 1 0
split_gain=8.91205 33.2052 39.6504 23.9322 36.1438 99.589 41.8934 31.8214 26.0886 25.7488 21.2161 21.2871 20.7197 55.0983 23.3537 21.99 19.7758 27.3824 25.643 56.1689 20.7196 18.8845 19.3094 18.757 20.5671 18.3309 103.459 155.064 532.775 112.233
threshold=-0.10570450127124785 0.79319390654563915 -0.27839849889278406 0.0099189027678221482 0.58468642830848705 -0.25999750196933741 74.827587127685561 -0.4518159925937652 -0.39722549915313715 0.037015952169895179 1.0000000180025095e-35 0.0061659244820475587 0.45500000000000007 -0.0035617425186984996 0.048458436504006393 0.00092466932255774747 0.115 -0.5022904872894286 -0.53503999114036549 170.00740814208987 0.31638233363628393 -0.091544026879993592 0.014903998468071224 -0.43182900547981257 0.33058635890483862 0.21747402101755145 -0.12282750010490416 5.7752248042506218e-06 6.0782147360469059e-06 162.00202178955081
decision_type=2 2 2 2 2 2 2 2 2 2 2 2 2 2 2 2 2 2 2 2 2 2 2 2 2 2 2 2 2 2
left_child=1 3 -3 4 10 8 -7 -5 -6 -10 11 12 16 15 -15 -14 21 18 -18 -20 -19 -1 25 -12 -25 -23 -27 -28 29 -29
right_child=-2 2 -4 7 5 6 -8 -9 9 -11 23 -13 13 14 -16 -17 17 20 19 -21 -22 22 -24 24 -26 26 27 28 -30 -31
leaf_value=-0.03148137442069962 9.1393557754813327e-06 0.0041100815692473027 -0.13500557246617972 0.048434027333167345 0.07904946407303215 0.078276118716678111 0.2458467036485672 -0.046955034020523943 -0.10460977283257403 0.023111039082761166 -0.055616583395749333 -0.029532628141056578 -0.027819427733237929 0.00071056633535772568 -0.054112093903266059 -0.14333716039856276 0.015010409232532114 0.0023480417276171297 -0.0062008900967027462 0.1304429121157871 0.033740147717312097 -0.00011428209344646237 0.095771098101422911 0.027319354014876097 0.11584944709423273 -0.0014002720321494005 -0.0076181598341232603 -0.27406487244146843 -0.01947850587258812 -0.58230505301838831
leaf_weight=192 77511574 42 40 42 20 37 25 209 38 27 20 246 26 500 92 45 424 6761 56 65 217 6057437 21 115 34 4534 319 27 131 21
leaf_count=192 77511574 42 40 42 20 37 25 209 38 27 20 246 26 500 92 45 424 6761 56 65 217 6057437 21 115 34 4534 319 27 131 21
internal_value=0 -0.000116669 -0.0637512 -0.000115809 -0.000114533 0.0494707 0.145845 -0.0309935 -0.0208257 -0.0515565 -0.000115733 -0.00011672 -0.000115528 -0.0177926 -0.00780917 -0.101035 -0.000113597 0.00501033 0.0265981 0.0672028 0.00332427 -0.000119955 -0.000118962 0.0353152 0.0475209 -0.000119294 -0.0061524 -0.0494177 -0.12391 -0.40892
internal_weight=0 6.07176e+06 82 6.07168e+06 6.07143e+06 147 62 251 85 65 6.07128e+06 6.07111e+06 6.07087e+06 663 592 71 6.0702e+06 7523 545 121 6978 6.06268e+06 6.06249e+06 169 149 6.06247e+06 5032 498 179 48
internal_count=83583337 6071763 82 6071681 6071430 147 62 251 85 65 6071283 6071114 6070868 663 592 71 6070205 7523 545 121 6978 6062682 6062490 169 149 6062469 5032 498 179 48
is_linear=0
shrinkage=0.1


Tree=97
num_leaves=31
num_cat=0
split_feature=18 14 10 3 10 18 21 2 2 16 4 0 11 6 4 4 16 4 4 16 15 1 2 0 15 1 0 2 4 16
split_gain=8.60301 24.829 22.6666 27.0442 27.5656 55.5393 21.506 21.4162 136.835 56.4271 33.1548 25.5908 16.6782 12.2726 13.5878 37.1275 26.422 13.968 40.1417 29.1767 26.4728 16.0143 26.485 15.2304 14.1108 14.0077 12.0281 11.0804 10.3051 34.645
threshold=1.0000000180025095e-35 0.77808567881584179 0.29318143427371984 0.15500000000000003 0.12495131790637971 0.42527222633361822 0.42679138481616979 0.00032320762652110008 0.00067354162623380011 0.0046723636332899341 3.2962214946746831 398.92150878906256 1.0000000180025095e-35 1.0000000180025095e-35 0.86227852106094371 0.93508899211883556 0.17296927422285083 1.7488110065460207 1.6071889996528628 0.011060927063226702 0.051141018047928817 6.9606796310854669e-05 -0.00093746616294644992 304.04266357421881 0.081090800464153304 5.7752248042506218e-06 42.35730171203614 0.010816975177258553 2.8480045795440678 0.029019912704825405
decision_type=2 2 2 2 2 2 2 2 2 2 2 2 2 2 2 2 2 2 2 2 2 2 2 2 2 2 2 2 2 2
left_child=-1 2 3 4 7 -6 27 12 9 -9 -10 -12 13 14 -2 -16 17 18 19 23 -20 24 -23 26 25 28 -17 -4 29 -19
right_child=1 -3 6 -5 5 -7 -8 8 10 -11 11 -13 -14 -15 15 16 -18 21 20 -21 -22 22 -24 -25 -26 -27 -28 -29 -30 -31
leaf_value=1.7538557842653235e-07 0.021250378490346944 -0.10928017589385096 0.0065865655460234998 -0.11962450370192529 -0.0053079269294227871 -0.20144257250834596 0.11693243730813266 -0.097386968194893231 0.021113258608362093 -0.30226810423657302 -0.0033127396677931154 -0.1123684594455438 -0.077560440464211372 -0.065306223210479533 -0.096564713520247758 0.0056862093913166425 0.089850967586971822 0.026181540055466551 -0.0042781379818916318 0.072265602195901543 -0.14707584239894878 0.011752560383428147 0.12017317010924733 0.054829069523310119 0.050106528606645918 -0.032510637744662924 -0.058201651381919295 0.07279588230713098 -0.012307329259773481 -0.074419881647022873
leaf_weight=83580830 284 23 396 22 42 22 20 41 212 20 48 39 28 28 41 46 32 280 20 42 37 101 29 22 49 151 82 27 284 39
leaf_count=83580830 284 23 396 22 42 22 20 41 212 20 48 39 28 28 41 46 32 280 20 42 37 101 29 22 49 151 82 27 284 39
internal_value=0 -0.00585789 -0.00490028 -0.00935067 -0.00814907 -0.0727292 0.0156037 -0.00603494 -0.0280656 -0.164561 -0.000218631 -0.0521998 -0.00106251 0.000304394 0.00149809 -0.00297175 0.000189131 -0.00223826 -0.0232809 -0.00140404 -0.0969714 0.00337762 0.0359387 -0.0220315 -0.00189379 -0.00527312 -0.035242 0.0108127 0.00154755 0.0138823
internal_weight=0 2507 2484 2041 2019 64 443 1955 360 61 299 87 1595 1567 1539 1255 1214 1182 249 192 57 933 130 150 803 754 128 423 603 319
internal_count=83583337 2507 2484 2041 2019 64 443 1955 360 61 299 87 1595 1567 1539 1255 1214 1182 249 192 57 933 130 150 803 754 128 423 603 319
is_linear=0
shrinkage=0.1


Tree=98
num_leaves=31
num_cat=0
split_feature=1 5 0 2 4 2 2 2 2 1 21 16 2 4 21 10 0 14 10 10 14 5 4 0 20 4 4 17 17 16
split_gain=8.56032 40.5357 48.1354 70.8293 94.167 111.252 50.0664 38.2846 96.1912 49.803 37.6423 53.027 58.6772 40.4072 98.4539 135.211 51.1761 57.3504 76.0323 43.6081 38.8087 35.0234 49.5629 54.7921 55.686 37.4376 102.647 49.7036 35.592 39.7223
threshold=1.2685988943616566e-06 0.9786944091320039 115.13599014282228 -0.13942908818419067 3.7085624933242802 0.0029345257871435004 0.00018404332784415002 -0.0039225006212979989 -0.0027373459168236495 5.4806743625438607e-05 0.14758133888244632 0.052753731608390815 -0.0013167810384276497 4.1249356269836435 0.95119279623031627 0.89344057440757763 180.67292785644534 0.11385568231344224 0.58452948927879345 0.03655334189534188 0.3614508211612702 0.96036258339881908 4.1249356269836435 436.31643676757818 0.94824603199958812 0.49726849794387823 1.6071889996528628 0.9971309006214143 0.96838635206222545 0.0034461959730833773
decision_type=2 2 2 2 2 2 2 2 2 2 2 2 2 2 2 2 2 2 2 2 2 2 2 2 2 2 2 2 2 2
left_child=10 -2 -3 -4 5 -5 7 -6 -9 -10 21 12 -12 -13 15 16 -15 19 20 -18 -19 -1 25 28 -25 27 -27 -23 29 -24
right_child=1 2 3 4 6 -7 -8 8 9 -11 11 13 -14 14 -16 -17 17 18 -20 -21 -22 22 23 24 -26 26 -28 -29 -30 -31
leaf_value=1.6096399285926567e-05 -7.5488027963175903e-05 -0.0023396307382678055 -0.10708260216539907 -0.066205522448796295 0.042473025978658319 0.13523305333736871 -0.035038204460933406 0.29718666261434556 0.12441390354069881 0.015804108906359898 0.16573577920595806 -0.0080890171050788939 -0.0014628883368799314 -0.0053350134738813469 0.074524551896112304 -0.25606869062216114 -0.13478793369399175 -0.11621231449767949 -0.26706144313017527 -0.015045471916127266 0.036566805839538578 -0.073531266902276168 -0.036351157192445964 -0.15138974904791636 0.031976495183665646 0.23069941569929539 0.011697730033464923 0.072485908421297235 0.056052935675208304 0.059196778442314336
leaf_weight=70333088 13198357 529 31 115 121 36 37 25 128 63 21 6567 42238 302 77 29 36 60 27 196 23 94 586 67 22 23 308 31 53 47
leaf_count=70333088 13198357 529 31 115 121 36 37 25 128 63 21 6567 42238 302 77 29 36 60 27 196 23 94 586 67 22 23 308 31 53 47
internal_value=0 -7.38991e-05 0.0192541 0.0397991 0.0484722 -0.0181804 0.0753827 0.0875061 0.112733 0.0885897 1.38596e-05 -0.00274068 -0.0013798 -0.0106004 -0.0325899 -0.0448452 -0.0353336 -0.0618235 -0.121294 -0.0336262 -0.0738759 1.58012e-05 -0.0168515 -0.032243 -0.106063 0.00930726 0.0269154 -0.037319 -0.0226658 -0.0292568
internal_weight=0 1.31994e+07 1085 556 525 151 374 337 216 191 7.03839e+07 49576 42259 7317 750 673 644 342 110 232 83 7.03343e+07 1231 775 89 456 331 125 686 633
internal_count=83583337 13199442 1085 556 525 151 374 337 216 191 70383895 49576 42259 7317 750 673 644 342 110 232 83 70334319 1231 775 89 456 331 125 686 633
is_linear=0
shrinkage=0.1


Tree=99
num_leaves=31
num_cat=0
split_feature=2 3 16 2 0 4 4 10 0 9 4 2 4 3 5 10 17 2 16 1 2 8 8 4 1 0 19 0 4 16
split_gain=8.81228 91.5515 62.4666 68.1821 63.7736 122.732 162.671 61.5095 72.709 55.359 54.1802 52.7201 58.7435 39.7825 66.715 60.1698 48.3247 71.5752 42.6064 44.3256 97.8275 58.0071 40.0779 38.9177 88.7915 35.5344 31.1475 30.7519 60.8273 67.9052
threshold=0.0011122085627065003 0.33500000000000008 0.078183677047491087 0.0033990743939037505 322.32025146484381 1.2631145119667055 1.2175465226173403 0.62916874885559093 67.56891250610353 0.58468642830848705 0.38132849335670477 0.031368682982399108 0.30158099532127386 1.0000000180025095e-35 0.7570268213748933 1.0000000180025095e-35 0.72136837244033825 0.0017426823442577503 0.0057386173866689214 6.4238163683443824e-05 0.0018753829090143502 0.75640788674354564 1.0000000180025095e-35 0.061192499473690994 0.0054297211299867507 278.32414245605474 0.0062342362944036731 245.00501251220706 4.1249356269836435 0.11886265873908998
decision_type=2 2 2 2 2 2 2 2 2 2 2 2 2 2 2 2 2 2 2 2 2 2 2 2 2 2 2 2 2 2
left_child=-1 9 3 -3 7 6 10 -5 -9 13 11 12 -6 14 15 16 27 -18 19 20 -16 -21 -17 24 -4 -20 -15 -2 -29 -30
right_child=1 2 23 4 5 -7 -8 8 -10 -11 -12 -13 -14 26 18 22 17 -19 25 21 -22 -23 -24 -25 -26 -27 -28 28 29 -31
leaf_value=-2.3666922534420261e-06 0.0017489633061023562 -2.7977969057246811e-05 -0.044445894189178943 -0.015673486549198066 -0.061456261514811907 0.015094426304342285 -0.32213635288977199 -0.17208361054008658 0.0174984939803835 0.14937959446758031 -0.039332914922525671 -0.26813352420926095 -0.22129556731931094 -0.00071172880204905945 -0.081362135636229682 0.0044304886887668168 -0.18927594892906421 -0.010215360831563781 -0.067992525370638879 -0.18897318215668202 0.16258041973624912 -0.026302707084360416 0.078079491466082437 0.0063328025813551778 0.210728085488081 -0.22159108096268032 0.058798070431856267 -0.00072463473982385196 0.024567174421957671 0.15843419852581891
leaf_weight=83141574 125396 1024 25 1388 111 155 28 55 32 25 214 20 29 161360 31 48604 33 69 61 25 35 178 74 526 30 20 88 101810 273 44
leaf_count=83141574 125396 1024 25 1388 111 155 28 55 32 25 214 20 29 161360 31 48604 33 69 61 25 35 178 74 526 30 20 88 101810 273 44
internal_value=0 0.00044545 -0.0153549 -0.0210692 -0.0316726 -0.0605015 -0.0896491 -0.0207861 -0.102352 0.000576613 -0.0722437 -0.116262 -0.0945658 0.000568121 0.00129608 0.00135135 0.000668929 -0.0681467 -0.0423357 -0.02319 0.0480013 -0.046336 0.00454245 0.0147018 0.0947399 -0.105918 -0.000679292 0.000699779 -0.000588455 0.0431481
internal_weight=0 441763 3637 3056 2032 557 402 1475 87 438126 374 160 140 438101 276653 276303 227625 102 350 269 66 203 48678 581 55 81 161448 227523 102127 317
internal_count=83583337 441763 3637 3056 2032 557 402 1475 87 438126 374 160 140 438101 276653 276303 227625 102 350 269 66 203 48678 581 55 81 161448 227523 102127 317
is_linear=0
shrinkage=0.1


end of trees

feature_importances:
feature.vep@features.cadd_raw.max=401
feature.expected_expr@expression_dispersion=365
feature.splice_ensemble@MMSplice_SpliceMap_Psi_ref=250
feature.vep@features.NMD_transcript_variant.proportion=249
feature.splice_ensemble@AbSplice=238
feature.vep@features.LoF_HC.proportion=201
feature.splice_ensemble@SpliceAI=198
feature.vep@features.3_prime_UTR_variant.proportion=135
feature.vep@features.5_prime_UTR_variant.proportion=129
feature.vep@features.splice_region_variant.proportion=126
feature.vep@features.NMD_escaping_variant.proportion=98
feature.vep@features.frameshift_variant.proportion=93
feature.vep@features.splice_donor_variant.proportion=83
feature.vep@features.missense_variant.proportion=82
feature.vep@features.splice_acceptor_variant.proportion=82
feature.vep@features.coding_sequence_variant.proportion=66
feature.vep@features.stop_gained.proportion=65
feature.vep@features.transcript_ablation.proportion=42
feature.vep@features.start_lost.proportion=34
feature.vep@features.inframe_deletion.proportion=32
feature.vep@features.stop_lost.proportion=30
feature.vep@features.inframe_insertion.proportion=1

parameters:
[boosting: gbdt]
[objective: regression]
[metric: l2]
[tree_learner: serial]
[device_type: cpu]
[data: ]
[valid: ]
[num_iterations: 100]
[learning_rate: 0.1]
[num_leaves: 31]
[num_threads: 32]
[deterministic: 0]
[force_col_wise: 0]
[force_row_wise: 0]
[histogram_pool_size: -1]
[max_depth: -1]
[min_data_in_leaf: 20]
[min_sum_hessian_in_leaf: 0.001]
[bagging_fraction: 1]
[pos_bagging_fraction: 1]
[neg_bagging_fraction: 1]
[bagging_freq: 0]
[bagging_seed: 3]
[feature_fraction: 1]
[feature_fraction_bynode: 1]
[feature_fraction_seed: 2]
[extra_trees: 0]
[extra_seed: 6]
[early_stopping_round: 0]
[first_metric_only: 0]
[max_delta_step: 0]
[lambda_l1: 0]
[lambda_l2: 0]
[linear_lambda: 0]
[min_gain_to_split: 0]
[drop_rate: 0.1]
[max_drop: 50]
[skip_drop: 0.5]
[xgboost_dart_mode: 0]
[uniform_drop: 0]
[drop_seed: 4]
[top_rate: 0.2]
[other_rate: 0.1]
[min_data_per_group: 100]
[max_cat_threshold: 32]
[cat_l2: 10]
[cat_smooth: 10]
[max_cat_to_onehot: 4]
[top_k: 20]
[monotone_constraints: ]
[monotone_constraints_method: basic]
[monotone_penalty: 0]
[feature_contri: ]
[forcedsplits_filename: ]
[refit_decay_rate: 0.9]
[cegb_tradeoff: 1]
[cegb_penalty_split: 0]
[cegb_penalty_feature_lazy: ]
[cegb_penalty_feature_coupled: ]
[path_smooth: 0]
[interaction_constraints: ]
[verbosity: -1]
[saved_feature_importance_type: 0]
[linear_tree: 0]
[max_bin: 255]
[max_bin_by_feature: ]
[min_data_in_bin: 3]
[bin_construct_sample_cnt: 200000]
[data_random_seed: 1]
[is_enable_sparse: 1]
[enable_bundle: 1]
[use_missing: 1]
[zero_as_missing: 0]
[feature_pre_filter: 1]
[pre_partition: 0]
[two_round: 0]
[header: 0]
[label_column: ]
[weight_column: ]
[group_column: ]
[ignore_column: ]
[categorical_feature: ]
[forcedbins_filename: ]
[precise_float_parser: 0]
[objective_seed: 5]
[num_class: 1]
[is_unbalance: 0]
[scale_pos_weight: 1]
[sigmoid: 1]
[boost_from_average: 1]
[reg_sqrt: 0]
[alpha: 0.9]
[fair_c: 1]
[poisson_max_delta_step: 0.7]
[tweedie_variance_power: 1.5]
[lambdarank_truncation_level: 30]
[lambdarank_norm: 1]
[label_gain: ]
[eval_at: ]
[multi_error_top_k: 1]
[auc_mu_weights: ]
[num_machines: 1]
[local_listen_port: 12400]
[time_out: 120]
[machine_list_filename: ]
[machines: ]
[gpu_platform_id: -1]
[gpu_device_id: -1]
[gpu_use_dp: 0]
[num_gpu: 1]

end of parameters

pandas_categorical:[]
